source,retrieved_at,osm_way_id,chainage_m,longitude,latitude,x_epsg2154_m,y_epsg2154_m,elevation_measured_m,elevation_conditioned_m
live,2026-08-07T07:21:53+00:00,708124926,0.0000,6.0843045,45.1049788,942524.168,6449815.425,2092.85,2092.2386
live,2026-08-07T07:21:53+00:00,708124926,1.9063,6.0842905,45.1049648,942523.127,6449813.829,2092.80,2092.1087
live,2026-08-07T07:21:53+00:00,708124926,3.8126,6.0842765,45.1049508,942522.086,6449812.232,2092.53,2091.9856
live,2026-08-07T07:21:53+00:00,708124926,5.7189,6.0842624,45.1049368,942521.044,6449810.635,2092.29,2091.8570
live,2026-08-07T07:21:53+00:00,708124926,7.6252,6.0842484,45.1049228,942520.003,6449809.038,2092.00,2091.6133
live,2026-08-07T07:21:53+00:00,708124926,9.5314,6.0842344,45.1049088,942518.962,6449807.442,2091.70,2091.4969
live,2026-08-07T07:21:53+00:00,708124926,11.4377,6.0842204,45.1048948,942517.920,6449805.845,2091.50,2091.2780
live,2026-08-07T07:21:53+00:00,708124926,13.3440,6.0842063,45.1048808,942516.879,6449804.248,2091.20,2091.0627
live,2026-08-07T07:21:53+00:00,708124926,15.2503,6.0841923,45.1048668,942515.838,6449802.651,2091.00,2090.8380
live,2026-08-07T07:21:53+00:00,708124926,17.1566,6.0841783,45.1048528,942514.796,6449801.055,2090.70,2090.6187
live,2026-08-07T07:21:53+00:00,708124926,18.5223,6.0841667,45.1048437,942513.925,6449800.003,2090.49,2090.4087
live,2026-08-07T07:21:53+00:00,708124926,19.8880,6.0841551,45.1048345,942513.053,6449798.952,2090.30,2090.3238
live,2026-08-07T07:21:53+00:00,708124926,21.2959,6.0841411,45.1048266,942511.986,6449798.033,2090.10,2090.1269
live,2026-08-07T07:21:53+00:00,708124926,22.7038,6.0841271,45.1048187,942510.920,6449797.113,2089.90,2089.9431
live,2026-08-07T07:21:53+00:00,708124926,23.8267,6.0841139,45.1048148,942509.900,6449796.645,2089.81,2089.8624
live,2026-08-07T07:21:53+00:00,708124926,24.9495,6.0841007,45.1048110,942508.879,6449796.177,2089.62,2089.6841
live,2026-08-07T07:21:53+00:00,708124926,26.6571,6.0840790,45.1048098,942507.183,6449795.983,2089.43,2089.5241
live,2026-08-07T07:21:53+00:00,708124926,28.3647,6.0840574,45.1048087,942505.486,6449795.789,2089.24,2089.3647
live,2026-08-07T07:21:53+00:00,708124926,29.7385,6.0840399,45.1048088,942504.113,6449795.743,2089.14,2089.2235
live,2026-08-07T07:21:53+00:00,708124926,31.1123,6.0840225,45.1048088,942502.740,6449795.697,2089.05,2089.0947
live,2026-08-07T07:21:53+00:00,708124926,32.4861,6.0840050,45.1048089,942501.367,6449795.650,2088.85,2088.9706
live,2026-08-07T07:21:53+00:00,708124926,33.9432,6.0839865,45.1048096,942499.910,6449795.671,2088.76,2088.8582
live,2026-08-07T07:21:53+00:00,708124926,35.4654,6.0839676,45.1048126,942498.412,6449795.941,2088.57,2088.7518
live,2026-08-07T07:21:53+00:00,708124926,36.9876,6.0839487,45.1048155,942496.914,6449796.210,2088.47,2088.6388
live,2026-08-07T07:21:53+00:00,708124926,38.4496,6.0839319,45.1048211,942495.569,6449796.784,2088.48,2088.5306
live,2026-08-07T07:21:53+00:00,708124926,39.9116,6.0839151,45.1048268,942494.224,6449797.357,2088.29,2088.4276
live,2026-08-07T07:21:53+00:00,708124926,41.3736,6.0838983,45.1048324,942492.879,6449797.931,2088.30,2088.3235
live,2026-08-07T07:21:53+00:00,708124926,42.9227,6.0838823,45.1048406,942491.589,6449798.788,2088.30,2088.2194
live,2026-08-07T07:21:53+00:00,708124926,44.4718,6.0838664,45.1048487,942490.299,6449799.645,2088.19,2088.0561
live,2026-08-07T07:21:53+00:00,708124926,46.0209,6.0838504,45.1048569,942489.008,6449800.503,2088.19,2087.9456
live,2026-08-07T07:21:53+00:00,708124926,47.4453,6.0838329,45.1048602,942487.619,6449800.815,2088.09,2087.8283
live,2026-08-07T07:21:53+00:00,708124926,48.8696,6.0838154,45.1048635,942486.229,6449801.128,2087.89,2087.7106
live,2026-08-07T07:21:53+00:00,708124926,50.3190,6.0837973,45.1048660,942484.796,6449801.344,2087.78,2087.6659
live,2026-08-07T07:21:53+00:00,708124926,51.7684,6.0837792,45.1048684,942483.363,6449801.560,2087.68,2087.5271
live,2026-08-07T07:21:53+00:00,708124926,52.9996,6.0837637,45.1048669,942482.151,6449801.341,2087.47,2087.3800
live,2026-08-07T07:21:53+00:00,708124926,54.2308,6.0837482,45.1048653,942480.940,6449801.121,2087.37,2087.2253
live,2026-08-07T07:21:53+00:00,708124926,55.4909,6.0837336,45.1048605,942479.817,6449800.549,2087.27,2087.1581
live,2026-08-07T07:21:53+00:00,708124926,56.7510,6.0837191,45.1048558,942478.694,6449799.977,2087.06,2087.0571
live,2026-08-07T07:21:53+00:00,708124926,58.0379,6.0837074,45.1048477,942477.810,6449799.042,2086.86,2086.8753
live,2026-08-07T07:21:53+00:00,708124926,59.3248,6.0836957,45.1048396,942476.925,6449798.108,2086.65,2086.6806
live,2026-08-07T07:21:53+00:00,708124926,61.0779,6.0836845,45.1048260,942476.102,6449796.560,2086.45,2086.4782
live,2026-08-07T07:21:53+00:00,708124926,62.8309,6.0836732,45.1048123,942475.278,6449795.013,2086.12,2086.1813
live,2026-08-07T07:21:53+00:00,708124926,64.5840,6.0836620,45.1047987,942474.454,6449793.465,2085.79,2085.8688
live,2026-08-07T07:21:53+00:00,708124926,66.3080,6.0836496,45.1047859,942473.535,6449792.007,2085.67,2085.6718
live,2026-08-07T07:21:53+00:00,708124926,68.0320,6.0836372,45.1047731,942472.616,6449790.548,2085.44,2085.3612
live,2026-08-07T07:21:53+00:00,708124926,69.8115,6.0836182,45.1047644,942471.160,6449789.524,2085.10,2085.1024
live,2026-08-07T07:21:53+00:00,708124926,71.1350,6.0836035,45.1047586,942470.030,6449788.835,2084.88,2084.9341
live,2026-08-07T07:21:53+00:00,708124926,72.4585,6.0835888,45.1047528,942468.900,6449788.146,2084.65,2084.8269
live,2026-08-07T07:21:53+00:00,708124926,74.3736,6.0835646,45.1047509,942467.006,6449787.861,2084.44,2084.6318
live,2026-08-07T07:21:53+00:00,708124926,75.4618,6.0835508,45.1047516,942465.919,6449787.897,2084.33,2084.5388
live,2026-08-07T07:21:53+00:00,708124926,76.5499,6.0835370,45.1047523,942464.831,6449787.932,2084.22,2084.5035
live,2026-08-07T07:21:53+00:00,708124926,78.2036,6.0835180,45.1047586,942463.307,6449788.573,2084.12,2084.3935
live,2026-08-07T07:21:53+00:00,708124926,79.8572,6.0834989,45.1047649,942461.782,6449789.213,2084.00,2084.2941
live,2026-08-07T07:21:53+00:00,708124926,81.0073,6.0834874,45.1047712,942460.847,6449789.883,2084.01,2084.2065
live,2026-08-07T07:21:53+00:00,708124926,82.1573,6.0834758,45.1047776,942459.912,6449790.552,2084.01,2084.1900
live,2026-08-07T07:21:53+00:00,708124926,83.5642,6.0834651,45.1047877,942459.024,6449791.643,2084.00,2084.1217
live,2026-08-07T07:21:53+00:00,708124926,84.9710,6.0834543,45.1047979,942458.137,6449792.735,2083.99,2084.0282
live,2026-08-07T07:21:53+00:00,708124926,86.3779,6.0834436,45.1048080,942457.249,6449793.827,2083.97,2084.0089
live,2026-08-07T07:21:53+00:00,708124926,87.9981,6.0834312,45.1048197,942456.227,6449795.083,2083.94,2083.9341
live,2026-08-07T07:21:53+00:00,708124926,89.6183,6.0834189,45.1048313,942455.204,6449796.340,2083.92,2083.8794
live,2026-08-07T07:21:53+00:00,708124926,91.2384,6.0834065,45.1048430,942454.182,6449797.597,2083.98,2083.8229
live,2026-08-07T07:21:53+00:00,708124926,92.7672,6.0833953,45.1048543,942453.253,6449798.811,2083.95,2083.7089
live,2026-08-07T07:21:53+00:00,708124926,94.2959,6.0833841,45.1048655,942452.324,6449800.025,2083.91,2083.6317
live,2026-08-07T07:21:53+00:00,708124926,95.6284,6.0833714,45.1048734,942451.287,6449800.863,2083.87,2083.5450
live,2026-08-07T07:21:53+00:00,708124926,96.9609,6.0833586,45.1048813,942450.251,6449801.700,2083.82,2083.4478
live,2026-08-07T07:21:53+00:00,708124926,98.6205,6.0833396,45.1048878,942448.730,6449802.363,2083.68,2083.3411
live,2026-08-07T07:21:53+00:00,708124926,100.4396,6.0833167,45.1048901,942446.920,6449802.548,2083.49,2083.2300
live,2026-08-07T07:21:53+00:00,708124926,101.5152,6.0833033,45.1048883,942445.870,6449802.313,2083.29,2083.1882
live,2026-08-07T07:21:53+00:00,708124926,102.5908,6.0832898,45.1048866,942444.821,6449802.077,2083.16,2083.0624
live,2026-08-07T07:21:53+00:00,708124926,103.8193,6.0832765,45.1048808,942443.801,6449801.393,2082.95,2082.9200
live,2026-08-07T07:21:53+00:00,708124926,105.0478,6.0832632,45.1048750,942442.781,6449800.708,2082.82,2082.8333
live,2026-08-07T07:21:53+00:00,708124926,106.2492,6.0832518,45.1048678,942441.916,6449799.874,2082.62,2082.7676
live,2026-08-07T07:21:53+00:00,708124926,107.8471,6.0832463,45.1048539,942441.544,6449798.320,2082.45,2082.5189
live,2026-08-07T07:21:53+00:00,708124926,109.4449,6.0832408,45.1048401,942441.172,6449796.766,2082.25,2082.3494
live,2026-08-07T07:21:53+00:00,708124926,111.0087,6.0832379,45.1048262,942441.007,6449795.211,2082.07,2082.1639
live,2026-08-07T07:21:53+00:00,708124926,112.5725,6.0832351,45.1048122,942440.842,6449793.656,2081.97,2081.9733
live,2026-08-07T07:21:53+00:00,708124926,114.1363,6.0832322,45.1047983,942440.677,6449792.101,2081.78,2081.6988
live,2026-08-07T07:21:53+00:00,708124926,115.5760,6.0832289,45.1047856,942440.473,6449790.676,2081.56,2081.5076
live,2026-08-07T07:21:53+00:00,708124926,117.0156,6.0832256,45.1047728,942440.269,6449789.251,2081.36,2081.4175
live,2026-08-07T07:21:53+00:00,708124926,119.0155,6.0832151,45.1047564,942439.515,6449787.399,2081.16,2081.1367
live,2026-08-07T07:21:53+00:00,708124926,120.0747,6.0832074,45.1047486,942438.939,6449786.509,2081.04,2081.0462
live,2026-08-07T07:21:53+00:00,708124926,121.1340,6.0831996,45.1047408,942438.364,6449785.620,2080.82,2080.8738
live,2026-08-07T07:21:53+00:00,708124926,123.0389,6.0831809,45.1047299,942436.942,6449784.353,2080.48,2080.7006
live,2026-08-07T07:21:53+00:00,708124926,124.9706,6.0831576,45.1047244,942435.134,6449783.671,2080.25,2080.5388
live,2026-08-07T07:21:53+00:00,708124926,126.3551,6.0831400,45.1047242,942433.752,6449783.595,2080.14,2080.3706
live,2026-08-07T07:21:53+00:00,708124926,127.7395,6.0831224,45.1047240,942432.370,6449783.518,2079.91,2080.2087
live,2026-08-07T07:21:53+00:00,708124926,129.6637,6.0831007,45.1047320,942430.630,6449784.339,2079.81,2079.9673
live,2026-08-07T07:21:53+00:00,708124926,131.5878,6.0830790,45.1047400,942428.889,6449785.161,2079.69,2079.7544
live,2026-08-07T07:21:53+00:00,708124926,133.0773,6.0830622,45.1047462,942427.545,6449785.801,2079.69,2079.6094
live,2026-08-07T07:21:53+00:00,708124926,134.5667,6.0830455,45.1047525,942426.200,6449786.441,2079.48,2079.4669
live,2026-08-07T07:21:53+00:00,708124926,136.0561,6.0830287,45.1047587,942424.855,6449787.082,2079.48,2079.3993
live,2026-08-07T07:21:53+00:00,708124926,137.9305,6.0830056,45.1047629,942423.022,6449787.471,2079.28,2079.2031
live,2026-08-07T07:21:53+00:00,708124926,139.8049,6.0829825,45.1047670,942421.188,6449787.861,2079.19,2079.0619
live,2026-08-07T07:21:53+00:00,708124926,141.4287,6.0829621,45.1047693,942419.575,6449788.048,2079.09,2078.9300
live,2026-08-07T07:21:53+00:00,708124926,143.0526,6.0829417,45.1047715,942417.962,6449788.235,2078.91,2078.7931
live,2026-08-07T07:21:53+00:00,708124926,144.0833,6.0829286,45.1047717,942416.932,6449788.222,2078.81,2078.7141
live,2026-08-07T07:21:53+00:00,708124926,145.1140,6.0829155,45.1047720,942415.901,6449788.210,2078.72,2078.5729
live,2026-08-07T07:21:53+00:00,708124926,146.8812,6.0828946,45.1047662,942414.279,6449787.508,2078.54,2078.4276
live,2026-08-07T07:21:53+00:00,708124926,148.6484,6.0828736,45.1047605,942412.658,6449786.805,2078.35,2078.2063
live,2026-08-07T07:21:53+00:00,708124926,150.1071,6.0828590,45.1047524,942411.545,6449785.861,2078.16,2078.1329
live,2026-08-07T07:21:53+00:00,708124926,151.5658,6.0828444,45.1047443,942410.433,6449784.918,2077.88,2077.9894
live,2026-08-07T07:21:53+00:00,708124926,152.9059,6.0828349,45.1047343,942409.727,6449783.779,2077.80,2077.8476
live,2026-08-07T07:21:53+00:00,708124926,154.2459,6.0828253,45.1047243,942409.021,6449782.640,2077.62,2077.7700
live,2026-08-07T07:21:53+00:00,708124926,155.5859,6.0828158,45.1047143,942408.315,6449781.501,2077.45,2077.6287
live,2026-08-07T07:21:53+00:00,708124926,157.0545,6.0828113,45.1047015,942408.017,6449780.063,2077.29,2077.4887
live,2026-08-07T07:21:53+00:00,708124926,158.5231,6.0828068,45.1046886,942407.719,6449778.624,2077.22,2077.3456
live,2026-08-07T07:21:53+00:00,708124926,159.9917,6.0828023,45.1046758,942407.421,6449777.186,2076.99,2077.2087
live,2026-08-07T07:21:53+00:00,708124926,161.8427,6.0828033,45.1046592,942407.576,6449775.342,2076.96,2077.0731
live,2026-08-07T07:21:53+00:00,708124926,163.6937,6.0828044,45.1046425,942407.731,6449773.497,2076.84,2076.9437
live,2026-08-07T07:21:53+00:00,708124926,165.3662,6.0828059,45.1046275,942407.915,6449771.835,2076.78,2076.8206
live,2026-08-07T07:21:53+00:00,708124926,167.0386,6.0828074,45.1046125,942408.100,6449770.173,2076.65,2076.6293
live,2026-08-07T07:21:53+00:00,708124926,168.7110,6.0828090,45.1045974,942408.284,6449768.511,2076.57,2076.5093
live,2026-08-07T07:21:53+00:00,708124926,170.3834,6.0828105,45.1045824,942408.469,6449766.849,2076.43,2076.3887
live,2026-08-07T07:21:53+00:00,708124926,172.0559,6.0828120,45.1045674,942408.654,6449765.186,2076.35,2076.2573
live,2026-08-07T07:21:53+00:00,708124926,173.8865,6.0828130,45.1045509,942408.806,6449763.362,2076.18,2076.1360
live,2026-08-07T07:21:53+00:00,708124926,175.7171,6.0828141,45.1045345,942408.959,6449761.538,2076.09,2075.9412
live,2026-08-07T07:21:53+00:00,708124926,177.5477,6.0828151,45.1045180,942409.111,6449759.714,2075.91,2075.8144
live,2026-08-07T07:21:53+00:00,708124926,178.8828,6.0828141,45.1045060,942409.085,6449758.379,2075.73,2075.6794
live,2026-08-07T07:21:53+00:00,708124926,180.2179,6.0828131,45.1044940,942409.058,6449757.044,2075.65,2075.5444
live,2026-08-07T07:21:53+00:00,708124926,182.0758,6.0828081,45.1044776,942408.736,6449755.214,2075.48,2075.4094
live,2026-08-07T07:21:53+00:00,708124926,183.9338,6.0828031,45.1044613,942408.414,6449753.384,2075.25,2075.2088
live,2026-08-07T07:21:53+00:00,708124926,185.3179,6.0827951,45.1044502,942407.833,6449752.128,2075.17,2075.1375
live,2026-08-07T07:21:53+00:00,708124926,186.7019,6.0827871,45.1044391,942407.253,6449750.871,2075.03,2075.0056
live,2026-08-07T07:21:53+00:00,708124926,187.9011,6.0827771,45.1044310,942406.502,6449749.936,2074.95,2074.9418
live,2026-08-07T07:21:53+00:00,708124926,189.1002,6.0827671,45.1044228,942405.752,6449749.001,2074.81,2074.8700
live,2026-08-07T07:21:53+00:00,708124926,190.7193,6.0827492,45.1044156,942404.376,6449748.147,2074.62,2074.7356
live,2026-08-07T07:21:53+00:00,708124926,192.3384,6.0827313,45.1044084,942403.000,6449747.293,2074.49,2074.6000
live,2026-08-07T07:21:53+00:00,708124926,193.4674,6.0827178,45.1044048,942401.959,6449746.858,2074.41,2074.4600
live,2026-08-07T07:21:53+00:00,708124926,194.5964,6.0827044,45.1044013,942400.917,6449746.423,2074.29,2074.3244
live,2026-08-07T07:21:53+00:00,708124926,196.2410,6.0826835,45.1044009,942399.276,6449746.309,2074.14,2074.2529
live,2026-08-07T07:21:53+00:00,708124926,197.8856,6.0826626,45.1044004,942397.636,6449746.194,2074.07,2074.0494
live,2026-08-07T07:21:53+00:00,708124926,199.8439,6.0826378,45.1043988,942395.693,6449745.944,2073.92,2073.9088
live,2026-08-07T07:21:53+00:00,708124926,201.8022,6.0826130,45.1043973,942393.751,6449745.694,2073.76,2073.6907
live,2026-08-07T07:21:53+00:00,708124926,203.7605,6.0825882,45.1043957,942391.809,6449745.445,2073.56,2073.5400
live,2026-08-07T07:21:53+00:00,708124926,205.1477,6.0825707,45.1043972,942390.427,6449745.563,2073.41,2073.3907
live,2026-08-07T07:21:53+00:00,708124926,206.5348,6.0825532,45.1043988,942389.045,6449745.681,2073.31,2073.2320
live,2026-08-07T07:21:53+00:00,708124926,208.3124,6.0825306,45.1043988,942387.268,6449745.612,2073.11,2073.0667
live,2026-08-07T07:21:53+00:00,708124926,210.0899,6.0825080,45.1043988,942385.492,6449745.542,2072.91,2072.9047
live,2026-08-07T07:21:53+00:00,708124926,211.8675,6.0824854,45.1043988,942383.716,6449745.473,2072.78,2072.7327
live,2026-08-07T07:21:53+00:00,708124926,213.5275,6.0824643,45.1043991,942382.056,6449745.447,2072.58,2072.5540
live,2026-08-07T07:21:53+00:00,708124926,215.1875,6.0824432,45.1043995,942380.396,6449745.421,2072.36,2072.3780
live,2026-08-07T07:21:53+00:00,708124926,216.8475,6.0824221,45.1043999,942378.737,6449745.395,2072.25,2072.1973
live,2026-08-07T07:21:53+00:00,708124926,218.5076,6.0824010,45.1044002,942377.077,6449745.369,2072.03,2072.0093
live,2026-08-07T07:21:53+00:00,708124926,220.1848,6.0823798,45.1044016,942375.402,6449745.459,2071.81,2071.9164
live,2026-08-07T07:21:53+00:00,708124926,221.8621,6.0823585,45.1044030,942373.727,6449745.550,2071.71,2071.6113
live,2026-08-07T07:21:53+00:00,708124926,223.5394,6.0823373,45.1044044,942372.052,6449745.640,2071.49,2071.4187
live,2026-08-07T07:21:53+00:00,708124926,225.3731,6.0823156,45.1044104,942370.319,6449746.239,2071.24,2071.2240
live,2026-08-07T07:21:53+00:00,708124926,227.2068,6.0822939,45.1044164,942368.586,6449746.838,2071.12,2071.0333
live,2026-08-07T07:21:53+00:00,708124926,229.0405,6.0822721,45.1044224,942366.853,6449747.437,2070.85,2070.8380
live,2026-08-07T07:21:53+00:00,708124926,230.8742,6.0822504,45.1044284,942365.120,6449748.037,2070.59,2070.6420
live,2026-08-07T07:21:53+00:00,708124926,232.7079,6.0822287,45.1044344,942363.387,6449748.636,2070.30,2070.3679
live,2026-08-07T07:21:53+00:00,708124926,234.1743,6.0822117,45.1044399,942362.031,6449749.194,2070.15,2070.2940
live,2026-08-07T07:21:53+00:00,708124926,235.6408,6.0821948,45.1044454,942360.675,6449749.753,2070.02,2070.1347
live,2026-08-07T07:21:53+00:00,708124926,236.7706,6.0821832,45.1044514,942359.737,6449750.383,2069.86,2070.0379
live,2026-08-07T07:21:53+00:00,708124926,237.9004,6.0821716,45.1044574,942358.800,6449751.013,2069.72,2069.8929
live,2026-08-07T07:21:53+00:00,708124926,239.8682,6.0821546,45.1044704,942357.407,6449752.404,2069.43,2069.7521
live,2026-08-07T07:21:53+00:00,708124926,241.6985,6.0821421,45.1044843,942356.365,6449753.908,2069.31,2069.6364
live,2026-08-07T07:21:53+00:00,708124926,243.6681,6.0821355,45.1045014,942355.774,6449755.787,2069.36,2069.5386
live,2026-08-07T07:21:53+00:00,708124926,245.6378,6.0821290,45.1045185,942355.183,6449757.666,2069.26,2069.4707
live,2026-08-07T07:21:53+00:00,708124926,247.6074,6.0821224,45.1045356,942354.592,6449759.545,2069.32,2069.4127
live,2026-08-07T07:21:53+00:00,708124926,249.5771,6.0821158,45.1045527,942354.001,6449761.423,2069.21,2069.3457
live,2026-08-07T07:21:53+00:00,708124926,251.5467,6.0821092,45.1045699,942353.410,6449763.302,2069.15,2069.3393
live,2026-08-07T07:21:53+00:00,708124926,253.5163,6.0821027,45.1045870,942352.819,6449765.181,2069.23,2069.3607
live,2026-08-07T07:21:53+00:00,708124926,255.4860,6.0820961,45.1046041,942352.228,6449767.060,2069.22,2069.3907
live,2026-08-07T07:21:53+00:00,708124926,257.4556,6.0820895,45.1046212,942351.637,6449768.939,2069.35,2069.4287
live,2026-08-07T07:21:53+00:00,708124926,258.7611,6.0820830,45.1046320,942351.076,6449770.118,2069.33,2069.4493
live,2026-08-07T07:21:53+00:00,708124926,260.0665,6.0820764,45.1046428,942350.514,6449771.296,2069.42,2069.4519
live,2026-08-07T07:21:53+00:00,708124926,261.9681,6.0820695,45.1046592,942349.897,6449773.095,2069.53,2069.4447
live,2026-08-07T07:21:53+00:00,708124926,263.8698,6.0820625,45.1046756,942349.280,6449774.893,2069.63,2069.4371
live,2026-08-07T07:21:53+00:00,708124926,265.1440,6.0820538,45.1046853,942348.558,6449775.943,2069.73,2069.4235
live,2026-08-07T07:21:53+00:00,708124926,266.4181,6.0820452,45.1046950,942347.836,6449776.993,2069.73,2069.3959
live,2026-08-07T07:21:53+00:00,708124926,268.3932,6.0820272,45.1047074,942346.367,6449778.314,2069.66,2069.3594
live,2026-08-07T07:21:53+00:00,708124926,269.4484,6.0820142,45.1047097,942345.336,6449778.535,2069.66,2069.3128
live,2026-08-07T07:21:53+00:00,708124926,270.5037,6.0820012,45.1047121,942344.304,6449778.756,2069.57,2069.3106
live,2026-08-07T07:21:53+00:00,708124926,271.5741,6.0819876,45.1047125,942343.233,6449778.753,2069.49,2069.2529
live,2026-08-07T07:21:53+00:00,708124926,272.6444,6.0819740,45.1047128,942342.163,6449778.750,2069.40,2069.1782
live,2026-08-07T07:21:53+00:00,708124926,274.4464,6.0819534,45.1047057,942340.575,6449777.899,2069.25,2069.1150
live,2026-08-07T07:21:53+00:00,708124926,275.5602,6.0819428,45.1046990,942339.770,6449777.128,2069.08,2069.0228
live,2026-08-07T07:21:53+00:00,708124926,276.6740,6.0819322,45.1046924,942338.966,6449776.358,2068.92,2068.9189
live,2026-08-07T07:21:53+00:00,708124926,278.3747,6.0819236,45.1046784,942338.351,6449774.772,2068.76,2068.8006
live,2026-08-07T07:21:53+00:00,708124926,280.0754,6.0819150,45.1046643,942337.736,6449773.187,2068.60,2068.6111
live,2026-08-07T07:21:53+00:00,708124926,281.6415,6.0819148,45.1046502,942337.782,6449771.621,2068.52,2068.4837
live,2026-08-07T07:21:53+00:00,708124926,283.2075,6.0819146,45.1046361,942337.827,6449770.056,2068.35,2068.2200
live,2026-08-07T07:21:53+00:00,708124926,284.9051,6.0819180,45.1046210,942338.156,6449768.390,2068.15,2068.0821
live,2026-08-07T07:21:53+00:00,708124926,286.6027,6.0819213,45.1046059,942338.484,6449766.725,2068.04,2067.9337
live,2026-08-07T07:21:53+00:00,708124926,287.8411,6.0819213,45.1045948,942338.529,6449765.487,2067.87,2067.8606
live,2026-08-07T07:21:53+00:00,708124926,289.0794,6.0819212,45.1045836,942338.573,6449764.250,2067.76,2067.7156
live,2026-08-07T07:21:53+00:00,708124926,290.1076,6.0819188,45.1045745,942338.424,6449763.233,2067.60,2067.5678
live,2026-08-07T07:21:53+00:00,708124926,291.1357,6.0819164,45.1045654,942338.275,6449762.215,2067.51,2067.4167
live,2026-08-07T07:21:53+00:00,708124926,292.1988,6.0819100,45.1045570,942337.812,6449761.258,2067.42,2067.3321
live,2026-08-07T07:21:53+00:00,708124926,293.2619,6.0819037,45.1045485,942337.350,6449760.301,2067.24,2067.1795
live,2026-08-07T07:21:53+00:00,708124926,294.2774,6.0818925,45.1045440,942336.489,6449759.762,2067.15,2067.0247
live,2026-08-07T07:21:53+00:00,708124926,295.2930,6.0818813,45.1045394,942335.629,6449759.222,2067.07,2066.9470
live,2026-08-07T07:21:53+00:00,708124926,296.9630,6.0818606,45.1045359,942334.021,6449758.770,2066.87,2066.7910
live,2026-08-07T07:21:53+00:00,708124926,298.6331,6.0818400,45.1045324,942332.413,6449758.319,2066.58,2066.6340
live,2026-08-07T07:21:53+00:00,708124926,300.5609,6.0818170,45.1045264,942330.632,6449757.582,2066.47,2066.3963
live,2026-08-07T07:21:53+00:00,708124926,301.7458,6.0818065,45.1045187,942329.840,6449756.701,2066.26,2066.3206
live,2026-08-07T07:21:53+00:00,708124926,302.9306,6.0817960,45.1045111,942329.048,6449755.820,2066.04,2066.1506
live,2026-08-07T07:21:53+00:00,708124926,304.0726,6.0817881,45.1045024,942328.468,6449754.836,2065.81,2065.9717
live,2026-08-07T07:21:53+00:00,708124926,305.2146,6.0817803,45.1044938,942327.889,6449753.852,2065.70,2065.7839
live,2026-08-07T07:21:53+00:00,708124926,306.3229,6.0817773,45.1044840,942327.695,6449752.760,2065.58,2065.5983
live,2026-08-07T07:21:53+00:00,708124926,307.4311,6.0817743,45.1044743,942327.502,6449751.669,2065.47,2065.4100
live,2026-08-07T07:21:53+00:00,708124926,309.0528,6.0817740,45.1044597,942327.541,6449750.048,2065.23,2065.2111
live,2026-08-07T07:21:53+00:00,708124926,310.6745,6.0817737,45.1044451,942327.581,6449748.427,2065.01,2064.9221
live,2026-08-07T07:21:53+00:00,708124926,312.5304,6.0817685,45.1044288,942327.243,6449746.602,2064.76,2064.7400
live,2026-08-07T07:21:53+00:00,708124926,314.3861,6.0817584,45.1044137,942326.515,6449744.895,2064.54,2064.4700
live,2026-08-07T07:21:53+00:00,708124926,315.5227,6.0817476,45.1044069,942325.695,6449744.107,2064.29,2064.3094
live,2026-08-07T07:21:53+00:00,708124926,316.6593,6.0817368,45.1044001,942324.876,6449743.320,2064.04,2064.1628
live,2026-08-07T07:21:53+00:00,708124926,317.8875,6.0817217,45.1043971,942323.706,6449742.946,2063.90,2064.0239
live,2026-08-07T07:21:53+00:00,708124926,319.1158,6.0817067,45.1043942,942322.536,6449742.572,2063.76,2063.9324
live,2026-08-07T07:21:53+00:00,708124926,320.4171,6.0816903,45.1043958,942321.240,6449742.694,2063.49,2063.7467
live,2026-08-07T07:21:53+00:00,708124926,321.7184,6.0816739,45.1043973,942319.945,6449742.816,2063.36,2063.6150
live,2026-08-07T07:21:53+00:00,708124926,323.0665,6.0816586,45.1044027,942318.715,6449743.368,2063.23,2063.5700
live,2026-08-07T07:21:53+00:00,708124926,324.4146,6.0816432,45.1044081,942317.485,6449743.920,2063.12,2063.3935
live,2026-08-07T07:21:53+00:00,708124926,325.7536,6.0816301,45.1044158,942316.422,6449744.735,2063.13,2063.2700
live,2026-08-07T07:21:53+00:00,708124926,327.0926,6.0816170,45.1044235,942315.359,6449745.549,2063.15,2063.1380
live,2026-08-07T07:21:53+00:00,708124926,328.5940,6.0816033,45.1044330,942314.245,6449746.556,2063.17,2063.0774
live,2026-08-07T07:21:53+00:00,708124926,330.0954,6.0815897,45.1044424,942313.132,6449747.563,2063.20,2062.8790
live,2026-08-07T07:21:53+00:00,708124926,331.6822,6.0815712,45.1044481,942311.653,6449748.138,2063.09,2062.6989
live,2026-08-07T07:21:53+00:00,708124926,332.7125,6.0815583,45.1044495,942310.629,6449748.254,2062.97,2062.6989
live,2026-08-07T07:21:53+00:00,708124926,333.7429,6.0815453,45.1044509,942309.605,6449748.370,2062.86,2062.5711
live,2026-08-07T07:21:53+00:00,708124926,334.7704,6.0815325,45.1044490,942308.607,6449748.125,2062.76,2062.4395
live,2026-08-07T07:21:53+00:00,708124926,335.7979,6.0815197,45.1044472,942307.609,6449747.880,2062.65,2062.3956
live,2026-08-07T07:21:53+00:00,708124926,336.8141,6.0815087,45.1044424,942306.766,6449747.314,2062.40,2062.2989
live,2026-08-07T07:21:53+00:00,708124926,337.8303,6.0814977,45.1044376,942305.922,6449746.748,2062.29,2062.2533
live,2026-08-07T07:21:53+00:00,708124926,339.5837,6.0814858,45.1044242,942305.045,6449745.229,2061.90,2062.0989
live,2026-08-07T07:21:53+00:00,708124926,341.3371,6.0814739,45.1044109,942304.167,6449743.711,2061.65,2061.8518
live,2026-08-07T07:21:53+00:00,708124926,342.4127,6.0814721,45.1044013,942304.067,6449742.640,2061.50,2061.8518
live,2026-08-07T07:21:53+00:00,708124926,343.4882,6.0814703,45.1043917,942303.967,6449741.570,2061.36,2061.6459
live,2026-08-07T07:21:53+00:00,708124926,345.2538,6.0814733,45.1043760,942304.275,6449739.831,2061.06,2061.3481
live,2026-08-07T07:21:53+00:00,708124926,347.0194,6.0814764,45.1043602,942304.583,6449738.093,2060.86,2061.1275
live,2026-08-07T07:21:53+00:00,708124926,348.9928,6.0814815,45.1043428,942305.058,6449736.177,2060.56,2060.7887
live,2026-08-07T07:21:53+00:00,708124926,350.9661,6.0814866,45.1043254,942305.533,6449734.262,2060.35,2060.4457
live,2026-08-07T07:21:53+00:00,708124926,352.9395,6.0814916,45.1043080,942306.007,6449732.346,2060.02,2060.2414
live,2026-08-07T07:21:53+00:00,708124926,354.9128,6.0814967,45.1042906,942306.482,6449730.431,2059.70,2059.9323
live,2026-08-07T07:21:53+00:00,708124926,356.8862,6.0815018,45.1042732,942306.957,6449728.515,2059.65,2059.6614
live,2026-08-07T07:21:53+00:00,708124926,358.5920,6.0815063,45.1042582,942307.375,6449726.862,2059.33,2059.5538
live,2026-08-07T07:21:53+00:00,708124926,360.2978,6.0815108,45.1042432,942307.794,6449725.208,2059.20,2059.3815
live,2026-08-07T07:21:53+00:00,708124926,362.0036,6.0815153,45.1042281,942308.213,6449723.555,2059.10,2059.2215
live,2026-08-07T07:21:53+00:00,708124926,363.7095,6.0815198,45.1042131,942308.632,6449721.901,2059.04,2058.9864
live,2026-08-07T07:21:53+00:00,708124926,365.5820,6.0815236,45.1041965,942308.999,6449720.065,2058.89,2058.8321
live,2026-08-07T07:21:53+00:00,708124926,367.4546,6.0815273,45.1041798,942309.365,6449718.228,2058.74,2058.6047
live,2026-08-07T07:21:53+00:00,708124926,369.3798,6.0815288,45.1041625,942309.562,6449716.313,2058.76,2058.5150
live,2026-08-07T07:21:53+00:00,708124926,371.3050,6.0815304,45.1041452,942309.759,6449714.398,2058.62,2058.1937
live,2026-08-07T07:21:53+00:00,708124926,373.2288,6.0815265,45.1041281,942309.527,6449712.488,2058.48,2058.0363
live,2026-08-07T07:21:53+00:00,708124926,374.7529,6.0815171,45.1041161,942308.840,6449711.128,2058.25,2057.8762
live,2026-08-07T07:21:53+00:00,708124926,375.7906,6.0815067,45.1041103,942308.047,6449710.458,2058.03,2057.8762
live,2026-08-07T07:21:53+00:00,708124926,376.8284,6.0814963,45.1041046,942307.255,6449709.788,2057.86,2057.7063
live,2026-08-07T07:21:53+00:00,708124926,378.1413,6.0814800,45.1041020,942305.985,6449709.455,2057.64,2057.5425
live,2026-08-07T07:21:53+00:00,708124926,379.4543,6.0814637,45.1040995,942304.715,6449709.122,2057.48,2057.4518
live,2026-08-07T07:21:53+00:00,708124926,380.8962,6.0814459,45.1041027,942303.305,6449709.422,2057.17,2057.3713
live,2026-08-07T07:21:53+00:00,708124926,382.3381,6.0814282,45.1041059,942301.894,6449709.723,2057.07,2057.1012
live,2026-08-07T07:21:53+00:00,708124926,383.7800,6.0814104,45.1041091,942300.484,6449710.024,2056.77,2057.0172
live,2026-08-07T07:21:53+00:00,708124926,385.3714,6.0813923,45.1041156,942299.038,6449710.687,2056.68,2056.7642
live,2026-08-07T07:21:53+00:00,708124926,386.9628,6.0813743,45.1041221,942297.591,6449711.350,2056.54,2056.5900
live,2026-08-07T07:21:53+00:00,708124926,388.5542,6.0813563,45.1041285,942296.144,6449712.013,2056.32,2056.3278
live,2026-08-07T07:21:53+00:00,708124926,390.1457,6.0813382,45.1041350,942294.698,6449712.676,2056.27,2056.0895
live,2026-08-07T07:21:53+00:00,708124926,391.8440,6.0813175,45.1041393,942293.052,6449713.096,2056.00,2055.9305
live,2026-08-07T07:21:53+00:00,708124926,393.5422,6.0812968,45.1041437,942291.406,6449713.515,2055.83,2055.6933
live,2026-08-07T07:21:53+00:00,708124926,394.6188,6.0812833,45.1041455,942290.341,6449713.673,2055.71,2055.6933
live,2026-08-07T07:21:53+00:00,708124926,395.6954,6.0812699,45.1041473,942289.276,6449713.832,2055.59,2055.5494
live,2026-08-07T07:21:53+00:00,708124926,396.7523,6.0812565,45.1041466,942288.226,6449713.713,2055.47,2055.4122
live,2026-08-07T07:21:53+00:00,708124926,397.8091,6.0812431,45.1041459,942287.176,6449713.594,2055.36,2055.3558
live,2026-08-07T07:21:53+00:00,708124926,399.0266,6.0812295,45.1041406,942286.134,6449712.964,2055.17,2055.2279
live,2026-08-07T07:21:53+00:00,708124926,400.2441,6.0812160,45.1041353,942285.092,6449712.335,2054.97,2055.1032
live,2026-08-07T07:21:53+00:00,708124926,401.2493,6.0812090,45.1041278,942284.571,6449711.475,2054.88,2054.9853
live,2026-08-07T07:21:53+00:00,708124926,402.2546,6.0812019,45.1041202,942284.049,6449710.616,2054.78,2054.9853
live,2026-08-07T07:21:53+00:00,708124926,403.9523,6.0811965,45.1041054,942283.689,6449708.957,2054.62,2054.8015
live,2026-08-07T07:21:53+00:00,708124926,405.6758,6.0811992,45.1040900,942283.968,6449707.256,2054.45,2054.6810
live,2026-08-07T07:21:53+00:00,708124926,407.3039,6.0812071,45.1040765,942284.648,6449705.776,2054.48,2054.4921
live,2026-08-07T07:21:53+00:00,708124926,408.9320,6.0812150,45.1040629,942285.327,6449704.297,2054.30,2054.3642
live,2026-08-07T07:21:53+00:00,708124926,410.0136,6.0812193,45.1040536,942285.705,6449703.284,2054.34,2054.2326
live,2026-08-07T07:21:53+00:00,708124926,411.0952,6.0812236,45.1040444,942286.083,6449702.270,2054.25,2054.0905
live,2026-08-07T07:21:53+00:00,708124926,412.1493,6.0812223,45.1040349,942286.026,6449701.218,2054.17,2054.0306
live,2026-08-07T07:21:53+00:00,708124926,413.2034,6.0812211,45.1040255,942285.969,6449700.165,2054.08,2053.8972
live,2026-08-07T07:21:53+00:00,708124926,415.1652,6.0812094,45.1040099,942285.117,6449698.398,2053.79,2053.6228
live,2026-08-07T07:21:53+00:00,708124926,416.2155,6.0812015,45.1040023,942284.533,6449697.525,2053.79,2053.6228
live,2026-08-07T07:21:53+00:00,708124926,417.2658,6.0811937,45.1039946,942283.949,6449696.652,2053.59,2053.4806
live,2026-08-07T07:21:53+00:00,708124926,419.1383,6.0811711,45.1039893,942282.196,6449695.994,2053.27,2053.3422
live,2026-08-07T07:21:53+00:00,708124926,420.4171,6.0811551,45.1039873,942280.947,6449695.718,2053.16,2053.1911
live,2026-08-07T07:21:53+00:00,708124926,421.6960,6.0811391,45.1039852,942279.699,6449695.441,2052.97,2053.0378
live,2026-08-07T07:21:53+00:00,708124926,423.5510,6.0811199,45.1039755,942278.232,6449694.306,2052.66,2052.8772
live,2026-08-07T07:21:53+00:00,708124926,424.6512,6.0811111,45.1039678,942277.573,6449693.424,2052.57,2052.7106
live,2026-08-07T07:21:53+00:00,708124926,425.7514,6.0811023,45.1039601,942276.915,6449692.543,2052.46,2052.5394
live,2026-08-07T07:21:53+00:00,708124926,427.2846,6.0810999,45.1039464,942276.786,6449691.015,2052.26,2052.4565
live,2026-08-07T07:21:53+00:00,708124926,428.8178,6.0810975,45.1039327,942276.657,6449689.487,2052.06,2052.2787
live,2026-08-07T07:21:53+00:00,708124926,430.6054,6.0811000,45.1039167,942276.920,6449687.719,2051.96,2052.1093
live,2026-08-07T07:21:53+00:00,708124926,432.3929,6.0811024,45.1039007,942277.183,6449685.951,2051.76,2051.9467
live,2026-08-07T07:21:53+00:00,708124926,434.1805,6.0811049,45.1038847,942277.446,6449684.183,2051.54,2051.7867
live,2026-08-07T07:21:53+00:00,708124926,435.9680,6.0811074,45.1038687,942277.709,6449682.415,2051.45,2051.6253
live,2026-08-07T07:21:53+00:00,708124926,437.7556,6.0811098,45.1038527,942277.973,6449680.647,2051.34,2051.3921
live,2026-08-07T07:21:53+00:00,708124926,439.5431,6.0811123,45.1038367,942278.236,6449678.879,2051.13,2051.2329
live,2026-08-07T07:21:53+00:00,708124926,441.4839,6.0811170,45.1038195,942278.676,6449676.989,2051.05,2050.9271
live,2026-08-07T07:21:53+00:00,708124926,443.4246,6.0811216,45.1038024,942279.117,6449675.099,2050.83,2050.6820
live,2026-08-07T07:21:53+00:00,708124926,445.3653,6.0811263,45.1037852,942279.558,6449673.208,2050.76,2050.5180
live,2026-08-07T07:21:53+00:00,708124926,447.3061,6.0811309,45.1037681,942279.998,6449671.318,2050.55,2050.3513
live,2026-08-07T07:21:53+00:00,708124926,449.2468,6.0811356,45.1037509,942280.439,6449669.428,2050.34,2050.0769
live,2026-08-07T07:21:53+00:00,708124926,451.0007,6.0811332,45.1037352,942280.318,6449667.679,2050.23,2049.8975
live,2026-08-07T07:21:53+00:00,708124926,452.1616,6.0811294,45.1037251,942280.063,6449666.546,2050.13,2049.7050
live,2026-08-07T07:21:53+00:00,708124926,453.3224,6.0811256,45.1037150,942279.808,6449665.414,2049.91,2049.5976
live,2026-08-07T07:21:53+00:00,708124926,454.4378,6.0811196,45.1037059,942279.376,6449664.385,2049.66,2049.4018
live,2026-08-07T07:21:53+00:00,708124926,455.5532,6.0811136,45.1036968,942278.944,6449663.357,2049.55,2049.2922
live,2026-08-07T07:21:53+00:00,708124926,457.3908,6.0811005,45.1036831,942277.974,6449661.796,2049.30,2049.1017
live,2026-08-07T07:21:53+00:00,708124926,458.6800,6.0810866,45.1036770,942276.908,6449661.071,2049.04,2048.9006
live,2026-08-07T07:21:53+00:00,708124926,459.9691,6.0810727,45.1036708,942275.842,6449660.346,2048.78,2048.7111
live,2026-08-07T07:21:53+00:00,708124926,460.9795,6.0810605,45.1036680,942274.896,6449659.992,2048.63,2048.7111
live,2026-08-07T07:21:53+00:00,708124926,461.9899,6.0810483,45.1036651,942273.949,6449659.639,2048.47,2048.5339
live,2026-08-07T07:21:53+00:00,708124926,463.5791,6.0810285,45.1036622,942272.405,6449659.262,2048.05,2048.3583
live,2026-08-07T07:21:53+00:00,708124926,465.1683,6.0810087,45.1036594,942270.862,6449658.885,2047.88,2048.1894
live,2026-08-07T07:21:53+00:00,708124926,466.3797,6.0809933,45.1036603,942269.651,6449658.937,2047.72,2048.0882
live,2026-08-07T07:21:53+00:00,708124926,467.5912,6.0809780,45.1036612,942268.441,6449658.990,2047.43,2047.9276
live,2026-08-07T07:21:53+00:00,708124926,469.1921,6.0809591,45.1036665,942266.932,6449659.526,2047.40,2047.7706
live,2026-08-07T07:21:53+00:00,708124926,470.7930,6.0809402,45.1036719,942265.424,6449660.062,2047.14,2047.6176
live,2026-08-07T07:21:53+00:00,708124926,472.4311,6.0809244,45.1036816,942264.144,6449661.084,2047.14,2047.4676
live,2026-08-07T07:21:53+00:00,708124926,474.0691,6.0809087,45.1036912,942262.865,6449662.107,2047.15,2047.1841
live,2026-08-07T07:21:53+00:00,708124926,475.7146,6.0808903,45.1036983,942261.388,6449662.833,2047.07,2047.0500
live,2026-08-07T07:21:53+00:00,708124926,477.3601,6.0808719,45.1037053,942259.911,6449663.559,2047.09,2046.9212
live,2026-08-07T07:21:53+00:00,708124926,479.3428,6.0808484,45.1037118,942258.040,6449664.214,2046.93,2046.6735
live,2026-08-07T07:21:53+00:00,708124926,481.3255,6.0808250,45.1037184,942256.168,6449664.869,2046.88,2046.5547
live,2026-08-07T07:21:53+00:00,708124926,483.2451,6.0808006,45.1037188,942254.249,6449664.838,2046.70,2046.4241
live,2026-08-07T07:21:53+00:00,708124926,484.3419,6.0807877,45.1037151,942253.251,6449664.382,2046.49,2046.3794
live,2026-08-07T07:21:53+00:00,708124926,485.4387,6.0807748,45.1037113,942252.254,6449663.927,2046.40,2046.2481
live,2026-08-07T07:21:53+00:00,708124926,486.5177,6.0807639,45.1037054,942251.423,6449663.238,2046.19,2046.2481
live,2026-08-07T07:21:53+00:00,708124926,487.5968,6.0807530,45.1036995,942250.592,6449662.550,2046.19,2046.1075
live,2026-08-07T07:21:53+00:00,708124926,489.2121,6.0807425,45.1036870,942249.820,6449661.131,2045.86,2045.9706
live,2026-08-07T07:21:53+00:00,708124926,490.4219,6.0807405,45.1036762,942249.710,6449659.926,2045.75,2045.8960
live,2026-08-07T07:21:53+00:00,708124926,491.6316,6.0807385,45.1036654,942249.600,6449658.721,2045.64,2045.8244
live,2026-08-07T07:21:53+00:00,708124926,493.6039,6.0807431,45.1036479,942250.041,6449656.799,2045.41,2045.6813
live,2026-08-07T07:21:53+00:00,708124926,495.5761,6.0807478,45.1036305,942250.482,6449654.877,2045.18,2045.4700
live,2026-08-07T07:21:53+00:00,708124926,497.5525,6.0807588,45.1036145,942251.416,6449653.135,2045.04,2045.2450
live,2026-08-07T07:21:53+00:00,708124926,499.5289,6.0807698,45.1035985,942252.349,6449651.393,2044.90,2045.0153
live,2026-08-07T07:21:53+00:00,708124926,501.5054,6.0807808,45.1035825,942253.283,6449649.651,2044.88,2044.7619
live,2026-08-07T07:21:53+00:00,708124926,503.4818,6.0807918,45.1035665,942254.217,6449647.909,2044.75,2044.5213
live,2026-08-07T07:21:53+00:00,708124926,505.1235,6.0807976,45.1035523,942254.734,6449646.351,2044.64,2044.3453
live,2026-08-07T07:21:53+00:00,708124926,506.2287,6.0807974,45.1035423,942254.762,6449645.246,2044.54,2044.1773
live,2026-08-07T07:21:53+00:00,708124926,507.3339,6.0807972,45.1035324,942254.789,6449644.142,2044.43,2044.0819
live,2026-08-07T07:21:53+00:00,708124926,509.1012,6.0807897,45.1035174,942254.265,6449642.454,2044.12,2043.8265
live,2026-08-07T07:21:53+00:00,708124926,511.0110,6.0807771,45.1035027,942253.338,6449640.784,2043.90,2043.6724
live,2026-08-07T07:21:53+00:00,708124926,512.4045,6.0807630,45.1034952,942252.259,6449639.903,2043.69,2043.5124
live,2026-08-07T07:21:53+00:00,708124926,513.7980,6.0807488,45.1034876,942251.179,6449639.021,2043.46,2043.4389
live,2026-08-07T07:21:53+00:00,708124926,515.2357,6.0807358,45.1034785,942250.197,6449637.971,2043.24,2043.2839
live,2026-08-07T07:21:53+00:00,708124926,516.6733,6.0807228,45.1034694,942249.215,6449636.922,2043.00,2043.1378
live,2026-08-07T07:21:53+00:00,708124926,518.1380,6.0807132,45.1034581,942248.509,6449635.638,2042.89,2042.9547
live,2026-08-07T07:21:53+00:00,708124926,519.1591,6.0807113,45.1034490,942248.403,6449634.623,2042.65,2042.8667
live,2026-08-07T07:21:53+00:00,708124926,520.1802,6.0807095,45.1034399,942248.297,6449633.607,2042.52,2042.7439
live,2026-08-07T07:21:53+00:00,708124926,521.2339,6.0807107,45.1034304,942248.433,6449632.562,2042.40,2042.7439
live,2026-08-07T07:21:53+00:00,708124926,522.2877,6.0807119,45.1034210,942248.568,6449631.517,2042.42,2042.6411
live,2026-08-07T07:21:53+00:00,708124926,523.8369,6.0807202,45.1034083,942249.275,6449630.139,2042.18,2042.5528
live,2026-08-07T07:21:53+00:00,708124926,525.3861,6.0807285,45.1033957,942249.982,6449628.760,2042.19,2042.4733
live,2026-08-07T07:21:53+00:00,708124926,526.9630,6.0807396,45.1033839,942250.909,6449627.485,2042.09,2042.4089
live,2026-08-07T07:21:53+00:00,708124926,528.5399,6.0807508,45.1033721,942251.837,6449626.210,2042.12,2042.3511
live,2026-08-07T07:21:53+00:00,708124926,529.5712,6.0807592,45.1033650,942252.532,6449625.447,2042.15,2042.3129
live,2026-08-07T07:21:53+00:00,708124926,530.6024,6.0807677,45.1033579,942253.227,6449624.685,2042.15,2042.3039
live,2026-08-07T07:21:53+00:00,708124926,532.5824,6.0807835,45.1033441,942254.532,6449623.197,2042.22,2042.2178
live,2026-08-07T07:21:53+00:00,708124926,534.5624,6.0807994,45.1033302,942255.838,6449621.709,2042.27,2042.1433
live,2026-08-07T07:21:53+00:00,708124926,536.0236,6.0808105,45.1033197,942256.759,6449620.574,2042.31,2042.1000
live,2026-08-07T07:21:53+00:00,708124926,537.4849,6.0808217,45.1033091,942257.679,6449619.439,2042.26,2042.0561
live,2026-08-07T07:21:53+00:00,708124926,538.9462,6.0808328,45.1032986,942258.600,6449618.304,2042.30,2041.9922
live,2026-08-07T07:21:53+00:00,708124926,540.5453,6.0808386,45.1032848,942259.116,6449616.791,2042.20,2041.8684
live,2026-08-07T07:21:53+00:00,708124926,542.1444,6.0808444,45.1032710,942259.631,6449615.277,2042.15,2041.7644
live,2026-08-07T07:21:53+00:00,708124926,543.3467,6.0808462,45.1032602,942259.819,6449614.089,2042.05,2041.6656
live,2026-08-07T07:21:53+00:00,708124926,544.5490,6.0808480,45.1032495,942260.007,6449612.902,2041.94,2041.5842
live,2026-08-07T07:21:53+00:00,708124926,545.5759,6.0808467,45.1032403,942259.945,6449611.877,2041.84,2041.4568
live,2026-08-07T07:21:53+00:00,708124926,546.6027,6.0808454,45.1032311,942259.883,6449610.852,2041.74,2041.3660
live,2026-08-07T07:21:53+00:00,708124926,547.6365,6.0808416,45.1032222,942259.619,6449609.852,2041.64,2041.2315
live,2026-08-07T07:21:53+00:00,708124926,548.6703,6.0808377,45.1032133,942259.355,6449608.853,2041.39,2041.1747
live,2026-08-07T07:21:53+00:00,708124926,550.6169,6.0808230,45.1031992,942258.260,6449607.243,2041.04,2041.0168
live,2026-08-07T07:21:53+00:00,708124926,551.6603,6.0808137,45.1031925,942257.559,6449606.471,2040.94,2040.8537
live,2026-08-07T07:21:53+00:00,708124926,552.7038,6.0808044,45.1031858,942256.857,6449605.699,2040.79,2040.7680
live,2026-08-07T07:21:53+00:00,708124926,553.7566,6.0807924,45.1031816,942255.932,6449605.196,2040.53,2040.6065
live,2026-08-07T07:21:53+00:00,708124926,554.8094,6.0807804,45.1031774,942255.007,6449604.693,2040.37,2040.4360
live,2026-08-07T07:21:53+00:00,708124926,556.1067,6.0807642,45.1031754,942253.738,6449604.421,2040.12,2040.2620
live,2026-08-07T07:21:53+00:00,708124926,557.4040,6.0807479,45.1031734,942252.470,6449604.149,2039.80,2040.0910
live,2026-08-07T07:21:53+00:00,708124926,558.6907,6.0807318,45.1031755,942251.196,6449604.328,2039.64,2039.9989
live,2026-08-07T07:21:53+00:00,708124926,559.9773,6.0807157,45.1031775,942249.921,6449604.506,2039.58,2039.8205
live,2026-08-07T07:21:53+00:00,708124926,561.5767,6.0806977,45.1031842,942248.478,6449605.194,2039.26,2039.5383
live,2026-08-07T07:21:53+00:00,708124926,563.1761,6.0806797,45.1031909,942247.034,6449605.882,2039.20,2039.3578
live,2026-08-07T07:21:53+00:00,708124926,564.5292,6.0806650,45.1031973,942245.854,6449606.544,2039.14,2039.1800
live,2026-08-07T07:21:53+00:00,708124926,565.8822,6.0806504,45.1032036,942244.673,6449607.205,2038.97,2038.9917
live,2026-08-07T07:21:53+00:00,708124926,567.2353,6.0806357,45.1032100,942243.493,6449607.867,2038.74,2038.9012
live,2026-08-07T07:21:53+00:00,708124926,568.5282,6.0806213,45.1032156,942242.333,6449608.439,2038.57,2038.7235
live,2026-08-07T07:21:53+00:00,708124926,569.8212,6.0806068,45.1032211,942241.173,6449609.010,2038.52,2038.5406
live,2026-08-07T07:21:53+00:00,708124926,571.5085,6.0805864,45.1032258,942239.550,6449609.469,2038.35,2038.2831
live,2026-08-07T07:21:53+00:00,708124926,573.1958,6.0805660,45.1032305,942237.926,6449609.928,2038.13,2038.0975
live,2026-08-07T07:21:53+00:00,708124926,574.8831,6.0805456,45.1032352,942236.302,6449610.387,2037.79,2037.9181
live,2026-08-07T07:21:53+00:00,708124926,576.5704,6.0805252,45.1032399,942234.679,6449610.846,2037.74,2037.7394
live,2026-08-07T07:21:53+00:00,708124926,578.2188,6.0805053,45.1032445,942233.093,6449611.296,2037.40,2037.5506
live,2026-08-07T07:21:53+00:00,708124926,579.8672,6.0804854,45.1032491,942231.507,6449611.745,2037.35,2037.2787
live,2026-08-07T07:21:53+00:00,708124926,581.5155,6.0804654,45.1032537,942229.921,6449612.194,2037.01,2037.0519
live,2026-08-07T07:21:53+00:00,708124926,583.1639,6.0804455,45.1032583,942228.335,6449612.644,2036.78,2036.9031
live,2026-08-07T07:21:53+00:00,708124926,584.8988,6.0804257,45.1032652,942226.751,6449613.353,2036.61,2036.7738
live,2026-08-07T07:21:53+00:00,708124926,586.6338,6.0804060,45.1032722,942225.168,6449614.061,2036.39,2036.6550
live,2026-08-07T07:21:53+00:00,708124926,588.3688,6.0803862,45.1032791,942223.584,6449614.770,2036.34,2036.5294
live,2026-08-07T07:21:53+00:00,708124926,590.0272,6.0803701,45.1032887,942222.273,6449615.786,2036.12,2036.4235
live,2026-08-07T07:21:53+00:00,708124926,591.6856,6.0803539,45.1032983,942220.963,6449616.802,2036.08,2036.3147
live,2026-08-07T07:21:53+00:00,708124926,592.7294,6.0803471,45.1033063,942220.389,6449617.674,2036.04,2036.2500
live,2026-08-07T07:21:53+00:00,708124926,593.7733,6.0803402,45.1033144,942219.816,6449618.547,2036.18,2036.1853
live,2026-08-07T07:21:53+00:00,708124926,595.1221,6.0803349,45.1033259,942219.350,6449619.812,2036.14,2036.0565
live,2026-08-07T07:21:53+00:00,708124926,596.4709,6.0803296,45.1033375,942218.883,6449621.078,2036.28,2035.8494
live,2026-08-07T07:21:53+00:00,708124926,598.1924,6.0803179,45.1033506,942217.907,6449622.495,2036.23,2035.7133
live,2026-08-07T07:21:53+00:00,708124926,599.2663,6.0803072,45.1033566,942217.043,6449623.134,2036.18,2035.5822
live,2026-08-07T07:21:53+00:00,708124926,600.3401,6.0802966,45.1033627,942216.180,6449623.773,2036.13,2035.4826
live,2026-08-07T07:21:53+00:00,708124926,601.8452,6.0802786,45.1033673,942214.746,6449624.228,2035.94,2035.3363
live,2026-08-07T07:21:53+00:00,708124926,603.6770,6.0802557,45.1033703,942212.933,6449624.491,2035.55,2035.1879
live,2026-08-07T07:21:53+00:00,708124926,605.5668,6.0802320,45.1033675,942211.082,6449624.108,2035.15,2034.8916
live,2026-08-07T07:21:53+00:00,708124926,606.6392,6.0802211,45.1033617,942210.251,6449623.430,2034.82,2034.8200
live,2026-08-07T07:21:53+00:00,708124926,607.7116,6.0802102,45.1033559,942209.419,6449622.753,2034.62,2034.6561
live,2026-08-07T07:21:53+00:00,708124926,608.8613,6.0802001,45.1033484,942208.654,6449621.895,2034.49,2034.5826
live,2026-08-07T07:21:53+00:00,708124926,610.0111,6.0801899,45.1033410,942207.888,6449621.037,2034.16,2034.4883
live,2026-08-07T07:21:53+00:00,708124926,611.0246,6.0801847,45.1033326,942207.516,6449620.095,2034.03,2034.3100
live,2026-08-07T07:21:53+00:00,708124926,612.0382,6.0801795,45.1033243,942207.143,6449619.152,2033.69,2034.1383
live,2026-08-07T07:21:53+00:00,708124926,613.5121,6.0801785,45.1033111,942207.118,6449617.679,2033.56,2033.9628
live,2026-08-07T07:21:53+00:00,708124926,614.9860,6.0801774,45.1032978,942207.093,6449616.205,2033.30,2033.7956
live,2026-08-07T07:21:53+00:00,708124926,616.4578,6.0801823,45.1032850,942207.529,6449614.799,2033.37,2033.6433
live,2026-08-07T07:21:53+00:00,708124926,617.9297,6.0801871,45.1032722,942207.966,6449613.394,2033.12,2033.6032
live,2026-08-07T07:21:53+00:00,708124926,619.5137,6.0801964,45.1032596,942208.752,6449612.018,2033.19,2033.3568
live,2026-08-07T07:21:53+00:00,708124926,621.0976,6.0802057,45.1032469,942209.538,6449610.643,2033.26,2033.2305
live,2026-08-07T07:21:53+00:00,708124926,622.5852,6.0802141,45.1032349,942210.250,6449609.337,2033.02,2033.0467
live,2026-08-07T07:21:53+00:00,708124926,624.0727,6.0802225,45.1032229,942210.962,6449608.031,2033.09,2032.9339
live,2026-08-07T07:21:53+00:00,708124926,625.5450,6.0802281,45.1032103,942211.457,6449606.644,2032.97,2032.8228
live,2026-08-07T07:21:53+00:00,708124926,627.0174,6.0802337,45.1031976,942211.952,6449605.258,2032.93,2032.6961
live,2026-08-07T07:21:53+00:00,708124926,628.0823,6.0802367,45.1031883,942212.228,6449604.229,2032.81,2032.5778
live,2026-08-07T07:21:53+00:00,708124926,629.1472,6.0802397,45.1031789,942212.504,6449603.201,2032.88,2032.4428
live,2026-08-07T07:21:53+00:00,708124926,630.5134,6.0802395,45.1031666,942212.538,6449601.835,2032.76,2032.4029
live,2026-08-07T07:21:53+00:00,708124926,631.8796,6.0802392,45.1031543,942212.572,6449600.469,2032.53,2032.3156
live,2026-08-07T07:21:53+00:00,708124926,632.8977,6.0802361,45.1031454,942212.366,6449599.472,2032.22,2032.1722
live,2026-08-07T07:21:53+00:00,708124926,633.9158,6.0802330,45.1031365,942212.161,6449598.475,2032.11,2032.0183
live,2026-08-07T07:21:53+00:00,708124926,635.4907,6.0802239,45.1031239,942211.505,6449597.043,2032.00,2031.8750
live,2026-08-07T07:21:53+00:00,708124926,637.0657,6.0802149,45.1031112,942210.848,6449595.612,2031.69,2031.7322
live,2026-08-07T07:21:53+00:00,708124926,638.5334,6.0802095,45.1030985,942210.479,6449594.191,2031.28,2031.5822
live,2026-08-07T07:21:53+00:00,708124926,640.0012,6.0802041,45.1030859,942210.109,6449592.771,2031.17,2031.4278
live,2026-08-07T07:21:53+00:00,708124926,641.5219,6.0801995,45.1030726,942209.805,6449591.281,2030.94,2031.2839
live,2026-08-07T07:21:53+00:00,708124926,643.2464,6.0801967,45.1030572,942209.652,6449589.563,2030.83,2031.0259
live,2026-08-07T07:21:53+00:00,708124926,644.5518,6.0801989,45.1030456,942209.875,6449588.277,2030.61,2030.8676
live,2026-08-07T07:21:53+00:00,708124926,645.8572,6.0802011,45.1030339,942210.099,6449586.991,2030.49,2030.7118
live,2026-08-07T07:21:53+00:00,708124926,647.5472,6.0802094,45.1030198,942210.808,6449585.457,2030.44,2030.5547
live,2026-08-07T07:21:53+00:00,708124926,649.2371,6.0802176,45.1030058,942211.517,6449583.923,2030.52,2030.3841
live,2026-08-07T07:21:53+00:00,708124926,650.8319,6.0802229,45.1029920,942211.998,6449582.402,2030.27,2030.2229
live,2026-08-07T07:21:53+00:00,708124926,652.4266,6.0802283,45.1029781,942212.478,6449580.882,2030.15,2030.0571
live,2026-08-07T07:21:53+00:00,708124926,653.7920,6.0802309,45.1029659,942212.739,6449579.541,2030.22,2029.8771
live,2026-08-07T07:21:53+00:00,708124926,655.1574,6.0802336,45.1029538,942213.000,6449578.201,2029.97,2029.6776
live,2026-08-07T07:21:53+00:00,708124926,656.6017,6.0802331,45.1029408,942213.017,6449576.757,2029.84,2029.6056
live,2026-08-07T07:21:53+00:00,708124926,658.0461,6.0802326,45.1029278,942213.034,6449575.313,2029.57,2029.3881
live,2026-08-07T07:21:53+00:00,708124926,659.7650,6.0802293,45.1029125,942212.841,6449573.605,2029.44,2029.0453
live,2026-08-07T07:21:53+00:00,708124926,660.8509,6.0802243,45.1029034,942212.483,6449572.579,2029.10,2028.8300
live,2026-08-07T07:21:53+00:00,708124926,661.9369,6.0802192,45.1028943,942212.126,6449571.554,2028.95,2028.7244
live,2026-08-07T07:21:53+00:00,708124926,663.6887,6.0802058,45.1028817,942211.127,6449570.114,2028.46,2028.4088
live,2026-08-07T07:21:53+00:00,708124926,665.5666,6.0801872,45.1028711,942209.711,6449568.881,2028.11,2028.2065
live,2026-08-07T07:21:53+00:00,708124926,667.4966,6.0801637,45.1028661,942207.886,6449568.254,2027.55,2028.0047
live,2026-08-07T07:21:53+00:00,708124926,669.1991,6.0801421,45.1028671,942206.184,6449568.299,2027.13,2027.6869
live,2026-08-07T07:21:53+00:00,708124926,670.7534,6.0801246,45.1028736,942204.780,6449568.966,2027.06,2027.4956
live,2026-08-07T07:21:53+00:00,708124926,671.9907,6.0801122,45.1028805,942203.780,6449569.694,2026.99,2027.4335
live,2026-08-07T07:21:53+00:00,708124926,673.2280,6.0800999,45.1028874,942202.779,6449570.422,2026.78,2027.2447
live,2026-08-07T07:21:53+00:00,708124926,674.6694,6.0800887,45.1028977,942201.858,6449571.531,2026.85,2026.9325
live,2026-08-07T07:21:53+00:00,708124926,676.1108,6.0800776,45.1029080,942200.937,6449572.640,2026.78,2026.8459
live,2026-08-07T07:21:53+00:00,708124926,677.8174,6.0800675,45.1029216,942200.085,6449574.118,2026.71,2026.6488
live,2026-08-07T07:21:53+00:00,708124926,679.5240,6.0800574,45.1029352,942199.232,6449575.596,2026.79,2026.4641
live,2026-08-07T07:21:53+00:00,708124926,681.1368,6.0800447,45.1029466,942198.184,6449576.823,2026.72,2026.2841
live,2026-08-07T07:21:53+00:00,708124926,682.2280,6.0800333,45.1029522,942197.264,6449577.409,2026.51,2026.1329
live,2026-08-07T07:21:53+00:00,708124926,683.7431,6.0800160,45.1029582,942195.879,6449578.022,2026.44,2025.9700
live,2026-08-07T07:21:53+00:00,708124926,684.8061,6.0800027,45.1029599,942194.826,6449578.170,2026.23,2025.8035
live,2026-08-07T07:21:53+00:00,708124926,686.6659,6.0799793,45.1029575,942192.997,6449577.832,2025.81,2025.6335
live,2026-08-07T07:21:53+00:00,708124926,687.9458,6.0799650,45.1029520,942191.897,6449577.177,2025.46,2025.4394
live,2026-08-07T07:21:53+00:00,708124926,689.6498,6.0799515,45.1029400,942190.888,6449575.804,2025.11,2025.2300
live,2026-08-07T07:21:53+00:00,708124926,690.7101,6.0799479,45.1029308,942190.645,6449574.772,2024.97,2025.0053
live,2026-08-07T07:21:53+00:00,708124926,692.1866,6.0799447,45.1029177,942190.450,6449573.309,2024.49,2024.7641
live,2026-08-07T07:21:53+00:00,708124926,693.7865,6.0799467,45.1029034,942190.672,6449571.724,2024.56,2024.5041
live,2026-08-07T07:21:53+00:00,708124926,695.3864,6.0799488,45.1028890,942190.894,6449570.140,2024.29,2024.2529
live,2026-08-07T07:21:53+00:00,708124926,696.9863,6.0799508,45.1028747,942191.116,6449568.555,2024.16,2023.9947
live,2026-08-07T07:21:53+00:00,708124926,698.8954,6.0799445,45.1028581,942190.693,6449566.694,2023.89,2023.6439
live,2026-08-07T07:21:53+00:00,708124926,699.9265,6.0799364,45.1028508,942190.088,6449565.859,2023.55,2023.4239
live,2026-08-07T07:21:53+00:00,708124926,700.9576,6.0799283,45.1028435,942189.483,6449565.024,2023.22,2023.2200
live,2026-08-07T07:21:53+00:00,708124926,702.2323,6.0799144,45.1028376,942188.416,6449564.326,2022.89,2023.1088
live,2026-08-07T07:21:53+00:00,708124926,703.8705,6.0798941,45.1028343,942186.834,6449563.898,2022.69,2022.9182
live,2026-08-07T07:21:53+00:00,708124926,705.6711,6.0798714,45.1028364,942185.041,6449564.061,2022.30,2022.7606
live,2026-08-07T07:21:53+00:00,708124926,706.9803,6.0798572,45.1028426,942183.899,6449564.700,2022.24,2022.5953
live,2026-08-07T07:21:53+00:00,708124926,708.2895,6.0798430,45.1028487,942182.756,6449565.339,2022.05,2022.4488
live,2026-08-07T07:21:53+00:00,708124926,709.6272,6.0798309,45.1028572,942181.772,6449566.246,2021.99,2022.3419
live,2026-08-07T07:21:53+00:00,708124926,710.9649,6.0798189,45.1028657,942180.788,6449567.152,2021.92,2022.3135
live,2026-08-07T07:21:53+00:00,708124926,712.1862,6.0798090,45.1028742,942179.977,6449568.065,2021.85,2022.1900
live,2026-08-07T07:21:53+00:00,708124926,713.4074,6.0797992,45.1028827,942179.166,6449568.978,2021.79,2022.1050
live,2026-08-07T07:21:53+00:00,708124926,715.2317,6.0797863,45.1028964,942178.096,6449570.455,2021.73,2021.9625
live,2026-08-07T07:21:53+00:00,708124926,717.0560,6.0797735,45.1029100,942177.025,6449571.933,2021.81,2021.9037
live,2026-08-07T07:21:53+00:00,708124926,718.8803,6.0797606,45.1029237,942175.955,6449573.410,2021.75,2021.8537
live,2026-08-07T07:21:53+00:00,708124926,720.7685,6.0797493,45.1029387,942175.002,6449575.040,2021.80,2021.7494
live,2026-08-07T07:21:53+00:00,708124926,722.6567,6.0797380,45.1029537,942174.049,6449576.670,2021.86,2021.6519
live,2026-08-07T07:21:53+00:00,708124926,724.3165,6.0797292,45.1029673,942173.302,6449578.152,2021.79,2021.5531
live,2026-08-07T07:21:53+00:00,708124926,725.9764,6.0797205,45.1029809,942172.555,6449579.635,2022.01,2021.4253
live,2026-08-07T07:21:53+00:00,708124926,727.1869,6.0797094,45.1029884,942171.650,6449580.439,2021.82,2021.3287
live,2026-08-07T07:21:53+00:00,708124926,728.3974,6.0796983,45.1029960,942170.745,6449581.242,2021.75,2021.1906
live,2026-08-07T07:21:53+00:00,708124926,730.0197,6.0796806,45.1030035,942169.322,6449582.021,2021.50,2021.0362
live,2026-08-07T07:21:53+00:00,708124926,731.5902,6.0796609,45.1030058,942167.763,6449582.215,2021.32,2020.7606
live,2026-08-07T07:21:53+00:00,708124926,733.2511,6.0796411,45.1030006,942166.230,6449581.578,2021.00,2020.6550
live,2026-08-07T07:21:53+00:00,708124926,734.7987,6.0796262,45.1029915,942165.098,6449580.522,2020.73,2020.4872
live,2026-08-07T07:21:53+00:00,708124926,736.3462,6.0796113,45.1029824,942163.966,6449579.466,2020.34,2020.3106
live,2026-08-07T07:21:53+00:00,708124926,737.4539,6.0795996,45.1029769,942163.071,6449578.815,2020.17,2020.1322
live,2026-08-07T07:21:53+00:00,708124926,738.5615,6.0795879,45.1029713,942162.175,6449578.163,2019.88,2019.9361
live,2026-08-07T07:21:53+00:00,708124926,740.3263,6.0795663,45.1029670,942160.496,6449577.619,2019.52,2019.7511
live,2026-08-07T07:21:53+00:00,708124926,741.5995,6.0795504,45.1029691,942159.237,6449577.809,2019.34,2019.6335
live,2026-08-07T07:21:53+00:00,708124926,742.8727,6.0795345,45.1029713,942157.978,6449577.999,2019.15,2019.4506
live,2026-08-07T07:21:53+00:00,708124926,743.9889,6.0795210,45.1029744,942156.904,6449578.302,2018.95,2019.3972
live,2026-08-07T07:21:53+00:00,708124926,745.1052,6.0795075,45.1029775,942155.830,6449578.604,2018.86,2019.2400
live,2026-08-07T07:21:53+00:00,708124926,746.3654,6.0794977,45.1029865,942155.017,6449579.567,2018.78,2019.1365
live,2026-08-07T07:21:53+00:00,708124926,747.6257,6.0794878,45.1029954,942154.204,6449580.530,2018.68,2018.9988
live,2026-08-07T07:21:53+00:00,708124926,749.2279,6.0794766,45.1030074,942153.271,6449581.833,2018.58,2018.8394
live,2026-08-07T07:21:53+00:00,708124926,750.8301,6.0794654,45.1030195,942152.339,6449583.136,2018.48,2018.7344
live,2026-08-07T07:21:53+00:00,708124926,752.4903,6.0794544,45.1030322,942151.416,6449584.516,2018.49,2018.6011
live,2026-08-07T07:21:53+00:00,708124926,754.1504,6.0794433,45.1030450,942150.493,6449585.896,2018.39,2018.4639
live,2026-08-07T07:21:53+00:00,708124926,755.8105,6.0794323,45.1030577,942149.570,6449587.276,2018.49,2018.3667
live,2026-08-07T07:21:53+00:00,708124926,757.4707,6.0794212,45.1030705,942148.647,6449588.656,2018.49,2018.2700
live,2026-08-07T07:21:53+00:00,708124926,759.1308,6.0794102,45.1030832,942147.725,6449590.036,2018.39,2018.1194
live,2026-08-07T07:21:53+00:00,708124926,760.2487,6.0794027,45.1030918,942147.098,6449590.962,2018.29,2017.9912
live,2026-08-07T07:21:53+00:00,708124926,761.3666,6.0793952,45.1031003,942146.472,6449591.888,2018.18,2017.8911
live,2026-08-07T07:21:53+00:00,708124926,762.3723,6.0793858,45.1031064,942145.702,6449592.536,2018.28,2017.7411
live,2026-08-07T07:21:53+00:00,708124926,763.3780,6.0793763,45.1031125,942144.933,6449593.184,2018.09,2017.6976
live,2026-08-07T07:21:53+00:00,708124926,764.5208,6.0793632,45.1031170,942143.884,6449593.638,2017.99,2017.5906
live,2026-08-07T07:21:53+00:00,708124926,765.6635,6.0793501,45.1031214,942142.836,6449594.091,2017.79,2017.3247
live,2026-08-07T07:21:53+00:00,708124926,767.0108,6.0793332,45.1031232,942141.496,6449594.233,2017.40,2017.2656
live,2026-08-07T07:21:53+00:00,708124926,768.3581,6.0793162,45.1031249,942140.156,6449594.376,2017.21,2017.0917
live,2026-08-07T07:21:53+00:00,708124926,770.3041,6.0792918,45.1031220,942138.251,6449593.979,2016.81,2016.9061
live,2026-08-07T07:21:53+00:00,708124926,771.7139,6.0792776,45.1031143,942137.164,6449593.081,2016.50,2016.7139
live,2026-08-07T07:21:53+00:00,708124926,773.1237,6.0792633,45.1031066,942136.078,6449592.183,2016.19,2016.5150
live,2026-08-07T07:21:53+00:00,708124926,774.4356,6.0792532,45.1030972,942135.325,6449591.108,2015.88,2016.4171
live,2026-08-07T07:21:53+00:00,708124926,775.9205,6.0792458,45.1030849,942134.796,6449589.721,2015.77,2016.0950
live,2026-08-07T07:21:53+00:00,708124926,777.0317,6.0792429,45.1030751,942134.615,6449588.624,2015.67,2015.8819
live,2026-08-07T07:21:53+00:00,708124926,778.1430,6.0792401,45.1030653,942134.433,6449587.528,2015.36,2015.7988
live,2026-08-07T07:21:53+00:00,708124926,780.1261,6.0792421,45.1030475,942134.667,6449585.559,2015.36,2015.4769
live,2026-08-07T07:21:53+00:00,708124926,782.1093,6.0792441,45.1030297,942134.902,6449583.590,2015.15,2015.2969
live,2026-08-07T07:21:53+00:00,708124926,784.0924,6.0792461,45.1030119,942135.136,6449581.620,2014.93,2015.1275
live,2026-08-07T07:21:53+00:00,708124926,785.6170,6.0792481,45.1029982,942135.356,6449580.112,2014.71,2014.9762
live,2026-08-07T07:21:53+00:00,708124926,787.1415,6.0792502,45.1029846,942135.576,6449578.603,2014.80,2014.7673
live,2026-08-07T07:21:53+00:00,708124926,788.4414,6.0792524,45.1029730,942135.800,6449577.323,2014.58,2014.6313
live,2026-08-07T07:21:53+00:00,708124926,789.7413,6.0792546,45.1029614,942136.023,6449576.042,2014.47,2014.4867
live,2026-08-07T07:21:53+00:00,708124926,791.5268,6.0792590,45.1029456,942136.439,6449574.306,2014.24,2014.3680
live,2026-08-07T07:21:53+00:00,708124926,793.3122,6.0792635,45.1029299,942136.856,6449572.570,2014.33,2014.2340
live,2026-08-07T07:21:53+00:00,708124926,795.0977,6.0792679,45.1029141,942137.273,6449570.834,2014.10,2014.0438
live,2026-08-07T07:21:53+00:00,708124926,796.7031,6.0792702,45.1028997,942137.519,6449569.247,2014.08,2013.9150
live,2026-08-07T07:21:53+00:00,708124926,798.3086,6.0792726,45.1028854,942137.765,6449567.661,2013.96,2013.7850
live,2026-08-07T07:21:53+00:00,708124926,799.9140,6.0792749,45.1028710,942138.011,6449566.074,2013.73,2013.7173
live,2026-08-07T07:21:53+00:00,708124926,801.5194,6.0792773,45.1028567,942138.257,6449564.488,2013.50,2013.5713
live,2026-08-07T07:21:53+00:00,708124926,803.1249,6.0792796,45.1028423,942138.503,6449562.901,2013.58,2013.4247
live,2026-08-07T07:21:53+00:00,708124926,804.5783,6.0792806,45.1028292,942138.641,6449561.454,2013.35,2013.2237
live,2026-08-07T07:21:53+00:00,708124926,806.0318,6.0792817,45.1028162,942138.779,6449560.007,2013.23,2013.0887
live,2026-08-07T07:21:53+00:00,708124926,807.4853,6.0792827,45.1028031,942138.917,6449558.560,2013.11,2013.0887
live,2026-08-07T07:21:53+00:00,708124926,809.1034,6.0792807,45.1027886,942138.822,6449556.945,2012.87,2012.9725
live,2026-08-07T07:21:53+00:00,708124926,810.7214,6.0792787,45.1027741,942138.728,6449555.330,2012.63,2012.8531
live,2026-08-07T07:21:53+00:00,708124926,812.6086,6.0792812,45.1027572,942138.997,6449553.462,2012.39,2012.6713
live,2026-08-07T07:21:53+00:00,708124926,814.4959,6.0792837,45.1027403,942139.267,6449551.594,2012.27,2012.5362
live,2026-08-07T07:21:53+00:00,708124926,815.6250,6.0792880,45.1027306,942139.647,6449550.531,2012.35,2012.4313
live,2026-08-07T07:21:53+00:00,708124926,816.7541,6.0792923,45.1027209,942140.027,6449549.467,2012.10,2012.4313
live,2026-08-07T07:21:53+00:00,708124926,818.4030,6.0793035,45.1027084,942140.962,6449548.109,2012.17,2012.2765
live,2026-08-07T07:21:53+00:00,708124926,820.0519,6.0793147,45.1026958,942141.896,6449546.751,2012.24,2012.0894
live,2026-08-07T07:21:53+00:00,708124926,822.0459,6.0793273,45.1026802,942142.950,6449545.058,2012.17,2011.9656
live,2026-08-07T07:21:53+00:00,708124926,824.0400,6.0793398,45.1026646,942144.004,6449543.365,2012.11,2011.7453
live,2026-08-07T07:21:53+00:00,708124926,825.2074,6.0793441,45.1026545,942144.389,6449542.263,2011.98,2011.6100
live,2026-08-07T07:21:53+00:00,708124926,826.3748,6.0793485,45.1026445,942144.775,6449541.161,2012.03,2011.5083
live,2026-08-07T07:21:53+00:00,708124926,827.9969,6.0793479,45.1026299,942144.795,6449539.539,2011.90,2011.3600
live,2026-08-07T07:21:53+00:00,708124926,829.6190,6.0793474,45.1026153,942144.815,6449537.917,2011.64,2011.0383
live,2026-08-07T07:21:53+00:00,708124926,830.8802,6.0793431,45.1026044,942144.528,6449536.689,2011.51,2011.0383
live,2026-08-07T07:21:53+00:00,708124926,832.1415,6.0793389,45.1025934,942144.242,6449535.461,2011.07,2010.8622
live,2026-08-07T07:21:53+00:00,708124926,833.4278,6.0793273,45.1025852,942143.369,6449534.515,2010.89,2010.6622
live,2026-08-07T07:21:53+00:00,708124926,834.7142,6.0793158,45.1025770,942142.497,6449533.570,2010.58,2010.5735
live,2026-08-07T07:21:53+00:00,708124926,835.9267,6.0793016,45.1025727,942141.399,6449533.055,2010.27,2010.4522
live,2026-08-07T07:21:53+00:00,708124926,837.1393,6.0792874,45.1025685,942140.302,6449532.540,2010.09,2010.2356
live,2026-08-07T07:21:53+00:00,708124926,838.1497,6.0792749,45.1025664,942139.328,6449532.268,2009.78,2010.1329
live,2026-08-07T07:21:53+00:00,708124926,839.1602,6.0792624,45.1025643,942138.355,6449531.997,2009.60,2009.8929
live,2026-08-07T07:21:53+00:00,708124926,840.5856,6.0792445,45.1025663,942136.940,6449532.164,2009.42,2009.6459
live,2026-08-07T07:21:53+00:00,708124926,842.0109,6.0792266,45.1025683,942135.524,6449532.331,2009.24,2009.6459
live,2026-08-07T07:21:53+00:00,708124926,843.8118,6.0792049,45.1025735,942133.798,6449532.844,2009.00,2009.1518
live,2026-08-07T07:21:53+00:00,708124926,845.6127,6.0791832,45.1025787,942132.072,6449533.358,2008.64,2008.9041
live,2026-08-07T07:21:53+00:00,708124926,847.4136,6.0791616,45.1025840,942130.346,6449533.871,2008.39,2008.5356
live,2026-08-07T07:21:53+00:00,708124926,849.2145,6.0791399,45.1025892,942128.619,6449534.384,2008.21,2008.2931
live,2026-08-07T07:21:53+00:00,708124926,850.9850,6.0791190,45.1025951,942126.949,6449534.972,2007.95,2007.9340
live,2026-08-07T07:21:53+00:00,708124926,852.7555,6.0790981,45.1026009,942125.279,6449535.560,2007.70,2007.6807
live,2026-08-07T07:21:53+00:00,708124926,854.5259,6.0790771,45.1026068,942123.609,6449536.148,2007.51,2007.1773
live,2026-08-07T07:21:53+00:00,708124926,856.2964,6.0790562,45.1026127,942121.939,6449536.736,2007.24,2007.0606
live,2026-08-07T07:21:53+00:00,708124926,857.9223,6.0790362,45.1026164,942120.351,6449537.085,2006.86,2006.8112
live,2026-08-07T07:21:53+00:00,708124926,859.5482,6.0790162,45.1026201,942118.763,6449537.434,2006.67,2006.5981
live,2026-08-07T07:21:53+00:00,708124926,861.1741,6.0789962,45.1026238,942117.175,6449537.784,2006.39,2006.4006
live,2026-08-07T07:21:53+00:00,708124926,862.5842,6.0789785,45.1026257,942115.774,6449537.936,2006.19,2006.2800
live,2026-08-07T07:21:53+00:00,708124926,863.9944,6.0789607,45.1026275,942114.372,6449538.089,2005.80,2006.0987
live,2026-08-07T07:21:53+00:00,708124926,865.4045,6.0789430,45.1026294,942112.970,6449538.242,2005.60,2005.9267
live,2026-08-07T07:21:53+00:00,708124926,866.5773,6.0789292,45.1026334,942111.868,6449538.644,2005.51,2005.9267
live,2026-08-07T07:21:53+00:00,708124926,867.7502,6.0789154,45.1026374,942110.766,6449539.045,2005.31,2005.7667
live,2026-08-07T07:21:53+00:00,708124926,869.6985,6.0788972,45.1026493,942109.284,6449540.310,2005.01,2005.6167
live,2026-08-07T07:21:53+00:00,708124926,871.6039,6.0788881,45.1026652,942108.500,6449542.047,2005.23,2005.4907
live,2026-08-07T07:21:53+00:00,708124926,873.5093,6.0788790,45.1026811,942107.716,6449543.783,2005.23,2005.3480
live,2026-08-07T07:21:53+00:00,708124926,875.3959,6.0788708,45.1026971,942106.999,6449545.528,2005.23,2005.1307
live,2026-08-07T07:21:53+00:00,708124926,877.2824,6.0788625,45.1027130,942106.281,6449547.273,2005.12,2004.9771
live,2026-08-07T07:21:53+00:00,708124926,879.1924,6.0788477,45.1027266,942105.059,6449548.740,2005.11,2004.6386
live,2026-08-07T07:21:53+00:00,708124926,881.1023,6.0788329,45.1027403,942103.837,6449550.208,2004.99,2004.4757
live,2026-08-07T07:21:53+00:00,708124926,883.0122,6.0788181,45.1027539,942102.614,6449551.676,2004.97,2004.1867
live,2026-08-07T07:21:53+00:00,708124926,884.8512,6.0787974,45.1027616,942100.954,6449552.467,2004.53,2003.9940
live,2026-08-07T07:21:53+00:00,708124926,886.7124,6.0787750,45.1027670,942099.170,6449552.997,2004.19,2003.7947
live,2026-08-07T07:21:53+00:00,708124926,888.6528,6.0787512,45.1027624,942097.320,6449552.414,2003.65,2003.5820
live,2026-08-07T07:21:53+00:00,708124926,890.4757,6.0787340,45.1027514,942096.015,6449551.140,2003.34,2003.2681
live,2026-08-07T07:21:53+00:00,708124926,891.4951,6.0787257,45.1027444,942095.394,6449550.333,2003.03,2003.2681
live,2026-08-07T07:21:53+00:00,708124926,892.5146,6.0787174,45.1027373,942094.772,6449549.525,2003.03,2003.0512
live,2026-08-07T07:21:53+00:00,708124926,893.8912,6.0787132,45.1027253,942094.494,6449548.176,2002.62,2002.8425
live,2026-08-07T07:21:53+00:00,708124926,895.2679,6.0787090,45.1027132,942094.216,6449546.828,2002.53,2002.8425
live,2026-08-07T07:21:53+00:00,708124926,896.6446,6.0787048,45.1027012,942093.938,6449545.480,2002.34,2002.6212
live,2026-08-07T07:21:53+00:00,708124926,898.1723,6.0787042,45.1026874,942093.954,6449543.952,2002.24,2002.4213
live,2026-08-07T07:21:53+00:00,708124926,899.7000,6.0787037,45.1026737,942093.970,6449542.425,2002.04,2002.2419
live,2026-08-07T07:21:53+00:00,708124926,901.2277,6.0787031,45.1026600,942093.987,6449540.897,2001.94,2002.0825
live,2026-08-07T07:21:53+00:00,708124926,902.7554,6.0787026,45.1026462,942094.003,6449539.369,2001.74,2002.0182
live,2026-08-07T07:21:53+00:00,708124926,904.4436,6.0787059,45.1026312,942094.327,6449537.713,2001.64,2001.8075
live,2026-08-07T07:21:53+00:00,708124926,906.1319,6.0787092,45.1026162,942094.652,6449536.056,2001.65,2001.6781
live,2026-08-07T07:21:53+00:00,708124926,907.8201,6.0787125,45.1026011,942094.976,6449534.399,2001.43,2001.5173
live,2026-08-07T07:21:53+00:00,708124926,909.5083,6.0787158,45.1025861,942095.300,6449532.742,2001.33,2001.4167
live,2026-08-07T07:21:53+00:00,708124926,911.1965,6.0787191,45.1025711,942095.625,6449531.085,2001.32,2001.3293
live,2026-08-07T07:21:53+00:00,708124926,912.9794,6.0787228,45.1025553,942095.987,6449529.340,2001.10,2001.2786
live,2026-08-07T07:21:53+00:00,708124926,914.7622,6.0787266,45.1025394,942096.349,6449527.594,2000.99,2001.1780
live,2026-08-07T07:21:53+00:00,708124926,916.5450,6.0787303,45.1025236,942096.711,6449525.848,2000.98,2001.1080
live,2026-08-07T07:21:53+00:00,708124926,918.3118,6.0787412,45.1025097,942097.630,6449524.339,2000.96,2000.9606
live,2026-08-07T07:21:53+00:00,708124926,920.0786,6.0787521,45.1024958,942098.548,6449522.830,2001.06,2000.9147
live,2026-08-07T07:21:53+00:00,708124926,921.8454,6.0787631,45.1024819,942099.467,6449521.321,2000.83,2000.7244
live,2026-08-07T07:21:53+00:00,708124926,923.6122,6.0787740,45.1024680,942100.386,6449519.812,2000.93,2000.5756
live,2026-08-07T07:21:53+00:00,708124926,925.5609,6.0787816,45.1024513,942101.056,6449517.982,2000.91,2000.2544
live,2026-08-07T07:21:53+00:00,708124926,926.7275,6.0787812,45.1024408,942101.070,6449516.816,2000.80,2000.1476
live,2026-08-07T07:21:53+00:00,708124926,927.8941,6.0787808,45.1024303,942101.084,6449515.649,2000.69,1999.9853
live,2026-08-07T07:21:53+00:00,708124926,929.3180,6.0787715,45.1024193,942100.400,6449514.400,2000.25,1999.9231
live,2026-08-07T07:21:53+00:00,708124926,930.7419,6.0787622,45.1024083,942099.717,6449513.151,2000.14,1999.8059
live,2026-08-07T07:21:53+00:00,708124926,932.6890,6.0787473,45.1023943,942098.607,6449511.551,1999.81,1999.5387
live,2026-08-07T07:21:53+00:00,708124926,933.8935,6.0787334,45.1023898,942097.534,6449511.004,1999.49,1999.4388
live,2026-08-07T07:21:53+00:00,708124926,935.0979,6.0787195,45.1023852,942096.461,6449510.456,1998.95,1999.2565
live,2026-08-07T07:21:53+00:00,708124926,936.1701,6.0787059,45.1023845,942095.395,6449510.342,1998.74,1999.1519
live,2026-08-07T07:21:53+00:00,708124926,937.2422,6.0786923,45.1023839,942094.329,6449510.228,1998.54,1999.0688
live,2026-08-07T07:21:53+00:00,708124926,938.6028,6.0786760,45.1023879,942093.027,6449510.622,1998.44,1998.8759
live,2026-08-07T07:21:53+00:00,708124926,939.9634,6.0786596,45.1023919,942091.724,6449511.016,1998.23,1998.6835
live,2026-08-07T07:21:53+00:00,708124926,941.8980,6.0786426,45.1024045,942090.331,6449512.358,1997.93,1998.3950
live,2026-08-07T07:21:53+00:00,708124926,943.8327,6.0786255,45.1024170,942088.938,6449513.701,1997.94,1998.2387
live,2026-08-07T07:21:53+00:00,708124926,945.7673,6.0786085,45.1024296,942087.545,6449515.043,1997.84,1998.0818
live,2026-08-07T07:21:53+00:00,708124926,947.3097,6.0785972,45.1024410,942086.611,6449516.271,1997.73,1997.9653
live,2026-08-07T07:21:53+00:00,708124926,948.8521,6.0785860,45.1024524,942085.678,6449517.499,1997.74,1997.8188
live,2026-08-07T07:21:53+00:00,708124926,950.3945,6.0785747,45.1024637,942084.744,6449518.727,1997.63,1997.7169
live,2026-08-07T07:21:53+00:00,708124926,951.9369,6.0785635,45.1024751,942083.811,6449519.955,1997.53,1997.5365
live,2026-08-07T07:21:53+00:00,708124926,953.4336,6.0785604,45.1024884,942083.512,6449521.421,1997.64,1997.4931
live,2026-08-07T07:21:53+00:00,708124926,954.9303,6.0785574,45.1025017,942083.214,6449522.888,1997.64,1997.3719
live,2026-08-07T07:21:53+00:00,708124926,956.4270,6.0785543,45.1025150,942082.915,6449524.354,1997.75,1997.2150
live,2026-08-07T07:21:53+00:00,708124926,957.4353,6.0785457,45.1025217,942082.206,6449525.071,1997.63,1997.0906
live,2026-08-07T07:21:53+00:00,708124926,958.4435,6.0785370,45.1025284,942081.497,6449525.788,1997.51,1997.0438
live,2026-08-07T07:21:53+00:00,708124926,960.2023,6.0785187,45.1025375,942080.020,6449526.742,1997.38,1996.8594
live,2026-08-07T07:21:53+00:00,708124926,961.9275,6.0784971,45.1025402,942078.310,6449526.976,1996.91,1996.4865
live,2026-08-07T07:21:53+00:00,708124926,963.0161,6.0784833,45.1025394,942077.229,6449526.850,1996.67,1996.4150
live,2026-08-07T07:21:53+00:00,708124926,964.1048,6.0784695,45.1025387,942076.148,6449526.725,1996.42,1996.2476
live,2026-08-07T07:21:53+00:00,708124926,966.0428,6.0784506,45.1025275,942074.708,6449525.427,1995.99,1995.7465
live,2026-08-07T07:21:53+00:00,708124926,967.9808,6.0784316,45.1025164,942073.268,6449524.130,1995.43,1995.3617
live,2026-08-07T07:21:53+00:00,708124926,969.9187,6.0784127,45.1025052,942071.828,6449522.833,1995.10,1995.1033
live,2026-08-07T07:21:53+00:00,708124926,971.4210,6.0783959,45.1024987,942070.540,6449522.060,1994.78,1994.7000
live,2026-08-07T07:21:53+00:00,708124926,972.9233,6.0783792,45.1024922,942069.252,6449521.287,1994.24,1994.4624
live,2026-08-07T07:21:53+00:00,708124926,974.4011,6.0783604,45.1024930,942067.774,6449521.324,1994.02,1994.4624
live,2026-08-07T07:21:53+00:00,708124926,975.8789,6.0783417,45.1024939,942066.297,6449521.361,1993.57,1994.1106
live,2026-08-07T07:21:53+00:00,708124926,976.9462,6.0783302,45.1024990,942065.371,6449521.892,1993.44,1993.9194
live,2026-08-07T07:21:53+00:00,708124926,978.0134,6.0783187,45.1025041,942064.445,6449522.422,1993.21,1993.8976
live,2026-08-07T07:21:53+00:00,708124926,979.1430,6.0783087,45.1025114,942063.628,6449523.202,1993.30,1993.7669
live,2026-08-07T07:21:53+00:00,708124926,980.2726,6.0782987,45.1025187,942062.810,6449523.981,1993.16,1993.7659
live,2026-08-07T07:21:53+00:00,708124926,982.2051,6.0782918,45.1025354,942062.196,6449525.814,1993.10,1993.6600
live,2026-08-07T07:21:53+00:00,708124926,983.8110,6.0782903,45.1025498,942062.015,6449527.409,1993.18,1993.5847
live,2026-08-07T07:21:53+00:00,708124926,985.4168,6.0782888,45.1025642,942061.835,6449529.005,1993.34,1993.5218
live,2026-08-07T07:21:53+00:00,708124926,987.0227,6.0782873,45.1025787,942061.655,6449530.601,1993.49,1993.4459
live,2026-08-07T07:21:53+00:00,708124926,988.6285,6.0782858,45.1025931,942061.474,6449532.196,1993.36,1993.4282
live,2026-08-07T07:21:53+00:00,708124926,990.2344,6.0782843,45.1026075,942061.294,6449533.792,1993.55,1993.3924
live,2026-08-07T07:21:53+00:00,708124926,992.1036,6.0782782,45.1026238,942060.744,6449535.579,1993.75,1993.3612
live,2026-08-07T07:21:53+00:00,708124926,993.9728,6.0782721,45.1026400,942060.194,6449537.365,1993.63,1993.2931
live,2026-08-07T07:21:53+00:00,708124926,995.8421,6.0782660,45.1026563,942059.644,6449539.152,1993.82,1993.2013
live,2026-08-07T07:21:53+00:00,708124926,996.8857,6.0782581,45.1026638,942058.991,6449539.965,1993.71,1993.0844
live,2026-08-07T07:21:53+00:00,708124926,997.9294,6.0782502,45.1026714,942058.337,6449540.779,1993.59,1993.0673
live,2026-08-07T07:21:53+00:00,708124926,999.4007,6.0782339,45.1026779,942057.028,6449541.450,1993.38,1992.9369
live,2026-08-07T07:21:53+00:00,708124926,1000.7972,6.0782165,45.1026804,942055.650,6449541.675,1993.27,1992.7525
live,2026-08-07T07:21:53+00:00,708124926,1002.1937,6.0781991,45.1026829,942054.271,6449541.899,1992.83,1992.5556
live,2026-08-07T07:21:53+00:00,708124926,1003.9618,6.0781769,45.1026804,942052.537,6449541.553,1992.62,1992.3319
live,2026-08-07T07:21:53+00:00,708124926,1005.9260,6.0781547,45.1026723,942050.828,6449540.586,1992.07,1992.0750
live,2026-08-07T07:21:53+00:00,708124926,1007.4790,6.0781409,45.1026623,942049.786,6449539.434,1991.63,1991.7987
live,2026-08-07T07:21:53+00:00,708124926,1009.0319,6.0781271,45.1026523,942048.745,6449538.282,1991.31,1991.4900
live,2026-08-07T07:21:53+00:00,708124926,1010.7544,6.0781162,45.1026388,942047.948,6449536.755,1990.98,1990.9987
live,2026-08-07T07:21:53+00:00,708124926,1012.4768,6.0781053,45.1026254,942047.150,6449535.228,1990.54,1990.8286
live,2026-08-07T07:21:53+00:00,708124926,1014.1993,6.0780944,45.1026119,942046.353,6449533.702,1990.21,1990.4557
live,2026-08-07T07:21:53+00:00,708124926,1015.9218,6.0780836,45.1025985,942045.556,6449532.175,1989.97,1990.0921
live,2026-08-07T07:21:53+00:00,708124926,1017.6442,6.0780727,45.1025850,942044.758,6449530.648,1989.64,1989.7150
live,2026-08-07T07:21:53+00:00,708124926,1019.3667,6.0780618,45.1025716,942043.961,6449529.121,1989.21,1989.3579
live,2026-08-07T07:21:53+00:00,708124926,1021.0891,6.0780509,45.1025581,942043.164,6449527.594,1988.88,1988.9936
live,2026-08-07T07:21:53+00:00,708124926,1023.0423,6.0780358,45.1025441,942042.039,6449525.997,1988.44,1988.6336
live,2026-08-07T07:21:53+00:00,708124926,1024.9955,6.0780208,45.1025302,942040.915,6449524.400,1988.05,1988.1046
live,2026-08-07T07:21:53+00:00,708124926,1026.9487,6.0780057,45.1025162,942039.791,6449522.803,1987.74,1987.7569
live,2026-08-07T07:21:53+00:00,708124926,1028.9019,6.0779906,45.1025022,942038.666,6449521.206,1987.34,1987.2857
live,2026-08-07T07:21:53+00:00,708124926,1030.6956,6.0779758,45.1024899,942037.558,6449519.796,1987.07,1986.9714
live,2026-08-07T07:21:53+00:00,708124926,1032.4894,6.0779610,45.1024776,942036.450,6449518.385,1986.53,1986.6929
live,2026-08-07T07:21:53+00:00,708124926,1034.2832,6.0779463,45.1024653,942035.341,6449516.975,1986.27,1986.4286
live,2026-08-07T07:21:53+00:00,708124926,1036.0769,6.0779315,45.1024530,942034.233,6449515.565,1986.01,1986.1864
live,2026-08-07T07:21:53+00:00,708124926,1037.8707,6.0779167,45.1024407,942033.124,6449514.154,1985.69,1985.9814
live,2026-08-07T07:21:53+00:00,708124926,1039.4676,6.0779110,45.1024269,942032.736,6449512.605,1985.63,1985.7886
live,2026-08-07T07:21:53+00:00,708124926,1040.8666,6.0779088,45.1024144,942032.617,6449511.211,1985.50,1985.7287
live,2026-08-07T07:21:53+00:00,708124926,1042.2656,6.0779066,45.1024019,942032.498,6449509.817,1985.24,1985.5607
live,2026-08-07T07:21:53+00:00,708124926,1044.0757,6.0779095,45.1023857,942032.798,6449508.032,1985.31,1985.4053
live,2026-08-07T07:21:53+00:00,708124926,1045.8858,6.0779124,45.1023696,942033.097,6449506.247,1985.18,1985.2613
live,2026-08-07T07:21:53+00:00,708124926,1047.6959,6.0779153,45.1023534,942033.396,6449504.462,1985.05,1985.1027
live,2026-08-07T07:21:53+00:00,708124926,1049.5060,6.0779183,45.1023372,942033.695,6449502.677,1985.18,1984.9480
live,2026-08-07T07:21:53+00:00,708124926,1051.3161,6.0779212,45.1023211,942033.994,6449500.891,1985.04,1984.7019
live,2026-08-07T07:21:53+00:00,708124926,1053.1262,6.0779241,45.1023049,942034.294,6449499.106,1984.89,1984.5438
live,2026-08-07T07:21:53+00:00,708124926,1054.3300,6.0779212,45.1022942,942034.116,6449497.916,1984.82,1984.4800
live,2026-08-07T07:21:53+00:00,708124926,1055.5339,6.0779184,45.1022836,942033.938,6449496.725,1984.74,1984.3187
live,2026-08-07T07:21:53+00:00,708124926,1057.4500,6.0779052,45.1022691,942032.963,6449495.075,1984.37,1984.0444
live,2026-08-07T07:21:53+00:00,708124926,1059.4112,6.0778829,45.1022612,942031.245,6449494.130,1983.89,1983.8769
live,2026-08-07T07:21:53+00:00,708124926,1060.7497,6.0778659,45.1022617,942029.906,6449494.139,1983.69,1983.6975
live,2026-08-07T07:21:53+00:00,708124926,1062.0883,6.0778489,45.1022623,942028.568,6449494.148,1983.50,1983.5987
live,2026-08-07T07:21:53+00:00,708124926,1063.6650,6.0778315,45.1022694,942027.170,6449494.877,1983.20,1983.3771
live,2026-08-07T07:21:53+00:00,708124926,1065.2418,6.0778141,45.1022764,942025.771,6449495.606,1983.10,1983.1641
live,2026-08-07T07:21:53+00:00,708124926,1067.0975,6.0777945,45.1022857,942024.191,6449496.578,1982.82,1982.8275
live,2026-08-07T07:21:53+00:00,708124926,1068.5132,6.0777809,45.1022940,942023.086,6449497.463,1982.66,1982.5875
live,2026-08-07T07:21:53+00:00,708124926,1069.9289,6.0777673,45.1023024,942021.981,6449498.348,1982.58,1982.4765
live,2026-08-07T07:21:53+00:00,708124926,1071.4656,6.0777488,45.1023069,942020.511,6449498.797,1982.50,1982.2553
live,2026-08-07T07:21:53+00:00,708124926,1073.0022,6.0777304,45.1023115,942019.041,6449499.245,1982.18,1982.0506
live,2026-08-07T07:21:53+00:00,708124926,1074.7605,6.0777081,45.1023104,942017.293,6449499.054,1981.84,1981.7413
live,2026-08-07T07:21:53+00:00,708124926,1076.0049,6.0776940,45.1023053,942016.211,6449498.440,1981.59,1981.6547
live,2026-08-07T07:21:53+00:00,708124926,1077.2492,6.0776800,45.1023001,942015.129,6449497.825,1981.42,1981.5581
live,2026-08-07T07:21:53+00:00,708124926,1078.5404,6.0776688,45.1022916,942014.286,6449496.848,1981.16,1981.3781
live,2026-08-07T07:21:53+00:00,708124926,1079.8316,6.0776576,45.1022831,942013.442,6449495.870,1980.90,1981.2113
live,2026-08-07T07:21:53+00:00,708124926,1081.4566,6.0776516,45.1022691,942013.031,6449494.298,1980.70,1981.0575
live,2026-08-07T07:21:53+00:00,708124926,1083.0815,6.0776456,45.1022551,942012.620,6449492.726,1980.61,1980.9560
live,2026-08-07T07:21:53+00:00,708124926,1084.8649,6.0776496,45.1022393,942013.007,6449490.985,1980.41,1980.7953
live,2026-08-07T07:21:53+00:00,708124926,1086.6484,6.0776537,45.1022235,942013.394,6449489.244,1980.19,1980.6573
live,2026-08-07T07:21:53+00:00,708124926,1088.4410,6.0776622,45.1022085,942014.129,6449487.609,1980.27,1980.5340
live,2026-08-07T07:21:53+00:00,708124926,1090.2336,6.0776708,45.1021936,942014.865,6449485.974,1980.22,1980.3571
live,2026-08-07T07:21:53+00:00,708124926,1092.0263,6.0776793,45.1021786,942015.600,6449484.339,1980.15,1980.2664
live,2026-08-07T07:21:53+00:00,708124926,1093.9087,6.0776918,45.1021642,942016.647,6449482.775,1980.20,1980.1871
live,2026-08-07T07:21:53+00:00,708124926,1095.7912,6.0777043,45.1021497,942017.693,6449481.210,1980.09,1980.0877
live,2026-08-07T07:21:53+00:00,708124926,1097.6736,6.0777169,45.1021353,942018.740,6449479.645,1980.11,1980.0354
live,2026-08-07T07:21:53+00:00,708124926,1099.5561,6.0777294,45.1021208,942019.787,6449478.081,1979.99,1980.0038
live,2026-08-07T07:21:53+00:00,708124926,1101.4386,6.0777419,45.1021064,942020.834,6449476.516,1980.00,1979.9592
live,2026-08-07T07:21:53+00:00,708124926,1103.3210,6.0777544,45.1020919,942021.880,6449474.952,1979.89,1979.8486
live,2026-08-07T07:21:53+00:00,708124926,1105.2035,6.0777670,45.1020775,942022.927,6449473.387,1979.79,1979.7729
live,2026-08-07T07:21:53+00:00,708124926,1107.0859,6.0777795,45.1020630,942023.974,6449471.822,1979.83,1979.6227
live,2026-08-07T07:21:53+00:00,708124926,1108.9684,6.0777920,45.1020486,942025.020,6449470.258,1979.73,1979.5300
live,2026-08-07T07:21:53+00:00,708124926,1110.8586,6.0778015,45.1020330,942025.835,6449468.552,1979.78,1979.4007
live,2026-08-07T07:21:53+00:00,708124926,1112.7489,6.0778110,45.1020173,942026.649,6449466.846,1979.69,1979.1869
live,2026-08-07T07:21:53+00:00,708124926,1114.6391,6.0778205,45.1020017,942027.463,6449465.140,1979.39,1979.0019
live,2026-08-07T07:21:53+00:00,708124926,1115.6759,6.0778150,45.1019932,942027.072,6449464.180,1979.24,1978.8729
live,2026-08-07T07:21:53+00:00,708124926,1116.7127,6.0778096,45.1019847,942026.680,6449463.220,1979.09,1978.6794
live,2026-08-07T07:21:53+00:00,708124926,1118.0647,6.0778130,45.1019728,942026.999,6449461.906,1978.94,1978.4800
live,2026-08-07T07:21:53+00:00,708124926,1119.4168,6.0778164,45.1019608,942027.318,6449460.592,1978.78,1978.3533
live,2026-08-07T07:21:53+00:00,708124926,1120.7689,6.0778198,45.1019489,942027.637,6449459.278,1978.70,1978.1300
live,2026-08-07T07:21:53+00:00,708124926,1122.6412,6.0778123,45.1019329,942027.117,6449457.480,1978.17,1977.9111
live,2026-08-07T07:21:53+00:00,708124926,1123.7353,6.0778051,45.1019244,942026.591,6449456.520,1978.17,1977.6783
live,2026-08-07T07:21:53+00:00,708124926,1124.8294,6.0777980,45.1019160,942026.066,6449455.560,1977.80,1977.6783
live,2026-08-07T07:21:53+00:00,708124926,1126.8042,6.0777766,45.1019067,942024.424,6449454.463,1977.04,1977.4400
live,2026-08-07T07:21:53+00:00,708124926,1127.8838,6.0777630,45.1019052,942023.366,6449454.249,1976.81,1977.2078
live,2026-08-07T07:21:53+00:00,708124926,1128.9634,6.0777495,45.1019036,942022.308,6449454.036,1976.60,1977.0882
live,2026-08-07T07:21:53+00:00,708124926,1130.1200,6.0777348,45.1019038,942021.151,6449454.018,1976.40,1976.8594
live,2026-08-07T07:21:53+00:00,708124926,1131.2766,6.0777201,45.1019041,942019.995,6449454.001,1976.20,1976.6282
live,2026-08-07T07:21:53+00:00,708124926,1132.8293,6.0777012,45.1019083,942018.495,6449454.404,1975.81,1976.4938
live,2026-08-07T07:21:53+00:00,708124926,1134.3819,6.0776824,45.1019124,942016.996,6449454.807,1975.79,1976.2513
live,2026-08-07T07:21:53+00:00,708124926,1136.1161,6.0776633,45.1019202,942015.461,6449455.614,1975.59,1976.0300
live,2026-08-07T07:21:53+00:00,708124926,1137.8503,6.0776442,45.1019280,942013.926,6449456.421,1975.40,1975.6753
live,2026-08-07T07:21:53+00:00,708124926,1139.8175,6.0776230,45.1019374,942012.220,6449457.401,1975.21,1975.5020
live,2026-08-07T07:21:53+00:00,708124926,1141.7848,6.0776018,45.1019468,942010.514,6449458.381,1975.20,1975.1887
live,2026-08-07T07:21:53+00:00,708124926,1143.7520,6.0775806,45.1019563,942008.809,6449459.361,1975.01,1975.0347
live,2026-08-07T07:21:53+00:00,708124926,1145.7192,6.0775595,45.1019657,942007.103,6449460.341,1974.82,1974.8043
live,2026-08-07T07:21:53+00:00,708124926,1147.6864,6.0775383,45.1019751,942005.397,6449461.321,1974.63,1974.6350
live,2026-08-07T07:21:53+00:00,708124926,1149.6537,6.0775171,45.1019845,942003.692,6449462.302,1974.62,1974.4679
live,2026-08-07T07:21:53+00:00,708124926,1151.0598,6.0775012,45.1019903,942002.419,6449462.900,1974.44,1974.3029
live,2026-08-07T07:21:53+00:00,708124926,1152.4659,6.0774854,45.1019962,942001.147,6449463.499,1974.44,1974.1286
live,2026-08-07T07:21:53+00:00,708124926,1153.8721,6.0774695,45.1020020,941999.875,6449464.098,1974.27,1974.0273
live,2026-08-07T07:21:53+00:00,708124926,1155.7795,6.0774467,45.1020077,941998.054,6449464.666,1974.09,1973.8327
live,2026-08-07T07:21:53+00:00,708124926,1157.6868,6.0774238,45.1020135,941996.233,6449465.234,1973.75,1973.6293
live,2026-08-07T07:21:53+00:00,708124926,1159.6347,6.0773994,45.1020165,941994.302,6449465.492,1973.42,1973.4167
live,2026-08-07T07:21:53+00:00,708124926,1161.5826,6.0773750,45.1020195,941992.372,6449465.750,1973.25,1973.2053
live,2026-08-07T07:21:53+00:00,708124926,1163.1053,6.0773557,45.1020202,941990.849,6449465.769,1973.09,1972.8856
live,2026-08-07T07:21:53+00:00,708124926,1164.6280,6.0773363,45.1020209,941989.327,6449465.787,1972.77,1972.6850
live,2026-08-07T07:21:53+00:00,708124926,1166.1506,6.0773170,45.1020216,941987.804,6449465.806,1972.61,1972.4819
live,2026-08-07T07:21:53+00:00,708124926,1168.0883,6.0772924,45.1020229,941985.868,6449465.875,1972.28,1972.2869
live,2026-08-07T07:21:53+00:00,708124926,1170.0260,6.0772679,45.1020242,941983.931,6449465.944,1971.96,1972.0400
live,2026-08-07T07:21:53+00:00,708124926,1171.9637,6.0772433,45.1020255,941981.995,6449466.012,1971.63,1971.8871
live,2026-08-07T07:21:53+00:00,708124926,1173.2213,6.0772281,45.1020289,941980.781,6449466.343,1971.46,1971.7506
live,2026-08-07T07:21:53+00:00,708124926,1174.4788,6.0772128,45.1020323,941979.568,6449466.674,1971.44,1971.6218
live,2026-08-07T07:21:53+00:00,708124926,1175.4880,6.0772020,45.1020372,941978.694,6449467.179,1971.27,1971.6218
live,2026-08-07T07:21:53+00:00,708124926,1176.4972,6.0771911,45.1020420,941977.821,6449467.684,1971.23,1971.5006
live,2026-08-07T07:21:53+00:00,708124926,1177.8342,6.0771795,45.1020508,941976.871,6449468.625,1971.19,1971.3756
live,2026-08-07T07:21:53+00:00,708124926,1179.1713,6.0771679,45.1020596,941975.921,6449469.566,1971.15,1971.2672
live,2026-08-07T07:21:53+00:00,708124926,1180.7541,6.0771573,45.1020717,941975.037,6449470.879,1971.11,1971.1683
live,2026-08-07T07:21:53+00:00,708124926,1182.3369,6.0771467,45.1020838,941974.154,6449472.192,1971.07,1971.1237
live,2026-08-07T07:21:53+00:00,708124926,1183.9197,6.0771362,45.1020960,941973.270,6449473.505,1971.15,1971.0305
live,2026-08-07T07:21:53+00:00,708124926,1185.5025,6.0771256,45.1021081,941972.386,6449474.819,1971.10,1970.8870
live,2026-08-07T07:21:53+00:00,708124926,1186.8478,6.0771137,45.1021168,941971.414,6449475.748,1971.06,1970.7880
live,2026-08-07T07:21:53+00:00,708124926,1188.1930,6.0771018,45.1021255,941970.441,6449476.677,1971.03,1970.6447
live,2026-08-07T07:21:53+00:00,708124926,1189.2097,6.0770907,45.1021303,941969.552,6449477.170,1971.03,1970.5237
live,2026-08-07T07:21:53+00:00,708124926,1190.2265,6.0770797,45.1021350,941968.663,6449477.663,1970.99,1970.5237
live,2026-08-07T07:21:53+00:00,708124926,1191.6055,6.0770631,45.1021391,941967.344,6449478.067,1970.66,1970.3911
live,2026-08-07T07:21:53+00:00,708124926,1192.9846,6.0770466,45.1021432,941966.026,6449478.472,1970.50,1970.2537
live,2026-08-07T07:21:53+00:00,708124926,1194.5800,6.0770264,45.1021445,941964.432,6449478.554,1970.32,1970.1116
live,2026-08-07T07:21:53+00:00,708124926,1195.6001,6.0770145,45.1021408,941963.513,6449478.113,1970.19,1969.9721
live,2026-08-07T07:21:53+00:00,708124926,1196.6201,6.0770026,45.1021372,941962.593,6449477.671,1970.03,1969.8142
live,2026-08-07T07:21:53+00:00,708124926,1197.8887,6.0769891,45.1021310,941961.559,6449476.936,1969.76,1969.8142
live,2026-08-07T07:21:53+00:00,708124926,1199.1573,6.0769756,45.1021247,941960.525,6449476.201,1969.48,1969.6589
live,2026-08-07T07:21:53+00:00,708124926,1200.3572,6.0769668,45.1021158,941959.876,6449475.192,1969.20,1969.4984
live,2026-08-07T07:21:53+00:00,708124926,1201.5571,6.0769581,45.1021070,941959.226,6449474.183,1968.93,1969.4133
live,2026-08-07T07:21:53+00:00,708124926,1203.3378,6.0769518,45.1020916,941958.798,6449472.455,1968.67,1969.1347
live,2026-08-07T07:21:53+00:00,708124926,1204.6162,6.0769525,45.1020801,941958.903,6449471.181,1968.54,1968.9624
live,2026-08-07T07:21:53+00:00,708124926,1205.8946,6.0769532,45.1020686,941959.007,6449469.907,1968.41,1968.7912
live,2026-08-07T07:21:53+00:00,708124926,1207.2660,6.0769595,45.1020571,941959.556,6449468.650,1968.42,1968.6312
live,2026-08-07T07:21:53+00:00,708124926,1208.6374,6.0769659,45.1020456,941960.105,6449467.393,1968.15,1968.4794
live,2026-08-07T07:21:53+00:00,708124926,1210.5985,6.0769756,45.1020293,941960.938,6449465.618,1968.15,1968.2387
live,2026-08-07T07:21:53+00:00,708124926,1212.5596,6.0769853,45.1020131,941961.771,6449463.842,1968.01,1968.1137
live,2026-08-07T07:21:53+00:00,708124926,1214.5207,6.0769950,45.1019968,941962.603,6449462.067,1967.87,1967.9347
live,2026-08-07T07:21:53+00:00,708124926,1216.1747,6.0770057,45.1019840,941963.504,6449460.679,1967.73,1967.8453
live,2026-08-07T07:21:53+00:00,708124926,1217.8288,6.0770165,45.1019712,941964.404,6449459.291,1967.59,1967.7547
live,2026-08-07T07:21:53+00:00,708124926,1219.4828,6.0770273,45.1019584,941965.304,6449457.904,1967.60,1967.6620
live,2026-08-07T07:21:53+00:00,708124926,1221.1369,6.0770380,45.1019456,941966.205,6449456.516,1967.61,1967.5580
live,2026-08-07T07:21:53+00:00,708124926,1222.8861,6.0770489,45.1019319,941967.122,6449455.027,1967.46,1967.4607
live,2026-08-07T07:21:53+00:00,708124926,1224.6352,6.0770598,45.1019182,941968.040,6449453.538,1967.48,1967.3427
live,2026-08-07T07:21:53+00:00,708124926,1226.3844,6.0770708,45.1019044,941968.957,6449452.049,1967.33,1967.2327
live,2026-08-07T07:21:53+00:00,708124926,1228.1336,6.0770817,45.1018907,941969.875,6449450.560,1967.33,1967.1207
live,2026-08-07T07:21:53+00:00,708124926,1229.8828,6.0770926,45.1018770,941970.793,6449449.071,1967.18,1967.0080
live,2026-08-07T07:21:53+00:00,708124926,1231.7481,6.0771019,45.1018616,941971.591,6449447.384,1967.02,1966.8206
live,2026-08-07T07:21:53+00:00,708124926,1233.6134,6.0771112,45.1018461,941972.388,6449445.698,1966.86,1966.6182
live,2026-08-07T07:21:53+00:00,708124926,1235.3470,6.0771172,45.1018311,941972.923,6449444.049,1966.69,1966.4800
live,2026-08-07T07:21:53+00:00,708124926,1237.0807,6.0771232,45.1018160,941973.458,6449442.400,1966.38,1966.3247
live,2026-08-07T07:21:53+00:00,708124926,1238.8143,6.0771291,45.1018010,941973.992,6449440.751,1966.36,1966.1518
live,2026-08-07T07:21:53+00:00,708124926,1240.5479,6.0771351,45.1017860,941974.527,6449439.102,1966.19,1965.9618
live,2026-08-07T07:21:53+00:00,708124926,1241.6561,6.0771373,45.1017761,941974.746,6449438.016,1966.04,1965.8763
live,2026-08-07T07:21:53+00:00,708124926,1242.7643,6.0771396,45.1017663,941974.966,6449436.929,1965.88,1965.6581
live,2026-08-07T07:21:53+00:00,708124926,1243.7933,6.0771388,45.1017571,941974.947,6449435.900,1965.72,1965.5347
live,2026-08-07T07:21:53+00:00,708124926,1244.8223,6.0771381,45.1017478,941974.928,6449434.872,1965.57,1965.3235
live,2026-08-07T07:21:53+00:00,708124926,1245.9811,6.0771358,45.1017375,941974.788,6449433.721,1965.41,1965.2117
live,2026-08-07T07:21:53+00:00,708124926,1247.1398,6.0771334,45.1017272,941974.648,6449432.571,1965.26,1965.0072
live,2026-08-07T07:21:53+00:00,708124926,1249.1329,6.0771228,45.1017109,941973.885,6449430.730,1964.82,1964.6926
live,2026-08-07T07:21:53+00:00,708124926,1250.5400,6.0771120,45.1017008,941973.080,6449429.576,1964.54,1964.5053
live,2026-08-07T07:21:53+00:00,708124926,1252.5332,6.0770922,45.1016896,941971.572,6449428.272,1964.10,1964.3121
live,2026-08-07T07:21:53+00:00,708124926,1254.5220,6.0770701,45.1016809,941969.873,6449427.239,1963.69,1964.0161
live,2026-08-07T07:21:53+00:00,708124926,1255.5225,6.0770579,45.1016784,941968.925,6449426.918,1963.56,1963.8278
live,2026-08-07T07:21:53+00:00,708124926,1256.5230,6.0770457,45.1016758,941967.977,6449426.598,1963.43,1963.7165
live,2026-08-07T07:21:53+00:00,708124926,1257.6164,6.0770318,45.1016758,941966.884,6449426.561,1963.31,1963.5365
live,2026-08-07T07:21:53+00:00,708124926,1258.7097,6.0770179,45.1016759,941965.792,6449426.524,1963.18,1963.4194
live,2026-08-07T07:21:53+00:00,708124926,1260.2298,6.0769989,45.1016784,941964.288,6449426.743,1962.92,1963.2413
live,2026-08-07T07:21:53+00:00,708124926,1261.2754,6.0769868,45.1016823,941963.320,6449427.139,1962.80,1963.1935
live,2026-08-07T07:21:53+00:00,708124926,1262.3211,6.0769747,45.1016862,941962.352,6449427.535,1962.82,1963.0919
live,2026-08-07T07:21:53+00:00,708124926,1264.2077,6.0769544,45.1016953,941960.718,6449428.479,1962.69,1962.9544
live,2026-08-07T07:21:53+00:00,708124926,1266.0943,6.0769341,45.1017043,941959.085,6449429.423,1962.59,1962.8188
live,2026-08-07T07:21:53+00:00,708124926,1267.9809,6.0769139,45.1017134,941957.451,6449430.367,1962.49,1962.7371
live,2026-08-07T07:21:53+00:00,708124926,1269.8676,6.0768936,45.1017225,941955.818,6449431.311,1962.51,1962.6169
live,2026-08-07T07:21:53+00:00,708124926,1271.7542,6.0768733,45.1017315,941954.185,6449432.255,1962.41,1962.5073
live,2026-08-07T07:21:53+00:00,708124926,1273.6408,6.0768530,45.1017406,941952.551,6449433.199,1962.43,1962.4533
live,2026-08-07T07:21:53+00:00,708124926,1275.2689,6.0768363,45.1017493,941951.203,6449434.111,1962.34,1962.3600
live,2026-08-07T07:21:53+00:00,708124926,1276.8969,6.0768196,45.1017580,941949.854,6449435.023,1962.36,1962.2714
live,2026-08-07T07:21:53+00:00,708124926,1278.5250,6.0768030,45.1017666,941948.506,6449435.935,1962.39,1962.1980
live,2026-08-07T07:21:53+00:00,708124926,1280.1531,6.0767863,45.1017753,941947.157,6449436.848,1962.30,1962.0847
live,2026-08-07T07:21:53+00:00,708124926,1281.7812,6.0767696,45.1017840,941945.808,6449437.760,1962.33,1961.9593
live,2026-08-07T07:21:53+00:00,708124926,1283.7524,6.0767476,45.1017925,941944.043,6449438.636,1962.23,1961.8127
live,2026-08-07T07:21:53+00:00,708124926,1285.3070,6.0767285,45.1017961,941942.526,6449438.977,1962.11,1961.6527
live,2026-08-07T07:21:53+00:00,708124926,1287.0914,6.0767059,45.1017947,941940.756,6449438.752,1961.86,1961.4813
live,2026-08-07T07:21:53+00:00,708124926,1288.6903,6.0766865,45.1017904,941939.249,6449438.215,1961.45,1961.3047
live,2026-08-07T07:21:53+00:00,708124926,1290.4573,6.0766676,45.1017818,941937.801,6449437.203,1961.17,1961.1160
live,2026-08-07T07:21:53+00:00,708124926,1292.0984,6.0766545,45.1017703,941936.821,6449435.887,1960.89,1960.9240
live,2026-08-07T07:21:53+00:00,708124926,1293.5916,6.0766454,45.1017585,941936.157,6449434.549,1960.61,1960.7260
live,2026-08-07T07:21:53+00:00,708124926,1295.0313,6.0766411,45.1017459,941935.874,6449433.138,1960.31,1960.5240
live,2026-08-07T07:21:53+00:00,708124926,1296.6991,6.0766401,45.1017309,941935.860,6449431.470,1960.01,1960.3253
live,2026-08-07T07:21:53+00:00,708124926,1298.1122,6.0766426,45.1017183,941936.111,6449430.079,1959.86,1960.1979
live,2026-08-07T07:21:53+00:00,708124926,1299.7786,6.0766485,45.1017039,941936.641,6449428.500,1959.69,1960.0093
live,2026-08-07T07:21:53+00:00,708124926,1301.4449,6.0766545,45.1016895,941937.171,6449426.920,1959.53,1959.8357
live,2026-08-07T07:21:53+00:00,708124926,1303.1405,6.0766663,45.1016767,941938.150,6449425.535,1959.51,1959.6686
live,2026-08-07T07:21:53+00:00,708124926,1304.8361,6.0766780,45.1016639,941939.129,6449424.151,1959.33,1959.5193
live,2026-08-07T07:21:53+00:00,708124926,1306.8191,6.0766934,45.1016497,941940.398,6449422.628,1959.30,1959.3167
live,2026-08-07T07:21:53+00:00,708124926,1308.8021,6.0767087,45.1016356,941941.668,6449421.104,1959.25,1959.1707
live,2026-08-07T07:21:53+00:00,708124926,1310.7851,6.0767241,45.1016214,941942.938,6449419.581,1959.22,1958.8853
live,2026-08-07T07:21:53+00:00,708124926,1312.7681,6.0767395,45.1016073,941944.207,6449418.058,1959.02,1958.7373
live,2026-08-07T07:21:53+00:00,708124926,1314.5906,6.0767504,45.1015928,941945.123,6449416.482,1958.83,1958.4588
live,2026-08-07T07:21:53+00:00,708124926,1316.4132,6.0767612,45.1015783,941946.038,6449414.906,1958.80,1958.2713
live,2026-08-07T07:21:53+00:00,708124926,1317.4868,6.0767620,45.1015687,941946.143,6449413.838,1958.63,1958.0750
live,2026-08-07T07:21:53+00:00,708124926,1318.5603,6.0767628,45.1015590,941946.247,6449412.769,1958.46,1957.9553
live,2026-08-07T07:21:53+00:00,708124926,1320.4597,6.0767591,45.1015421,941946.030,6449410.882,1958.12,1957.6217
live,2026-08-07T07:21:53+00:00,708124926,1321.6516,6.0767533,45.1015322,941945.613,6449409.766,1957.95,1957.3994
live,2026-08-07T07:21:53+00:00,708124926,1322.8436,6.0767474,45.1015223,941945.196,6449408.649,1957.64,1957.2784
live,2026-08-07T07:21:53+00:00,708124926,1324.1161,6.0767383,45.1015128,941944.518,6449407.572,1957.47,1957.0542
live,2026-08-07T07:21:53+00:00,708124926,1325.3887,6.0767291,45.1015034,941943.839,6449406.495,1956.98,1956.8432
live,2026-08-07T07:21:53+00:00,708124926,1326.5799,6.0767178,45.1014963,941942.978,6449405.673,1956.83,1956.8432
live,2026-08-07T07:21:53+00:00,708124926,1327.7710,6.0767064,45.1014892,941942.117,6449404.850,1956.51,1956.6379
live,2026-08-07T07:21:53+00:00,708124926,1328.9174,6.0766937,45.1014842,941941.136,6449404.256,1956.19,1956.4200
live,2026-08-07T07:21:53+00:00,708124926,1330.0637,6.0766809,45.1014792,941940.156,6449403.662,1956.04,1956.2972
live,2026-08-07T07:21:53+00:00,708124926,1331.3698,6.0766646,45.1014772,941938.879,6449403.384,1955.70,1956.0889
live,2026-08-07T07:21:53+00:00,708124926,1332.6758,6.0766482,45.1014751,941937.603,6449403.107,1955.55,1956.0105
live,2026-08-07T07:21:53+00:00,708124926,1333.8331,6.0766335,45.1014756,941936.446,6449403.112,1955.25,1955.8933
live,2026-08-07T07:21:53+00:00,708124926,1334.9904,6.0766188,45.1014760,941935.289,6449403.117,1955.10,1955.6994
live,2026-08-07T07:21:53+00:00,708124926,1336.3141,6.0766029,45.1014798,941934.019,6449403.490,1954.96,1955.5161
live,2026-08-07T07:21:53+00:00,708124926,1337.6378,6.0765869,45.1014836,941932.748,6449403.862,1955.01,1955.4012
live,2026-08-07T07:21:53+00:00,708124926,1339.4174,6.0765664,45.1014903,941931.105,6449404.545,1954.93,1955.0553
live,2026-08-07T07:21:53+00:00,708124926,1341.1971,6.0765458,45.1014970,941929.462,6449405.228,1954.66,1954.8194
live,2026-08-07T07:21:53+00:00,708124926,1342.9768,6.0765253,45.1015038,941927.818,6449405.911,1954.71,1954.5853
live,2026-08-07T07:21:53+00:00,708124926,1344.7564,6.0765047,45.1015105,941926.175,6449406.594,1954.60,1954.4418
live,2026-08-07T07:21:53+00:00,708124926,1346.5361,6.0764842,45.1015172,941924.531,6449407.277,1954.46,1954.2369
live,2026-08-07T07:21:53+00:00,708124926,1348.4611,6.0764614,45.1015235,941922.712,6449407.906,1954.34,1954.1094
live,2026-08-07T07:21:53+00:00,708124926,1350.2645,6.0764385,45.1015227,941920.916,6449407.747,1954.04,1953.9200
live,2026-08-07T07:21:53+00:00,708124926,1351.2847,6.0764255,45.1015222,941919.900,6449407.652,1953.89,1953.9200
live,2026-08-07T07:21:53+00:00,708124926,1352.3048,6.0764126,45.1015217,941918.884,6449407.557,1953.74,1953.7913
live,2026-08-07T07:21:53+00:00,708124926,1353.4654,6.0763986,45.1015250,941917.770,6449407.880,1953.58,1953.7394
live,2026-08-07T07:21:53+00:00,708124926,1354.6259,6.0763846,45.1015283,941916.655,6449408.203,1953.43,1953.6780
live,2026-08-07T07:21:53+00:00,708124926,1356.4964,6.0763645,45.1015373,941915.036,6449409.140,1953.26,1953.5680
live,2026-08-07T07:21:53+00:00,708124926,1358.3669,6.0763444,45.1015463,941913.418,6449410.078,1953.08,1953.4633
live,2026-08-07T07:21:53+00:00,708124926,1360.3239,6.0763261,45.1015582,941911.924,6449411.342,1953.06,1953.3375
live,2026-08-07T07:21:53+00:00,708124926,1362.2809,6.0763077,45.1015701,941910.430,6449412.607,1953.02,1953.2469
live,2026-08-07T07:21:53+00:00,708124926,1364.0139,6.0762950,45.1015829,941909.378,6449413.984,1953.00,1953.0944
live,2026-08-07T07:21:53+00:00,708124926,1365.7468,6.0762823,45.1015956,941908.326,6449415.361,1952.96,1953.0106
live,2026-08-07T07:21:53+00:00,708124926,1367.4797,6.0762697,45.1016084,941907.275,6449416.738,1953.06,1952.8780
live,2026-08-07T07:21:53+00:00,708124926,1369.2127,6.0762570,45.1016211,941906.223,6449418.115,1953.03,1952.7720
live,2026-08-07T07:21:53+00:00,708124926,1370.9456,6.0762443,45.1016339,941905.171,6449419.493,1952.98,1952.6413
live,2026-08-07T07:21:53+00:00,708124926,1372.4835,6.0762297,45.1016432,941903.987,6449420.475,1952.93,1952.5250
live,2026-08-07T07:21:53+00:00,708124926,1374.0214,6.0762152,45.1016524,941902.804,6449421.457,1952.89,1952.3744
live,2026-08-07T07:21:53+00:00,708124926,1375.1452,6.0762027,45.1016573,941901.800,6449421.962,1952.84,1952.2175
live,2026-08-07T07:21:53+00:00,708124926,1376.2689,6.0761902,45.1016622,941900.797,6449422.468,1952.65,1952.0882
live,2026-08-07T07:21:53+00:00,708124926,1378.1190,6.0761673,45.1016660,941898.980,6449422.819,1952.40,1951.9053
live,2026-08-07T07:21:53+00:00,708124926,1379.9525,6.0761440,45.1016655,941897.151,6449422.692,1952.01,1951.7288
live,2026-08-07T07:21:53+00:00,708124926,1381.5448,6.0761243,45.1016622,941895.617,6449422.266,1951.67,1951.5300
live,2026-08-07T07:21:53+00:00,708124926,1383.0809,6.0761078,45.1016548,941894.352,6449421.394,1951.12,1951.3365
live,2026-08-07T07:21:53+00:00,708124926,1384.8893,6.0760929,45.1016424,941893.235,6449419.972,1950.78,1951.1406
live,2026-08-07T07:21:53+00:00,708124926,1385.9502,6.0760880,45.1016335,941892.888,6449418.969,1950.65,1950.9512
live,2026-08-07T07:21:53+00:00,708124926,1387.0112,6.0760831,45.1016246,941892.541,6449417.967,1950.51,1950.8300
live,2026-08-07T07:21:53+00:00,708124926,1388.5082,6.0760818,45.1016111,941892.501,6449416.470,1950.02,1950.6288
live,2026-08-07T07:21:53+00:00,708124926,1390.0052,6.0760806,45.1015977,941892.461,6449414.974,1949.89,1950.4306
live,2026-08-07T07:21:53+00:00,708124926,1391.5400,6.0760859,45.1015844,941892.935,6449413.514,1949.96,1950.2294
live,2026-08-07T07:21:53+00:00,708124926,1393.0748,6.0760912,45.1015711,941893.410,6449412.054,1949.68,1949.9624
live,2026-08-07T07:21:53+00:00,708124926,1394.6953,6.0761008,45.1015582,941894.222,6449410.652,1949.74,1949.8556
live,2026-08-07T07:21:53+00:00,708124926,1396.3157,6.0761104,45.1015453,941895.034,6449409.250,1949.65,1949.5641
live,2026-08-07T07:21:53+00:00,708124926,1397.9361,6.0761201,45.1015324,941895.846,6449407.848,1949.71,1949.4881
live,2026-08-07T07:21:53+00:00,708124926,1399.5565,6.0761297,45.1015195,941896.659,6449406.446,1949.62,1949.2087
live,2026-08-07T07:21:53+00:00,708124926,1401.5386,6.0761353,45.1015021,941897.174,6449404.532,1949.48,1948.9300
live,2026-08-07T07:21:53+00:00,708124926,1403.0530,6.0761339,45.1014885,941897.123,6449403.018,1949.18,1948.8660
live,2026-08-07T07:21:53+00:00,708124926,1404.1716,6.0761296,45.1014789,941896.826,6449401.940,1949.03,1948.6873
live,2026-08-07T07:21:53+00:00,708124926,1405.5195,6.0761193,45.1014692,941896.059,6449400.832,1948.67,1948.5900
live,2026-08-07T07:21:53+00:00,708124926,1407.3619,6.0760980,45.1014623,941894.415,6449400.001,1948.11,1948.3380
live,2026-08-07T07:21:53+00:00,708124926,1408.7914,6.0760802,45.1014597,941893.027,6449399.658,1947.91,1948.2525
live,2026-08-07T07:21:53+00:00,708124926,1410.6034,6.0760577,45.1014632,941891.243,6449399.977,1947.48,1947.9807
live,2026-08-07T07:21:53+00:00,708124926,1412.2098,6.0760423,45.1014727,941889.992,6449400.984,1947.42,1947.8027
live,2026-08-07T07:21:53+00:00,708124926,1413.8162,6.0760269,45.1014822,941888.740,6449401.991,1947.35,1947.7438
live,2026-08-07T07:21:53+00:00,708124926,1415.6283,6.0760124,45.1014949,941887.546,6449403.354,1947.28,1947.4673
live,2026-08-07T07:21:53+00:00,708124926,1417.4405,6.0759979,45.1015076,941886.351,6449404.717,1947.13,1947.2953
live,2026-08-07T07:21:53+00:00,708124926,1419.2527,6.0759834,45.1015202,941885.157,6449406.080,1947.05,1947.1407
live,2026-08-07T07:21:53+00:00,708124926,1421.0649,6.0759689,45.1015329,941883.962,6449407.443,1946.97,1947.0020
live,2026-08-07T07:21:53+00:00,708124926,1422.8771,6.0759544,45.1015456,941882.768,6449408.805,1947.03,1946.8620
live,2026-08-07T07:21:53+00:00,708124926,1424.3974,6.0759412,45.1015556,941881.687,6449409.875,1946.95,1946.7213
live,2026-08-07T07:21:53+00:00,708124926,1425.9178,6.0759280,45.1015656,941880.606,6449410.944,1946.86,1946.4681
live,2026-08-07T07:21:53+00:00,708124926,1427.4381,6.0759148,45.1015756,941879.526,6449412.013,1946.77,1946.2900
live,2026-08-07T07:21:53+00:00,708124926,1429.1080,6.0758979,45.1015847,941878.158,6449412.971,1946.45,1946.1025
live,2026-08-07T07:21:53+00:00,708124926,1430.7778,6.0758810,45.1015938,941876.790,6449413.930,1946.35,1945.7759
live,2026-08-07T07:21:53+00:00,708124926,1432.7778,6.0758594,45.1016033,941875.051,6449414.918,1946.03,1945.5612
live,2026-08-07T07:21:53+00:00,708124926,1434.1213,6.0758428,45.1016062,941873.734,6449415.183,1945.81,1945.3312
live,2026-08-07T07:21:53+00:00,708124926,1435.4648,6.0758262,45.1016090,941872.417,6449415.449,1945.37,1945.0659
live,2026-08-07T07:21:53+00:00,708124926,1436.9090,6.0758079,45.1016094,941870.973,6449415.442,1945.15,1944.9481
live,2026-08-07T07:21:53+00:00,708124926,1438.3532,6.0757895,45.1016099,941869.529,6449415.436,1944.94,1944.7912
live,2026-08-07T07:21:53+00:00,708124926,1439.4281,6.0757760,45.1016084,941868.474,6449415.228,1944.50,1944.5141
live,2026-08-07T07:21:53+00:00,708124926,1440.5029,6.0757625,45.1016069,941867.420,6449415.020,1944.28,1944.2276
live,2026-08-07T07:21:53+00:00,708124926,1441.8490,6.0757465,45.1016026,941866.181,6449414.494,1943.95,1944.0887
live,2026-08-07T07:21:53+00:00,708124926,1443.1951,6.0757305,45.1015983,941864.942,6449413.968,1943.73,1943.9647
live,2026-08-07T07:21:53+00:00,708124926,1444.5411,6.0757145,45.1015940,941863.703,6449413.442,1943.40,1943.6929
live,2026-08-07T07:21:53+00:00,708124926,1446.1160,6.0756997,45.1015845,941862.581,6449412.337,1943.06,1943.4359
live,2026-08-07T07:21:53+00:00,708124926,1447.6908,6.0756849,45.1015749,941861.459,6449411.231,1942.52,1943.1753
live,2026-08-07T07:21:53+00:00,708124926,1449.5969,6.0756769,45.1015587,941860.900,6449409.409,1942.28,1942.7975
live,2026-08-07T07:21:53+00:00,708124926,1451.0870,6.0756778,45.1015453,941861.033,6449407.925,1942.15,1942.6547
live,2026-08-07T07:21:53+00:00,708124926,1452.5771,6.0756788,45.1015319,941861.166,6449406.441,1941.90,1942.4307
live,2026-08-07T07:21:53+00:00,708124926,1454.4412,6.0756842,45.1015156,941861.659,6449404.643,1941.98,1942.0914
live,2026-08-07T07:21:53+00:00,708124926,1456.3052,6.0756896,45.1014992,941862.153,6449402.846,1941.73,1941.8779
live,2026-08-07T07:21:53+00:00,708124926,1458.1693,6.0756949,45.1014829,941862.647,6449401.048,1941.66,1941.6800
live,2026-08-07T07:21:53+00:00,708124926,1460.0333,6.0757003,45.1014665,941863.140,6449399.251,1941.38,1941.4843
live,2026-08-07T07:21:53+00:00,708124926,1461.8974,6.0757057,45.1014502,941863.634,6449397.453,1941.30,1941.3307
live,2026-08-07T07:21:53+00:00,708124926,1463.7615,6.0757111,45.1014338,941864.128,6449395.656,1941.14,1941.0962
live,2026-08-07T07:21:53+00:00,708124926,1465.6255,6.0757165,45.1014175,941864.622,6449393.858,1941.05,1940.9454
live,2026-08-07T07:21:53+00:00,708124926,1467.4896,6.0757219,45.1014011,941865.115,6449392.061,1940.74,1940.7808
live,2026-08-07T07:21:53+00:00,708124926,1469.3536,6.0757272,45.1013848,941865.609,6449390.263,1940.63,1940.6238
live,2026-08-07T07:21:53+00:00,708124926,1471.2177,6.0757326,45.1013684,941866.103,6449388.466,1940.32,1940.4646
live,2026-08-07T07:21:53+00:00,708124926,1473.0818,6.0757380,45.1013521,941866.596,6449386.668,1940.37,1940.3185
live,2026-08-07T07:21:53+00:00,708124926,1474.9355,6.0757458,45.1013363,941867.277,6449384.944,1940.05,1940.1669
live,2026-08-07T07:21:53+00:00,708124926,1476.7892,6.0757536,45.1013206,941867.959,6449383.220,1939.94,1939.9221
live,2026-08-07T07:21:53+00:00,708124926,1478.6429,6.0757614,45.1013048,941868.640,6449381.496,1939.84,1939.6373
live,2026-08-07T07:21:53+00:00,708124926,1480.4966,6.0757692,45.1012891,941869.321,6449379.772,1939.69,1939.4667
live,2026-08-07T07:21:53+00:00,708124926,1482.3503,6.0757770,45.1012733,941870.002,6449378.048,1939.59,1939.1463
live,2026-08-07T07:21:53+00:00,708124926,1484.2040,6.0757848,45.1012576,941870.683,6449376.324,1939.48,1938.9475
live,2026-08-07T07:21:53+00:00,708124926,1485.9305,6.0757878,45.1012422,941870.986,6449374.624,1939.33,1938.6165
live,2026-08-07T07:21:53+00:00,708124926,1487.4782,6.0757864,45.1012283,941870.936,6449373.077,1939.02,1938.3988
live,2026-08-07T07:21:53+00:00,708124926,1488.4915,6.0757807,45.1012201,941870.527,6449372.150,1938.86,1938.2817
live,2026-08-07T07:21:53+00:00,708124926,1489.5049,6.0757751,45.1012119,941870.119,6449371.223,1938.52,1938.0672
live,2026-08-07T07:21:53+00:00,708124926,1490.5877,6.0757651,45.1012052,941869.362,6449370.449,1938.18,1938.0672
live,2026-08-07T07:21:53+00:00,708124926,1491.6705,6.0757551,45.1011985,941868.605,6449369.674,1938.18,1937.8622
live,2026-08-07T07:21:53+00:00,708124926,1493.1795,6.0757385,45.1011917,941867.325,6449368.874,1937.65,1937.6617
live,2026-08-07T07:21:53+00:00,708124926,1494.6885,6.0757218,45.1011850,941866.046,6449368.074,1937.32,1937.6617
live,2026-08-07T07:21:53+00:00,708124926,1495.8453,6.0757072,45.1011838,941864.904,6449367.891,1937.14,1937.4706
live,2026-08-07T07:21:53+00:00,708124926,1497.0020,6.0756926,45.1011825,941863.761,6449367.707,1936.94,1937.2817
live,2026-08-07T07:21:53+00:00,708124926,1498.1669,6.0756782,45.1011850,941862.619,6449367.935,1936.75,1937.2817
live,2026-08-07T07:21:53+00:00,708124926,1499.3318,6.0756638,45.1011874,941861.477,6449368.163,1936.35,1937.0972
live,2026-08-07T07:21:53+00:00,708124926,1500.6335,6.0756495,45.1011933,941860.327,6449368.774,1936.29,1936.9344
live,2026-08-07T07:21:53+00:00,708124926,1501.9353,6.0756352,45.1011992,941859.178,6449369.385,1936.08,1936.7689
live,2026-08-07T07:21:53+00:00,708124926,1503.6972,6.0756220,45.1012120,941858.082,6449370.765,1936.15,1936.5141
live,2026-08-07T07:21:53+00:00,708124926,1505.4591,6.0756087,45.1012248,941856.987,6449372.145,1936.08,1936.3500
live,2026-08-07T07:21:53+00:00,708124926,1507.2211,6.0755955,45.1012376,941855.891,6449373.525,1936.15,1936.0488
live,2026-08-07T07:21:53+00:00,708124926,1508.9830,6.0755823,45.1012504,941854.796,6449374.905,1936.08,1935.9041
live,2026-08-07T07:21:53+00:00,708124926,1510.7449,6.0755690,45.1012632,941853.700,6449376.285,1936.01,1935.6282
live,2026-08-07T07:21:53+00:00,708124926,1512.5068,6.0755558,45.1012760,941852.605,6449377.665,1936.09,1935.5171
live,2026-08-07T07:21:53+00:00,708124926,1513.7908,6.0755435,45.1012836,941851.605,6449378.471,1935.88,1935.4688
live,2026-08-07T07:21:53+00:00,708124926,1515.3024,6.0755247,45.1012865,941850.118,6449378.739,1935.60,1935.3625
live,2026-08-07T07:21:53+00:00,708124926,1516.8141,6.0755060,45.1012895,941848.630,6449379.007,1935.39,1935.2475
live,2026-08-07T07:21:53+00:00,708124926,1518.3257,6.0754872,45.1012924,941847.142,6449379.275,1934.96,1935.1406
live,2026-08-07T07:21:53+00:00,708124926,1519.5531,6.0754726,45.1012963,941845.978,6449379.663,1934.89,1935.0900
live,2026-08-07T07:21:53+00:00,708124926,1520.7804,6.0754580,45.1013002,941844.814,6449380.051,1934.68,1934.9753
live,2026-08-07T07:21:53+00:00,708124926,1521.8659,6.0754475,45.1013065,941843.957,6449380.718,1934.61,1934.9062
live,2026-08-07T07:21:53+00:00,708124926,1522.9513,6.0754369,45.1013128,941843.101,6449381.385,1934.39,1934.8594
live,2026-08-07T07:21:53+00:00,708124926,1524.6636,6.0754239,45.1013252,941842.025,6449382.717,1934.46,1934.7294
live,2026-08-07T07:21:53+00:00,708124926,1526.3759,6.0754109,45.1013375,941840.950,6449384.050,1934.38,1934.5094
live,2026-08-07T07:21:53+00:00,708124926,1528.0882,6.0753979,45.1013499,941839.875,6449385.382,1934.31,1934.3637
live,2026-08-07T07:21:53+00:00,708124926,1529.8005,6.0753849,45.1013623,941838.800,6449386.715,1934.37,1934.1353
live,2026-08-07T07:21:53+00:00,708124926,1531.5128,6.0753719,45.1013746,941837.724,6449388.048,1934.28,1933.9753
live,2026-08-07T07:21:53+00:00,708124926,1533.2252,6.0753589,45.1013870,941836.649,6449389.380,1934.20,1933.7982
live,2026-08-07T07:21:53+00:00,708124926,1534.6379,6.0753454,45.1013954,941835.548,6449390.265,1934.11,1933.5500
live,2026-08-07T07:21:53+00:00,708124926,1536.0507,6.0753318,45.1014037,941834.447,6449391.151,1933.80,1933.3619
live,2026-08-07T07:21:53+00:00,708124926,1537.6180,6.0753139,45.1014099,941833.013,6449391.784,1933.72,1933.0129
live,2026-08-07T07:21:53+00:00,708124926,1539.5984,6.0752888,45.1014113,941831.034,6449391.862,1933.27,1932.7894
live,2026-08-07T07:21:53+00:00,708124926,1540.6966,6.0752749,45.1014100,941829.951,6449391.681,1933.05,1932.6944
live,2026-08-07T07:21:53+00:00,708124926,1541.7948,6.0752611,45.1014088,941828.868,6449391.500,1932.82,1932.5665
live,2026-08-07T07:21:53+00:00,708124926,1543.6893,6.0752392,45.1014017,941827.178,6449390.645,1932.24,1932.3447
live,2026-08-07T07:21:53+00:00,708124926,1544.9803,6.0752262,45.1013947,941826.182,6449389.823,1931.88,1932.1241
live,2026-08-07T07:21:53+00:00,708124926,1546.2713,6.0752131,45.1013876,941825.187,6449389.000,1931.52,1931.9129
live,2026-08-07T07:21:53+00:00,708124926,1547.7992,6.0752044,45.1013753,941824.556,6449387.609,1931.38,1931.7756
live,2026-08-07T07:21:53+00:00,708124926,1548.8041,6.0752021,45.1013664,941824.414,6449386.614,1931.02,1931.5863
live,2026-08-07T07:21:53+00:00,708124926,1549.8090,6.0751998,45.1013575,941824.272,6449385.619,1930.87,1931.5294
live,2026-08-07T07:21:53+00:00,708124926,1551.7023,6.0752016,45.1013405,941824.487,6449383.738,1930.58,1931.3382
live,2026-08-07T07:21:53+00:00,708124926,1553.2885,6.0752093,45.1013273,941825.149,6449382.297,1930.52,1931.0231
live,2026-08-07T07:21:53+00:00,708124926,1555.1111,6.0752225,45.1013138,941826.247,6449380.842,1930.60,1930.7300
live,2026-08-07T07:21:53+00:00,708124926,1556.9337,6.0752358,45.1013004,941827.345,6449379.387,1930.53,1930.5488
live,2026-08-07T07:21:53+00:00,708124926,1558.7562,6.0752490,45.1012869,941828.442,6449377.932,1930.61,1930.3606
live,2026-08-07T07:21:53+00:00,708124926,1560.5788,6.0752622,45.1012734,941829.540,6449376.477,1930.77,1929.9935
live,2026-08-07T07:21:53+00:00,708124926,1562.2042,6.0752672,45.1012592,941829.994,6449374.916,1930.62,1929.7256
live,2026-08-07T07:21:53+00:00,708124926,1563.3799,6.0752653,45.1012487,941829.891,6449373.745,1930.47,1929.5656
live,2026-08-07T07:21:53+00:00,708124926,1565.1052,6.0752547,45.1012351,941829.116,6449372.204,1929.94,1929.4178
live,2026-08-07T07:21:53+00:00,708124926,1566.2576,6.0752452,45.1012272,941828.404,6449371.298,1929.55,1929.3529
live,2026-08-07T07:21:53+00:00,708124926,1567.3234,6.0752330,45.1012231,941827.459,6449370.805,1929.31,1929.2906
live,2026-08-07T07:21:53+00:00,708124926,1568.3891,6.0752207,45.1012190,941826.514,6449370.313,1929.16,1929.1550
live,2026-08-07T07:21:53+00:00,708124926,1569.5221,6.0752067,45.1012166,941825.424,6449370.003,1928.68,1929.0741
live,2026-08-07T07:21:53+00:00,708124926,1571.3403,6.0751836,45.1012172,941823.605,6449369.999,1928.45,1928.8756
live,2026-08-07T07:21:53+00:00,708124926,1572.3491,6.0751725,45.1012218,941822.713,6449370.470,1928.21,1928.8384
live,2026-08-07T07:21:53+00:00,708124926,1573.3579,6.0751614,45.1012263,941821.821,6449370.941,1928.13,1928.7311
live,2026-08-07T07:21:53+00:00,708124926,1574.5112,6.0751520,45.1012343,941821.052,6449371.800,1928.06,1928.6863
live,2026-08-07T07:21:53+00:00,708124926,1575.6646,6.0751427,45.1012423,941820.282,6449372.660,1927.99,1928.5305
live,2026-08-07T07:21:53+00:00,708124926,1577.2947,6.0751334,45.1012554,941819.496,6449374.088,1927.92,1928.3589
live,2026-08-07T07:21:53+00:00,708124926,1578.9247,6.0751241,45.1012686,941818.711,6449375.516,1928.23,1928.0553
live,2026-08-07T07:21:53+00:00,708124926,1580.5548,6.0751149,45.1012817,941817.925,6449376.944,1928.16,1927.9856
live,2026-08-07T07:21:53+00:00,708124926,1582.1849,6.0751056,45.1012948,941817.139,6449378.372,1928.09,1927.6628
live,2026-08-07T07:21:53+00:00,708124926,1583.2647,6.0750969,45.1013023,941816.427,6449379.184,1928.02,1927.6628
live,2026-08-07T07:21:53+00:00,708124926,1584.3445,6.0750883,45.1013099,941815.714,6449379.995,1928.17,1927.5033
live,2026-08-07T07:21:53+00:00,708124926,1586.0422,6.0750721,45.1013200,941814.397,6449381.066,1927.88,1927.1883
live,2026-08-07T07:21:53+00:00,708124926,1587.2393,6.0750572,45.1013222,941813.217,6449381.265,1927.66,1927.0233
live,2026-08-07T07:21:53+00:00,708124926,1589.1309,6.0750343,45.1013170,941811.439,6449380.618,1927.21,1926.8528
live,2026-08-07T07:21:53+00:00,708124926,1590.2522,6.0750223,45.1013116,941810.520,6449379.976,1927.05,1926.6800
live,2026-08-07T07:21:53+00:00,708124926,1591.3735,6.0750103,45.1013061,941809.600,6449379.335,1926.67,1926.5853
live,2026-08-07T07:21:53+00:00,708124926,1593.2827,6.0749987,45.1012910,941808.754,6449377.623,1926.29,1926.3056
live,2026-08-07T07:21:53+00:00,708124926,1594.6036,6.0749933,45.1012798,941808.374,6449376.358,1925.74,1926.3056
live,2026-08-07T07:21:53+00:00,708124926,1595.9245,6.0749878,45.1012685,941807.994,6449375.093,1925.58,1926.0129
live,2026-08-07T07:21:53+00:00,708124926,1596.9396,6.0749860,45.1012595,941807.892,6449374.083,1925.42,1925.8781
live,2026-08-07T07:21:53+00:00,708124926,1597.9546,6.0749842,45.1012504,941807.789,6449373.073,1925.25,1925.8112
live,2026-08-07T07:21:53+00:00,708124926,1599.1911,6.0749874,45.1012395,941808.088,6449371.873,1925.09,1925.6306
live,2026-08-07T07:21:53+00:00,708124926,1600.4275,6.0749906,45.1012286,941808.387,6449370.673,1924.92,1925.4529
live,2026-08-07T07:21:53+00:00,708124926,1602.0784,6.0749984,45.1012148,941809.059,6449369.166,1924.81,1925.2971
live,2026-08-07T07:21:53+00:00,708124926,1603.7293,6.0750062,45.1012010,941809.732,6449367.658,1924.88,1925.1182
live,2026-08-07T07:21:53+00:00,708124926,1605.6967,6.0750204,45.1011864,941810.914,6449366.085,1924.77,1924.9294
live,2026-08-07T07:21:53+00:00,708124926,1607.6641,6.0750347,45.1011719,941812.096,6449364.512,1924.83,1924.6781
live,2026-08-07T07:21:53+00:00,708124926,1609.6315,6.0750489,45.1011573,941813.277,6449362.939,1924.74,1924.4367
live,2026-08-07T07:21:53+00:00,708124926,1610.9465,6.0750557,45.1011465,941813.862,6449361.762,1924.81,1924.2367
live,2026-08-07T07:21:53+00:00,708124926,1612.2614,6.0750626,45.1011357,941814.447,6449360.584,1924.64,1924.0320
live,2026-08-07T07:21:53+00:00,708124926,1614.2335,6.0750646,45.1011180,941814.681,6449358.626,1924.56,1923.7019
live,2026-08-07T07:21:53+00:00,708124926,1616.1723,6.0750579,45.1011012,941814.227,6449356.741,1924.01,1923.5144
live,2026-08-07T07:21:53+00:00,708124926,1617.7430,6.0750478,45.1010890,941813.486,6449355.356,1923.46,1923.3187
live,2026-08-07T07:21:53+00:00,708124926,1619.4716,6.0750312,45.1010788,941812.226,6449354.173,1923.08,1923.1350
live,2026-08-07T07:21:53+00:00,708124926,1620.9307,6.0750150,45.1010724,941810.980,6449353.413,1922.70,1922.9444
live,2026-08-07T07:21:53+00:00,708124926,1622.8380,6.0749909,45.1010705,941809.094,6449353.129,1922.25,1922.7556
live,2026-08-07T07:21:53+00:00,708124926,1623.8439,6.0749786,45.1010728,941808.113,6449353.352,1922.02,1922.5825
live,2026-08-07T07:21:53+00:00,708124926,1624.8498,6.0749662,45.1010752,941807.132,6449353.575,1921.95,1922.4162
live,2026-08-07T07:21:53+00:00,708124926,1626.3340,6.0749513,45.1010834,941805.926,6449354.439,1921.72,1922.3776
live,2026-08-07T07:21:53+00:00,708124926,1628.0850,6.0749372,45.1010956,941804.765,6449355.750,1921.81,1922.2094
live,2026-08-07T07:21:53+00:00,708124926,1629.7151,6.0749274,45.1011085,941803.940,6449357.156,1921.75,1922.0706
live,2026-08-07T07:21:53+00:00,708124926,1631.3451,6.0749176,45.1011215,941803.115,6449358.562,1921.83,1921.8983
live,2026-08-07T07:21:53+00:00,708124926,1632.9752,6.0749079,45.1011344,941802.291,6449359.968,1921.78,1921.7800
live,2026-08-07T07:21:53+00:00,708124926,1634.6053,6.0748981,45.1011474,941801.466,6449361.374,1921.72,1921.7259
live,2026-08-07T07:21:53+00:00,708124926,1636.2354,6.0748883,45.1011603,941800.642,6449362.780,1922.04,1921.6335
live,2026-08-07T07:21:53+00:00,708124926,1637.3071,6.0748791,45.1011674,941799.891,6449363.546,1921.98,1921.5518
live,2026-08-07T07:21:53+00:00,708124926,1638.3788,6.0748700,45.1011746,941799.141,6449364.311,1921.76,1921.5269
live,2026-08-07T07:21:53+00:00,708124926,1639.6467,6.0748567,45.1011811,941798.068,6449364.986,1921.70,1921.4656
live,2026-08-07T07:21:53+00:00,708124926,1640.9146,6.0748434,45.1011875,941796.995,6449365.661,1921.65,1921.3956
live,2026-08-07T07:21:53+00:00,708124926,1642.3562,6.0748257,45.1011909,941795.589,6449365.981,1921.43,1921.3269
live,2026-08-07T07:21:53+00:00,708124926,1643.7977,6.0748080,45.1011942,941794.183,6449366.300,1921.00,1921.2741
live,2026-08-07T07:21:53+00:00,708124926,1645.2393,6.0747903,45.1011976,941792.778,6449366.620,1920.95,1921.1900
live,2026-08-07T07:21:53+00:00,708124926,1647.1717,6.0747700,45.1012074,941791.140,6449367.645,1920.68,1921.0381
live,2026-08-07T07:21:53+00:00,708124926,1649.0609,6.0747527,45.1012192,941789.729,6449368.902,1920.63,1920.8919
live,2026-08-07T07:21:53+00:00,708124926,1650.9902,6.0747405,45.1012343,941788.701,6449370.534,1920.74,1920.6593
live,2026-08-07T07:21:53+00:00,708124926,1652.9196,6.0747282,45.1012493,941787.673,6449372.167,1920.69,1920.3706
live,2026-08-07T07:21:53+00:00,708124926,1654.6082,6.0747152,45.1012614,941786.599,6449373.470,1920.65,1920.1669
live,2026-08-07T07:21:53+00:00,708124926,1656.2532,6.0746976,45.1012694,941785.181,6449374.304,1920.43,1919.8565
live,2026-08-07T07:21:53+00:00,708124926,1657.5915,6.0746816,45.1012735,941783.906,6449374.710,1920.40,1919.6671
live,2026-08-07T07:21:53+00:00,708124926,1659.5491,6.0746575,45.1012691,941782.031,6449374.148,1919.88,1919.4724
live,2026-08-07T07:21:53+00:00,708124926,1660.7023,6.0746440,45.1012651,941780.987,6449373.657,1919.70,1919.2759
live,2026-08-07T07:21:53+00:00,708124926,1661.8555,6.0746305,45.1012610,941779.944,6449373.166,1919.36,1919.0741
live,2026-08-07T07:21:53+00:00,708124926,1663.5254,6.0746144,45.1012512,941778.721,6449372.030,1919.03,1918.8588
live,2026-08-07T07:21:53+00:00,708124926,1664.9083,6.0746057,45.1012404,941778.080,6449370.804,1918.71,1918.7522
live,2026-08-07T07:21:53+00:00,708124926,1666.2912,6.0745969,45.1012296,941777.439,6449369.579,1918.39,1918.5456
live,2026-08-07T07:21:53+00:00,708124926,1667.3461,6.0745939,45.1012204,941777.239,6449368.543,1918.24,1918.4218
live,2026-08-07T07:21:53+00:00,708124926,1668.4011,6.0745908,45.1012111,941777.039,6449367.507,1918.08,1918.3267
live,2026-08-07T07:21:53+00:00,708124926,1669.7550,6.0745897,45.1011989,941777.008,6449366.154,1917.78,1918.1217
live,2026-08-07T07:21:53+00:00,708124926,1671.1088,6.0745887,45.1011868,941776.977,6449364.800,1917.64,1917.9133
live,2026-08-07T07:21:53+00:00,708124926,1672.4627,6.0745876,45.1011746,941776.945,6449363.447,1917.34,1917.7976
live,2026-08-07T07:21:53+00:00,708124926,1674.1896,6.0745911,45.1011592,941777.287,6449361.754,1917.20,1917.6206
live,2026-08-07T07:21:53+00:00,708124926,1675.9164,6.0745946,45.1011439,941777.628,6449360.061,1917.08,1917.4759
live,2026-08-07T07:21:53+00:00,708124926,1677.3250,6.0746017,45.1011323,941778.239,6449358.792,1916.94,1917.3459
live,2026-08-07T07:21:53+00:00,708124926,1678.7336,6.0746089,45.1011206,941778.850,6449357.523,1916.97,1917.2300
live,2026-08-07T07:21:53+00:00,708124926,1680.1422,6.0746160,45.1011090,941779.461,6449356.253,1916.71,1917.0853
live,2026-08-07T07:21:53+00:00,708124926,1681.8354,6.0746278,45.1010962,941780.441,6449354.873,1916.74,1916.9993
live,2026-08-07T07:21:53+00:00,708124926,1683.5287,6.0746395,45.1010835,941781.421,6449353.492,1916.65,1916.9337
live,2026-08-07T07:21:53+00:00,708124926,1685.2219,6.0746513,45.1010707,941782.401,6449352.111,1916.69,1916.8527
live,2026-08-07T07:21:53+00:00,708124926,1687.2204,6.0746662,45.1010562,941783.639,6449350.542,1916.90,1916.8056
live,2026-08-07T07:21:53+00:00,708124926,1689.2190,6.0746812,45.1010416,941784.877,6449348.973,1916.82,1916.7681
live,2026-08-07T07:21:53+00:00,708124926,1691.2175,6.0746962,45.1010270,941786.115,6449347.404,1916.74,1916.7213
live,2026-08-07T07:21:53+00:00,708124926,1693.2160,6.0747111,45.1010125,941787.353,6449345.835,1916.79,1916.6387
live,2026-08-07T07:21:53+00:00,708124926,1694.6042,6.0747203,45.1010018,941788.122,6449344.680,1916.84,1916.5520
live,2026-08-07T07:21:53+00:00,708124926,1695.9924,6.0747295,45.1009912,941788.892,6449343.524,1916.89,1916.4538
live,2026-08-07T07:21:53+00:00,708124926,1697.3806,6.0747387,45.1009805,941789.661,6449342.369,1916.83,1916.3387
live,2026-08-07T07:21:53+00:00,708124926,1698.3888,6.0747397,45.1009715,941789.778,6449341.367,1916.71,1916.2031
live,2026-08-07T07:21:53+00:00,708124926,1699.3970,6.0747407,45.1009624,941789.896,6449340.366,1916.59,1916.0941
live,2026-08-07T07:21:53+00:00,708124926,1700.8714,6.0747369,45.1009494,941789.654,6449338.912,1916.48,1915.9176
live,2026-08-07T07:21:53+00:00,708124926,1702.4657,6.0747244,45.1009381,941788.720,6449337.619,1916.19,1915.7294
live,2026-08-07T07:21:53+00:00,708124926,1704.1894,6.0747063,45.1009294,941787.335,6449336.593,1915.72,1915.5288
live,2026-08-07T07:21:53+00:00,708124926,1705.9131,6.0746882,45.1009206,941785.951,6449335.566,1915.44,1915.1861
live,2026-08-07T07:21:53+00:00,708124926,1707.4385,6.0746692,45.1009179,941784.469,6449335.203,1914.98,1914.9622
live,2026-08-07T07:21:53+00:00,708124926,1708.9639,6.0746502,45.1009151,941782.988,6449334.840,1914.81,1914.7289
live,2026-08-07T07:21:53+00:00,708124926,1710.3355,6.0746341,45.1009103,941781.746,6449334.258,1914.52,1914.4856
live,2026-08-07T07:21:53+00:00,708124926,1711.7071,6.0746181,45.1009055,941780.504,6449333.676,1914.35,1914.3547
live,2026-08-07T07:21:53+00:00,708124926,1713.0787,6.0746020,45.1009007,941779.261,6449333.094,1913.90,1914.0971
live,2026-08-07T07:21:53+00:00,708124926,1714.3894,6.0745897,45.1008927,941778.333,6449332.169,1913.62,1913.8488
live,2026-08-07T07:21:53+00:00,708124926,1715.7001,6.0745775,45.1008847,941777.405,6449331.243,1913.33,1913.6135
live,2026-08-07T07:21:53+00:00,708124926,1716.8689,6.0745693,45.1008759,941776.802,6449330.242,1913.22,1913.4819
live,2026-08-07T07:21:53+00:00,708124926,1718.0377,6.0745612,45.1008671,941776.200,6449329.240,1912.93,1913.4088
live,2026-08-07T07:21:53+00:00,708124926,1719.2566,6.0745563,45.1008567,941775.856,6449328.071,1912.81,1913.2171
live,2026-08-07T07:21:53+00:00,708124926,1720.4755,6.0745513,45.1008463,941775.512,6449326.901,1912.69,1913.1069
live,2026-08-07T07:21:53+00:00,708124926,1722.3814,6.0745522,45.1008291,941775.653,6449325.001,1912.45,1912.9462
live,2026-08-07T07:21:53+00:00,708124926,1724.2873,6.0745530,45.1008120,941775.794,6449323.100,1912.21,1912.6967
live,2026-08-07T07:21:53+00:00,708124926,1726.1366,6.0745662,45.1007982,941776.890,6449321.611,1912.26,1912.5638
live,2026-08-07T07:21:53+00:00,708124926,1727.9859,6.0745794,45.1007844,941777.986,6449320.121,1912.19,1912.4800
live,2026-08-07T07:21:53+00:00,708124926,1729.8352,6.0745926,45.1007706,941779.082,6449318.632,1912.24,1912.3520
live,2026-08-07T07:21:53+00:00,708124926,1731.6844,6.0746057,45.1007569,941780.178,6449317.142,1912.18,1912.2906
live,2026-08-07T07:21:53+00:00,708124926,1733.5337,6.0746189,45.1007431,941781.273,6449315.652,1912.24,1912.1980
live,2026-08-07T07:21:53+00:00,708124926,1735.3830,6.0746321,45.1007293,941782.369,6449314.163,1912.18,1912.1340
live,2026-08-07T07:21:53+00:00,708124926,1737.2323,6.0746453,45.1007155,941783.465,6449312.673,1912.26,1912.0125
live,2026-08-07T07:21:53+00:00,708124926,1738.6216,6.0746525,45.1007041,941784.078,6449311.427,1912.21,1911.9365
live,2026-08-07T07:21:53+00:00,708124926,1740.0109,6.0746596,45.1006926,941784.691,6449310.180,1912.28,1911.7389
live,2026-08-07T07:21:53+00:00,708124926,1741.4002,6.0746668,45.1006812,941785.304,6449308.933,1912.15,1911.6200
live,2026-08-07T07:21:53+00:00,708124926,1742.6122,6.0746695,45.1006704,941785.558,6449307.748,1912.22,1911.4883
live,2026-08-07T07:21:53+00:00,708124926,1743.8242,6.0746721,45.1006597,941785.813,6449306.563,1912.08,1911.3937
live,2026-08-07T07:21:53+00:00,708124926,1745.7796,6.0746683,45.1006423,941785.590,6449304.620,1911.82,1911.2600
live,2026-08-07T07:21:53+00:00,708124926,1746.9204,6.0746619,45.1006331,941785.122,6449303.580,1911.49,1911.1137
live,2026-08-07T07:21:53+00:00,708124926,1748.0612,6.0746554,45.1006239,941784.655,6449302.539,1911.36,1910.9584
live,2026-08-07T07:21:53+00:00,708124926,1749.2527,6.0746445,45.1006165,941783.831,6449301.679,1911.04,1910.9584
live,2026-08-07T07:21:53+00:00,708124926,1750.4442,6.0746336,45.1006090,941783.006,6449300.818,1910.72,1910.7863
live,2026-08-07T07:21:53+00:00,708124926,1751.4492,6.0746217,45.1006058,941782.081,6449300.427,1910.41,1910.6142
live,2026-08-07T07:21:53+00:00,708124926,1752.4541,6.0746097,45.1006026,941781.155,6449300.035,1910.23,1910.5215
live,2026-08-07T07:21:53+00:00,708124926,1753.4709,6.0745968,45.1006016,941780.150,6449299.885,1910.05,1910.3365
live,2026-08-07T07:21:53+00:00,708124926,1754.4877,6.0745840,45.1006006,941779.144,6449299.734,1909.87,1910.1490
live,2026-08-07T07:21:53+00:00,708124926,1755.6056,6.0745711,45.1006049,941778.116,6449300.172,1909.69,1909.9490
live,2026-08-07T07:21:53+00:00,708124926,1756.7235,6.0745583,45.1006092,941777.087,6449300.610,1909.64,1909.8368
live,2026-08-07T07:21:53+00:00,708124926,1758.4989,6.0745388,45.1006172,941775.520,6449301.444,1909.46,1909.5250
live,2026-08-07T07:21:53+00:00,708124926,1760.2743,6.0745193,45.1006253,941773.952,6449302.277,1909.23,1909.3065
live,2026-08-07T07:21:53+00:00,708124926,1762.0496,6.0744998,45.1006334,941772.385,6449303.111,1908.99,1908.9853
live,2026-08-07T07:21:53+00:00,708124926,1763.8250,6.0744803,45.1006414,941770.817,6449303.945,1908.94,1908.7758
live,2026-08-07T07:21:53+00:00,708124926,1764.8394,6.0744678,45.1006435,941769.822,6449304.139,1908.76,1908.5758
live,2026-08-07T07:21:53+00:00,708124926,1765.8537,6.0744552,45.1006456,941768.826,6449304.334,1908.58,1908.4839
live,2026-08-07T07:21:53+00:00,708124926,1766.9511,6.0744412,45.1006457,941767.729,6449304.308,1908.40,1908.2956
live,2026-08-07T07:21:53+00:00,708124926,1768.0485,6.0744273,45.1006459,941766.632,6449304.282,1908.22,1908.1033
live,2026-08-07T07:21:53+00:00,708124926,1769.5067,6.0744106,45.1006402,941765.344,6449303.598,1907.86,1907.8224
live,2026-08-07T07:21:53+00:00,708124926,1770.7139,6.0743972,45.1006349,941764.314,6449302.969,1907.56,1907.7489
live,2026-08-07T07:21:53+00:00,708124926,1772.4832,6.0743844,45.1006218,941763.364,6449301.476,1907.12,1907.5700
live,2026-08-07T07:21:53+00:00,708124926,1774.1078,6.0743789,45.1006077,941762.993,6449299.894,1906.99,1907.4067
live,2026-08-07T07:21:53+00:00,708124926,1775.7996,6.0743775,45.1005925,941762.949,6449298.203,1906.74,1907.2517
live,2026-08-07T07:21:53+00:00,708124926,1777.1403,6.0743807,45.1005806,941763.255,6449296.898,1906.61,1907.1524
live,2026-08-07T07:21:53+00:00,708124926,1778.4809,6.0743840,45.1005688,941763.562,6449295.593,1906.66,1906.9056
live,2026-08-07T07:21:53+00:00,708124926,1779.9235,6.0743913,45.1005569,941764.191,6449294.295,1906.41,1906.7656
live,2026-08-07T07:21:53+00:00,708124926,1781.3660,6.0743987,45.1005450,941764.820,6449292.997,1906.45,1906.6225
live,2026-08-07T07:21:53+00:00,708124926,1782.8671,6.0744083,45.1005333,941765.628,6449291.731,1906.50,1906.4994
live,2026-08-07T07:21:53+00:00,708124926,1784.3681,6.0744180,45.1005217,941766.435,6449290.466,1906.24,1906.4287
live,2026-08-07T07:21:53+00:00,708124926,1785.8691,6.0744276,45.1005100,941767.243,6449289.201,1906.29,1906.3393
live,2026-08-07T07:21:53+00:00,708124926,1787.8242,6.0744377,45.1004939,941768.103,6449287.445,1906.20,1906.2567
live,2026-08-07T07:21:53+00:00,708124926,1789.7792,6.0744477,45.1004778,941768.962,6449285.689,1906.24,1906.1464
live,2026-08-07T07:21:53+00:00,708124926,1791.6345,6.0744539,45.1004617,941769.522,6449283.920,1906.16,1906.0671
live,2026-08-07T07:21:53+00:00,708124926,1793.4898,6.0744602,45.1004456,941770.081,6449282.151,1905.93,1906.0000
live,2026-08-07T07:21:53+00:00,708124926,1795.3451,6.0744664,45.1004295,941770.641,6449280.382,1905.89,1905.9307
live,2026-08-07T07:21:53+00:00,708124926,1797.2004,6.0744726,45.1004134,941771.200,6449278.613,1905.78,1905.8285
live,2026-08-07T07:21:53+00:00,708124926,1799.0557,6.0744789,45.1003972,941771.760,6449276.845,1905.75,1905.7531
live,2026-08-07T07:21:53+00:00,708124926,1800.9109,6.0744851,45.1003811,941772.320,6449275.076,1905.55,1905.6908
live,2026-08-07T07:21:53+00:00,708124926,1802.7662,6.0744913,45.1003650,941772.879,6449273.307,1905.55,1905.6254
live,2026-08-07T07:21:53+00:00,708124926,1804.6215,6.0744976,45.1003489,941773.439,6449271.538,1905.47,1905.5523
live,2026-08-07T07:21:53+00:00,708124926,1806.4768,6.0745038,45.1003328,941773.998,6449269.769,1905.48,1905.4307
live,2026-08-07T07:21:53+00:00,708124926,1808.3647,6.0745120,45.1003168,941774.714,6449268.022,1905.48,1905.3314
live,2026-08-07T07:21:53+00:00,708124926,1810.2525,6.0745203,45.1003009,941775.431,6449266.275,1905.31,1905.2214
live,2026-08-07T07:21:53+00:00,708124926,1812.1404,6.0745285,45.1002849,941776.147,6449264.529,1905.39,1905.1021
live,2026-08-07T07:21:53+00:00,708124926,1813.8714,6.0745354,45.1002701,941776.753,6449262.907,1905.39,1904.9736
live,2026-08-07T07:21:53+00:00,708124926,1815.6044,6.0745359,45.1002545,941776.860,6449261.178,1905.21,1904.8279
live,2026-08-07T07:21:53+00:00,708124926,1817.3599,6.0745323,45.1002389,941776.644,6449259.435,1905.02,1904.6643
live,2026-08-07T07:21:53+00:00,708124926,1818.9572,6.0745253,45.1002254,941776.153,6449257.916,1904.76,1904.4475
live,2026-08-07T07:21:53+00:00,708124926,1820.1624,6.0745156,45.1002170,941775.426,6449256.954,1904.50,1904.2675
live,2026-08-07T07:21:53+00:00,708124926,1821.3186,6.0745033,45.1002113,941774.484,6449256.284,1904.24,1904.0719
live,2026-08-07T07:21:53+00:00,708124926,1823.0974,6.0744809,45.1002091,941772.733,6449255.971,1904.08,1903.7718
live,2026-08-07T07:21:53+00:00,708124926,1825.0406,6.0744569,45.1002131,941770.826,6449256.341,1903.75,1903.5635
live,2026-08-07T07:21:53+00:00,708124926,1826.9838,6.0744328,45.1002171,941768.918,6449256.711,1903.51,1903.2517
live,2026-08-07T07:21:53+00:00,708124926,1828.4235,6.0744148,45.1002194,941767.493,6449256.917,1903.18,1903.0367
live,2026-08-07T07:21:53+00:00,708124926,1829.8632,6.0743968,45.1002218,941766.068,6449257.123,1903.01,1902.9200
live,2026-08-07T07:21:53+00:00,708124926,1831.0421,6.0743822,45.1002194,941764.931,6449256.812,1902.85,1902.8306
live,2026-08-07T07:21:53+00:00,708124926,1832.4601,6.0743658,45.1002141,941763.665,6449256.173,1902.60,1902.6283
live,2026-08-07T07:21:53+00:00,708124926,1833.5021,6.0743569,45.1002072,941762.995,6449255.375,1902.35,1902.5182
live,2026-08-07T07:21:53+00:00,708124926,1834.5442,6.0743480,45.1002002,941762.326,6449254.576,1902.18,1902.3235
live,2026-08-07T07:21:53+00:00,708124926,1835.5745,6.0743421,45.1001919,941761.902,6449253.637,1902.10,1902.2411
live,2026-08-07T07:21:53+00:00,708124926,1836.6048,6.0743363,45.1001836,941761.478,6449252.698,1901.85,1902.1329
live,2026-08-07T07:21:53+00:00,708124926,1837.8146,6.0743302,45.1001736,941761.042,6449251.570,1901.76,1901.9494
live,2026-08-07T07:21:53+00:00,708124926,1839.0244,6.0743241,45.1001636,941760.606,6449250.441,1901.58,1901.8639
live,2026-08-07T07:21:53+00:00,708124926,1840.5906,6.0743200,45.1001498,941760.343,6449248.897,1901.34,1901.7671
live,2026-08-07T07:21:53+00:00,708124926,1842.4973,6.0743211,45.1001326,941760.504,6449246.997,1901.31,1901.5113
live,2026-08-07T07:21:53+00:00,708124926,1844.4040,6.0743222,45.1001155,941760.664,6449245.097,1901.12,1901.2582
live,2026-08-07T07:21:53+00:00,708124926,1846.1829,6.0743236,45.1000995,941760.846,6449243.328,1900.93,1901.0960
live,2026-08-07T07:21:53+00:00,708124926,1847.9619,6.0743251,45.1000835,941761.027,6449241.558,1900.84,1900.9320
live,2026-08-07T07:21:53+00:00,708124926,1849.7409,6.0743265,45.1000675,941761.208,6449239.788,1900.63,1900.6886
live,2026-08-07T07:21:53+00:00,708124926,1851.5198,6.0743279,45.1000516,941761.390,6449238.019,1900.41,1900.5164
live,2026-08-07T07:21:53+00:00,708124926,1853.2988,6.0743293,45.1000356,941761.571,6449236.249,1900.33,1900.2615
live,2026-08-07T07:21:53+00:00,708124926,1855.0777,6.0743308,45.1000196,941761.753,6449234.479,1900.09,1900.0800
live,2026-08-07T07:21:53+00:00,708124926,1856.8567,6.0743322,45.1000036,941761.934,6449232.710,1899.97,1899.9900
live,2026-08-07T07:21:53+00:00,708124926,1858.7154,6.0743361,45.0999871,941762.316,6449230.891,1899.72,1899.7200
live,2026-08-07T07:21:53+00:00,708124926,1860.5740,6.0743401,45.0999706,941762.698,6449229.072,1899.61,1899.5223
live,2026-08-07T07:21:53+00:00,708124926,1862.4327,6.0743440,45.0999541,941763.079,6449227.253,1899.35,1899.3285
live,2026-08-07T07:21:53+00:00,708124926,1864.2914,6.0743480,45.0999376,941763.461,6449225.434,1899.09,1899.1300
live,2026-08-07T07:21:53+00:00,708124926,1866.2552,6.0743499,45.0999200,941763.690,6449223.483,1898.95,1898.9162
live,2026-08-07T07:21:53+00:00,708124926,1868.2190,6.0743519,45.0999023,941763.919,6449221.533,1898.82,1898.6992
live,2026-08-07T07:21:53+00:00,708124926,1870.1828,6.0743538,45.0998847,941764.148,6449219.582,1898.55,1898.4700
live,2026-08-07T07:21:53+00:00,708124926,1872.1467,6.0743558,45.0998671,941764.377,6449217.632,1898.27,1898.2392
live,2026-08-07T07:21:53+00:00,708124926,1874.1105,6.0743577,45.0998495,941764.606,6449215.681,1898.11,1898.0062
live,2026-08-07T07:21:53+00:00,708124926,1876.0743,6.0743597,45.0998318,941764.835,6449213.731,1897.83,1897.7638
live,2026-08-07T07:21:53+00:00,708124926,1878.0381,6.0743616,45.0998142,941765.064,6449211.780,1897.55,1897.5208
live,2026-08-07T07:21:53+00:00,708124926,1879.8517,6.0743592,45.0997980,941764.947,6449209.971,1897.27,1897.2677
live,2026-08-07T07:21:53+00:00,708124926,1881.6653,6.0743569,45.0997817,941764.831,6449208.161,1896.99,1897.0046
live,2026-08-07T07:21:53+00:00,708124926,1883.4789,6.0743545,45.0997655,941764.715,6449206.351,1896.72,1896.7423
live,2026-08-07T07:21:53+00:00,708124926,1885.2924,6.0743521,45.0997492,941764.599,6449204.541,1896.58,1896.4815
live,2026-08-07T07:21:53+00:00,708124926,1887.1060,6.0743497,45.0997330,941764.483,6449202.731,1896.20,1896.2138
live,2026-08-07T07:21:53+00:00,708124926,1888.9196,6.0743474,45.0997167,941764.366,6449200.921,1895.93,1895.9485
live,2026-08-07T07:21:53+00:00,708124926,1890.7332,6.0743450,45.0997005,941764.250,6449199.111,1895.66,1895.6954
live,2026-08-07T07:21:53+00:00,708124926,1892.7072,6.0743424,45.0996828,941764.124,6449197.142,1895.40,1895.4446
live,2026-08-07T07:21:53+00:00,708124926,1894.6813,6.0743398,45.0996651,941763.998,6449195.172,1895.14,1895.1977
live,2026-08-07T07:21:53+00:00,708124926,1896.6553,6.0743373,45.0996475,941763.871,6449193.202,1894.88,1894.8521
live,2026-08-07T07:21:53+00:00,708124926,1898.6293,6.0743347,45.0996298,941763.745,6449191.232,1894.63,1894.6100
live,2026-08-07T07:21:53+00:00,708124926,1900.6034,6.0743321,45.0996121,941763.619,6449189.262,1894.38,1894.3864
live,2026-08-07T07:21:53+00:00,708124926,1902.2313,6.0743309,45.0995975,941763.587,6449187.634,1894.26,1894.1771
live,2026-08-07T07:21:53+00:00,708124926,1903.8593,6.0743297,45.0995828,941763.556,6449186.006,1894.01,1893.9721
live,2026-08-07T07:21:53+00:00,708124926,1905.4872,6.0743285,45.0995682,941763.525,6449184.379,1893.78,1893.8623
live,2026-08-07T07:21:53+00:00,708124926,1907.2090,6.0743308,45.0995528,941763.770,6449182.674,1893.66,1893.6662
live,2026-08-07T07:21:53+00:00,708124926,1908.9308,6.0743330,45.0995374,941764.014,6449180.970,1893.42,1893.5764
live,2026-08-07T07:21:53+00:00,708124926,1910.6525,6.0743353,45.0995219,941764.258,6449179.266,1893.19,1893.3864
live,2026-08-07T07:21:53+00:00,708124926,1912.3743,6.0743375,45.0995065,941764.503,6449177.561,1893.07,1893.2036
live,2026-08-07T07:21:53+00:00,708124926,1914.0961,6.0743398,45.0994911,941764.747,6449175.857,1893.00,1893.0421
live,2026-08-07T07:21:53+00:00,708124926,1916.0504,6.0743407,45.0994735,941764.896,6449173.908,1892.79,1892.8793
live,2026-08-07T07:21:53+00:00,708124926,1918.0048,6.0743417,45.0994559,941765.045,6449171.960,1892.59,1892.6431
live,2026-08-07T07:21:53+00:00,708124926,1919.9592,6.0743426,45.0994383,941765.194,6449170.011,1892.41,1892.4915
live,2026-08-07T07:21:53+00:00,708124926,1921.9135,6.0743435,45.0994208,941765.344,6449168.062,1892.22,1892.3454
live,2026-08-07T07:21:53+00:00,708124926,1923.8679,6.0743445,45.0994032,941765.493,6449166.114,1892.07,1892.2046
live,2026-08-07T07:21:53+00:00,708124926,1925.8222,6.0743454,45.0993856,941765.642,6449164.165,1892.12,1892.0731
live,2026-08-07T07:21:53+00:00,708124926,1927.7766,6.0743463,45.0993680,941765.791,6449162.216,1891.98,1891.9400
live,2026-08-07T07:21:53+00:00,708124926,1929.7309,6.0743472,45.0993504,941765.940,6449160.268,1891.84,1891.8092
live,2026-08-07T07:21:53+00:00,708124926,1931.6853,6.0743482,45.0993328,941766.089,6449158.319,1891.69,1891.6923
live,2026-08-07T07:21:53+00:00,708124926,1933.6396,6.0743491,45.0993153,941766.239,6449156.370,1891.52,1891.5746
live,2026-08-07T07:21:53+00:00,708124926,1935.5940,6.0743500,45.0992977,941766.388,6449154.422,1891.36,1891.4685
live,2026-08-07T07:21:53+00:00,708124926,1937.5483,6.0743510,45.0992801,941766.537,6449152.473,1891.36,1891.3569
live,2026-08-07T07:21:53+00:00,708124926,1939.5027,6.0743519,45.0992625,941766.686,6449150.524,1891.27,1891.2377
live,2026-08-07T07:21:53+00:00,708124926,1941.4675,6.0743573,45.0992452,941767.184,6449148.624,1891.09,1891.1115
live,2026-08-07T07:21:53+00:00,708124926,1943.4324,6.0743627,45.0992279,941767.682,6449146.723,1891.07,1890.9908
live,2026-08-07T07:21:53+00:00,708124926,1945.3972,6.0743681,45.0992107,941768.181,6449144.822,1890.88,1890.8731
live,2026-08-07T07:21:53+00:00,708124926,1947.3621,6.0743734,45.0991934,941768.679,6449142.922,1890.84,1890.7631
live,2026-08-07T07:21:53+00:00,708124926,1949.3269,6.0743788,45.0991761,941769.177,6449141.021,1890.62,1890.6485
live,2026-08-07T07:21:53+00:00,708124926,1951.2917,6.0743842,45.0991589,941769.675,6449139.120,1890.57,1890.5377
live,2026-08-07T07:21:53+00:00,708124926,1953.2566,6.0743896,45.0991416,941770.173,6449137.220,1890.34,1890.3550
live,2026-08-07T07:21:53+00:00,708124926,1955.2214,6.0743950,45.0991243,941770.671,6449135.319,1890.27,1890.2379
live,2026-08-07T07:21:53+00:00,708124926,1956.9513,6.0744003,45.0991092,941771.152,6449133.657,1890.16,1890.1100
live,2026-08-07T07:21:53+00:00,708124926,1958.6811,6.0744056,45.0990941,941771.632,6449131.996,1890.09,1889.9850
live,2026-08-07T07:21:53+00:00,708124926,1960.4110,6.0744108,45.0990789,941772.112,6449130.334,1889.87,1889.8421
live,2026-08-07T07:21:53+00:00,708124926,1962.1408,6.0744161,45.0990638,941772.593,6449128.672,1889.92,1889.7064
live,2026-08-07T07:21:53+00:00,708124926,1963.8707,6.0744214,45.0990487,941773.073,6449127.010,1889.72,1889.6400
live,2026-08-07T07:21:53+00:00,708124926,1965.6239,6.0744188,45.0990330,941772.938,6449125.262,1889.53,1889.5700
live,2026-08-07T07:21:53+00:00,708124926,1967.3772,6.0744162,45.0990173,941772.803,6449123.514,1889.45,1889.4300
live,2026-08-07T07:21:53+00:00,708124926,1969.1304,6.0744137,45.0990017,941772.668,6449121.766,1889.28,1889.2864
live,2026-08-07T07:21:53+00:00,708124926,1970.8836,6.0744111,45.0989860,941772.533,6449120.018,1889.13,1889.1314
live,2026-08-07T07:21:53+00:00,708124926,1972.6369,6.0744085,45.0989703,941772.398,6449118.270,1888.84,1888.9729
live,2026-08-07T07:21:53+00:00,708124926,1974.5054,6.0744026,45.0989540,941772.006,6449116.443,1888.72,1888.8150
live,2026-08-07T07:21:53+00:00,708124926,1976.3739,6.0743967,45.0989377,941771.614,6449114.616,1888.66,1888.5631
live,2026-08-07T07:21:53+00:00,708124926,1978.2425,6.0743909,45.0989214,941771.222,6449112.789,1888.38,1888.3900
live,2026-08-07T07:21:53+00:00,708124926,1980.1110,6.0743850,45.0989051,941770.830,6449110.962,1888.26,1888.2015
live,2026-08-07T07:21:53+00:00,708124926,1981.9795,6.0743791,45.0988888,941770.438,6449109.135,1887.99,1888.0169
live,2026-08-07T07:21:53+00:00,708124926,1983.8480,6.0743732,45.0988725,941770.046,6449107.308,1887.87,1887.8285
live,2026-08-07T07:21:53+00:00,708124926,1985.7563,6.0743637,45.0988567,941769.372,6449105.523,1887.66,1887.6423
live,2026-08-07T07:21:53+00:00,708124926,1987.6646,6.0743543,45.0988409,941768.698,6449103.738,1887.55,1887.4554
live,2026-08-07T07:21:53+00:00,708124926,1989.5729,6.0743449,45.0988250,941768.023,6449101.953,1887.28,1887.3550
live,2026-08-07T07:21:53+00:00,708124926,1991.4812,6.0743354,45.0988092,941767.349,6449100.168,1887.00,1887.2618
live,2026-08-07T07:21:53+00:00,708124926,1993.3895,6.0743260,45.0987934,941766.674,6449098.382,1886.88,1887.1620
live,2026-08-07T07:21:53+00:00,708124926,1995.2978,6.0743165,45.0987775,941766.000,6449096.597,1886.68,1887.0700
live,2026-08-07T07:21:53+00:00,708124926,1997.2060,6.0743071,45.0987617,941765.326,6449094.812,1886.42,1886.9700
live,2026-08-07T07:21:53+00:00,708124926,1999.1143,6.0742976,45.0987459,941764.651,6449093.027,1886.29,1886.8714
