source,edge_id,osm_way_id,direction,node_count,first_node_id,last_node_id,highway,access_status,access_reason,structure_status,oneway,oneway_bicycle,junction,bicycle,access,vehicle,surface,smoothness,tracktype,bridge,tunnel,covered,layer,selected_for_profile,decision,reason
live,osm-way-23258945-forward,23258945,forward,5,251695513,251695516,track,review,highway=track carries no bicycle permission,tunnel,,,,,,,,,,,yes,,-1,False,review_required,"terrain model cannot describe a deck, bore or stacked level; roadway elevation is unknown"
live,osm-way-23258945-reverse,23258945,reverse,5,251695516,251695513,track,review,highway=track carries no bicycle permission,tunnel,,,,,,,,,,,yes,,-1,False,review_required,"terrain model cannot describe a deck, bore or stacked level; roadway elevation is unknown"
live,osm-way-23370662-forward,23370662,forward,2,93848453,7093859570,footway,prohibited,bicycle=no,tunnel,,,,no,no,,,,,,yes,,-1,False,review_required,"terrain model cannot describe a deck, bore or stacked level; roadway elevation is unknown"
live,osm-way-23370662-reverse,23370662,reverse,2,7093859570,93848453,footway,prohibited,bicycle=no,tunnel,,,,no,no,,,,,,yes,,-1,False,review_required,"terrain model cannot describe a deck, bore or stacked level; roadway elevation is unknown"
live,osm-way-24385206-forward,24385206,forward,5,61759809,27294173,primary,admissible,highway=primary cyclable by default,tunnel,,,,,,,asphalt,,,,yes,,-1,False,review_required,"terrain model cannot describe a deck, bore or stacked level; roadway elevation is unknown"
live,osm-way-24385206-reverse,24385206,reverse,5,27294173,61759809,primary,admissible,highway=primary cyclable by default,tunnel,,,,,,,asphalt,,,,yes,,-1,False,review_required,"terrain model cannot describe a deck, bore or stacked level; roadway elevation is unknown"
live,osm-way-30483374-forward,30483374,forward,2,336367995,336367992,unclassified,admissible,highway=unclassified cyclable by default,bridge,,,,,,,asphalt,,,yes,,,1,False,review_required,"terrain model cannot describe a deck, bore or stacked level; roadway elevation is unknown"
live,osm-way-30483374-reverse,30483374,reverse,2,336367992,336367995,unclassified,admissible,highway=unclassified cyclable by default,bridge,,,,,,,asphalt,,,yes,,,1,False,review_required,"terrain model cannot describe a deck, bore or stacked level; roadway elevation is unknown"
live,osm-way-36939189-forward,36939189,forward,2,61785640,61785642,secondary,admissible,highway=secondary cyclable by default,bridge,,,,,,,,,,yes,,,1,False,review_required,"terrain model cannot describe a deck, bore or stacked level; roadway elevation is unknown"
live,osm-way-36939189-reverse,36939189,reverse,2,61785642,61785640,secondary,admissible,highway=secondary cyclable by default,bridge,,,,,,,,,,yes,,,1,False,review_required,"terrain model cannot describe a deck, bore or stacked level; roadway elevation is unknown"
live,osm-way-49210502-forward,49210502,forward,7,624493727,251670339,primary,admissible,highway=primary cyclable by default,bridge,,,,,,,asphalt,,,yes,,,1,False,review_required,"terrain model cannot describe a deck, bore or stacked level; roadway elevation is unknown"
live,osm-way-49210502-reverse,49210502,reverse,7,251670339,624493727,primary,admissible,highway=primary cyclable by default,bridge,,,,,,,asphalt,,,yes,,,1,False,review_required,"terrain model cannot describe a deck, bore or stacked level; roadway elevation is unknown"
live,osm-way-54396765-forward,54396765,forward,22,27292669,2163173504,primary,admissible,highway=primary cyclable by default,tunnel,,,,,,,asphalt,,,,yes,,-1,False,review_required,"terrain model cannot describe a deck, bore or stacked level; roadway elevation is unknown"
live,osm-way-54396765-reverse,54396765,reverse,22,2163173504,27292669,primary,admissible,highway=primary cyclable by default,tunnel,,,,,,,asphalt,,,,yes,,-1,False,review_required,"terrain model cannot describe a deck, bore or stacked level; roadway elevation is unknown"
live,osm-way-61497927-forward,61497927,forward,2,767463998,767464009,primary,admissible,highway=primary cyclable by default,tunnel,,,,,,,,,,,yes,,,False,review_required,"terrain model cannot describe a deck, bore or stacked level; roadway elevation is unknown"
live,osm-way-61497927-reverse,61497927,reverse,2,767464009,767463998,primary,admissible,highway=primary cyclable by default,tunnel,,,,,,,,,,,yes,,,False,review_required,"terrain model cannot describe a deck, bore or stacked level; roadway elevation is unknown"
live,osm-way-61497929-forward,61497929,forward,2,767463994,380815,primary,admissible,highway=primary cyclable by default,tunnel,,,,,,,,,,,yes,,,False,review_required,"terrain model cannot describe a deck, bore or stacked level; roadway elevation is unknown"
live,osm-way-61497929-reverse,61497929,reverse,2,380815,767463994,primary,admissible,highway=primary cyclable by default,tunnel,,,,,,,,,,,yes,,,False,review_required,"terrain model cannot describe a deck, bore or stacked level; roadway elevation is unknown"
live,osm-way-71809489-forward,71809489,forward,4,327412682,853408691,unclassified,admissible,highway=unclassified cyclable by default,bridge,,,,,,,,,,yes,,,1,False,review_required,"terrain model cannot describe a deck, bore or stacked level; roadway elevation is unknown"
live,osm-way-71809489-reverse,71809489,reverse,4,853408691,327412682,unclassified,admissible,highway=unclassified cyclable by default,bridge,,,,,,,,,,yes,,,1,False,review_required,"terrain model cannot describe a deck, bore or stacked level; roadway elevation is unknown"
live,osm-way-93975010-forward,93975010,forward,9,1342094396,251671097,secondary,admissible,highway=secondary cyclable by default,tunnel,,,,,,,,,,,yes,,-1,False,review_required,"terrain model cannot describe a deck, bore or stacked level; roadway elevation is unknown"
live,osm-way-93975010-reverse,93975010,reverse,9,251671097,1342094396,secondary,admissible,highway=secondary cyclable by default,tunnel,,,,,,,,,,,yes,,-1,False,review_required,"terrain model cannot describe a deck, bore or stacked level; roadway elevation is unknown"
live,osm-way-93995461-forward,93995461,forward,6,251695522,1092708486,track,review,highway=track carries no bicycle permission,bridge,,,,,,,,,,yes,,,1,False,review_required,"terrain model cannot describe a deck, bore or stacked level; roadway elevation is unknown"
live,osm-way-93995461-reverse,93995461,reverse,6,1092708486,251695522,track,review,highway=track carries no bicycle permission,bridge,,,,,,,,,,yes,,,1,False,review_required,"terrain model cannot describe a deck, bore or stacked level; roadway elevation is unknown"
live,osm-way-96286816-forward,96286816,forward,8,1116079915,1116080149,unclassified,admissible,highway=unclassified cyclable by default,tunnel,,,,,,,asphalt,,,,yes,,,False,review_required,"terrain model cannot describe a deck, bore or stacked level; roadway elevation is unknown"
live,osm-way-96286816-reverse,96286816,reverse,8,1116080149,1116079915,unclassified,admissible,highway=unclassified cyclable by default,tunnel,,,,,,,asphalt,,,,yes,,,False,review_required,"terrain model cannot describe a deck, bore or stacked level; roadway elevation is unknown"
live,osm-way-96291294-forward,96291294,forward,8,61785717,61785723,secondary,admissible,highway=secondary cyclable by default,bridge,,,,,,,asphalt,excellent,,viaduct,,,1,False,review_required,"terrain model cannot describe a deck, bore or stacked level; roadway elevation is unknown"
live,osm-way-96291294-reverse,96291294,reverse,8,61785723,61785717,secondary,admissible,highway=secondary cyclable by default,bridge,,,,,,,asphalt,excellent,,viaduct,,,1,False,review_required,"terrain model cannot describe a deck, bore or stacked level; roadway elevation is unknown"
live,osm-way-98613479-forward,98613479,forward,2,1140874962,1140874476,path,review,highway=path carries no bicycle permission,bridge,,,,,,,,,,yes,,,1,False,review_required,"terrain model cannot describe a deck, bore or stacked level; roadway elevation is unknown"
live,osm-way-98613479-reverse,98613479,reverse,2,1140874476,1140874962,path,review,highway=path carries no bicycle permission,bridge,,,,,,,,,,yes,,,1,False,review_required,"terrain model cannot describe a deck, bore or stacked level; roadway elevation is unknown"
live,osm-way-105446060-forward,105446060,forward,2,1214614522,1214614607,residential,admissible,highway=residential cyclable by default,tunnel,,,,,,,asphalt,,,,yes,,-1,False,review_required,"terrain model cannot describe a deck, bore or stacked level; roadway elevation is unknown"
live,osm-way-105446060-reverse,105446060,reverse,2,1214614607,1214614522,residential,admissible,highway=residential cyclable by default,tunnel,,,,,,,asphalt,,,,yes,,-1,False,review_required,"terrain model cannot describe a deck, bore or stacked level; roadway elevation is unknown"
live,osm-way-105839525-forward,105839525,forward,2,1218736617,1218736608,footway,review,highway=footway carries no bicycle permission,tunnel,,,,,,,,,,,yes,,,False,review_required,"terrain model cannot describe a deck, bore or stacked level; roadway elevation is unknown"
live,osm-way-105839525-reverse,105839525,reverse,2,1218736608,1218736617,footway,review,highway=footway carries no bicycle permission,tunnel,,,,,,,,,,,yes,,,False,review_required,"terrain model cannot describe a deck, bore or stacked level; roadway elevation is unknown"
live,osm-way-105839529-forward,105839529,forward,3,1218736612,1218736617,footway,review,highway=footway carries no bicycle permission,tunnel,,,,,,,,,,,yes,,,False,review_required,"terrain model cannot describe a deck, bore or stacked level; roadway elevation is unknown"
live,osm-way-105839529-reverse,105839529,reverse,3,1218736617,1218736612,footway,review,highway=footway carries no bicycle permission,tunnel,,,,,,,,,,,yes,,,False,review_required,"terrain model cannot describe a deck, bore or stacked level; roadway elevation is unknown"
live,osm-way-105839531-forward,105839531,forward,3,9920528636,1218736612,footway,review,highway=footway carries no bicycle permission,bridge,,,,,,,,,,yes,,,,False,review_required,"terrain model cannot describe a deck, bore or stacked level; roadway elevation is unknown"
live,osm-way-105839531-reverse,105839531,reverse,3,1218736612,9920528636,footway,review,highway=footway carries no bicycle permission,bridge,,,,,,,,,,yes,,,,False,review_required,"terrain model cannot describe a deck, bore or stacked level; roadway elevation is unknown"
live,osm-way-105839533-forward,105839533,forward,2,1218736608,1218736594,footway,review,highway=footway carries no bicycle permission,tunnel,,,,,,,,,,,yes,,,False,review_required,"terrain model cannot describe a deck, bore or stacked level; roadway elevation is unknown"
live,osm-way-105839533-reverse,105839533,reverse,2,1218736594,1218736608,footway,review,highway=footway carries no bicycle permission,tunnel,,,,,,,,,,,yes,,,False,review_required,"terrain model cannot describe a deck, bore or stacked level; roadway elevation is unknown"
live,osm-way-107161941-forward,107161941,forward,10,1232095114,923980183,tertiary,admissible,highway=tertiary cyclable by default,tunnel,,,,,,,,,,,yes,,,False,review_required,"terrain model cannot describe a deck, bore or stacked level; roadway elevation is unknown"
live,osm-way-107161941-reverse,107161941,reverse,10,923980183,1232095114,tertiary,admissible,highway=tertiary cyclable by default,tunnel,,,,,,,,,,,yes,,,False,review_required,"terrain model cannot describe a deck, bore or stacked level; roadway elevation is unknown"
live,osm-way-107161943-forward,107161943,forward,7,898868462,5078603272,tertiary,admissible,highway=tertiary cyclable by default,tunnel,,,,,,,,,,,yes,,,False,review_required,"terrain model cannot describe a deck, bore or stacked level; roadway elevation is unknown"
live,osm-way-107161943-reverse,107161943,reverse,7,5078603272,898868462,tertiary,admissible,highway=tertiary cyclable by default,tunnel,,,,,,,,,,,yes,,,False,review_required,"terrain model cannot describe a deck, bore or stacked level; roadway elevation is unknown"
live,osm-way-107161944-forward,107161944,forward,6,1232095074,1232095080,tertiary,admissible,highway=tertiary cyclable by default,tunnel,,,,,,,,,,,yes,,,False,review_required,"terrain model cannot describe a deck, bore or stacked level; roadway elevation is unknown"
live,osm-way-107161944-reverse,107161944,reverse,6,1232095080,1232095074,tertiary,admissible,highway=tertiary cyclable by default,tunnel,,,,,,,,,,,yes,,,False,review_required,"terrain model cannot describe a deck, bore or stacked level; roadway elevation is unknown"
live,osm-way-119453059-forward,119453059,forward,2,873531735,1342245418,unclassified,admissible,highway=unclassified cyclable by default,bridge,,,,,,,,,,yes,,,1,False,review_required,"terrain model cannot describe a deck, bore or stacked level; roadway elevation is unknown"
live,osm-way-119453059-reverse,119453059,reverse,2,1342245418,873531735,unclassified,admissible,highway=unclassified cyclable by default,bridge,,,,,,,,,,yes,,,1,False,review_required,"terrain model cannot describe a deck, bore or stacked level; roadway elevation is unknown"
live,osm-way-119453636-forward,119453636,forward,2,469339343,861172492,residential,admissible,highway=residential cyclable by default,bridge,,,,,,,,,,yes,,,1,False,review_required,"terrain model cannot describe a deck, bore or stacked level; roadway elevation is unknown"
live,osm-way-119453636-reverse,119453636,reverse,2,861172492,469339343,residential,admissible,highway=residential cyclable by default,bridge,,,,,,,,,,yes,,,1,False,review_required,"terrain model cannot describe a deck, bore or stacked level; roadway elevation is unknown"
live,osm-way-119586229-forward,119586229,forward,2,1343186772,1343186673,track,review,highway=track carries no bicycle permission,bridge,,,,,,,ground,,grade2,yes,,,1,False,review_required,"terrain model cannot describe a deck, bore or stacked level; roadway elevation is unknown"
live,osm-way-119586229-reverse,119586229,reverse,2,1343186673,1343186772,track,review,highway=track carries no bicycle permission,bridge,,,,,,,ground,,grade2,yes,,,1,False,review_required,"terrain model cannot describe a deck, bore or stacked level; roadway elevation is unknown"
live,osm-way-119611336-forward,119611336,forward,2,1342236905,469338261,track,review,highway=track carries no bicycle permission,bridge,,,,,,,,,grade1,yes,,,1,False,review_required,"terrain model cannot describe a deck, bore or stacked level; roadway elevation is unknown"
live,osm-way-119611336-reverse,119611336,reverse,2,469338261,1342236905,track,review,highway=track carries no bicycle permission,bridge,,,,,,,,,grade1,yes,,,1,False,review_required,"terrain model cannot describe a deck, bore or stacked level; roadway elevation is unknown"
live,osm-way-119611341-forward,119611341,forward,5,61785736,1343315036,secondary,admissible,highway=secondary cyclable by default,bridge,,,,,,,asphalt,excellent,,yes,,,1,False,review_required,"terrain model cannot describe a deck, bore or stacked level; roadway elevation is unknown"
live,osm-way-119611341-reverse,119611341,reverse,5,1343315036,61785736,secondary,admissible,highway=secondary cyclable by default,bridge,,,,,,,asphalt,excellent,,yes,,,1,False,review_required,"terrain model cannot describe a deck, bore or stacked level; roadway elevation is unknown"
live,osm-way-119611351-forward,119611351,forward,2,1342259547,5022838716,path,review,highway=path carries no bicycle permission,bridge,,,,,,,,,,yes,,,1,False,review_required,"terrain model cannot describe a deck, bore or stacked level; roadway elevation is unknown"
live,osm-way-119611351-reverse,119611351,reverse,2,5022838716,1342259547,path,review,highway=path carries no bicycle permission,bridge,,,,,,,,,,yes,,,1,False,review_required,"terrain model cannot describe a deck, bore or stacked level; roadway elevation is unknown"
live,osm-way-119744553-forward,119744553,forward,2,1344325203,1344325220,track,review,highway=track carries no bicycle permission,bridge,no,,,,,,ground,,grade2,yes,,,1,False,review_required,"terrain model cannot describe a deck, bore or stacked level; roadway elevation is unknown"
live,osm-way-119744553-reverse,119744553,reverse,2,1344325220,1344325203,track,review,highway=track carries no bicycle permission,bridge,no,,,,,,ground,,grade2,yes,,,1,False,review_required,"terrain model cannot describe a deck, bore or stacked level; roadway elevation is unknown"
live,osm-way-122000404-forward,122000404,forward,2,1214599847,1364259294,unclassified,admissible,highway=unclassified cyclable by default,bridge,,,,,,,,,,yes,,,1,False,review_required,"terrain model cannot describe a deck, bore or stacked level; roadway elevation is unknown"
live,osm-way-122000404-reverse,122000404,reverse,2,1364259294,1214599847,unclassified,admissible,highway=unclassified cyclable by default,bridge,,,,,,,,,,yes,,,1,False,review_required,"terrain model cannot describe a deck, bore or stacked level; roadway elevation is unknown"
live,osm-way-122019455-forward,122019455,forward,3,1364428790,11189093501,footway,review,highway=footway carries no bicycle permission,stacked,,,,,,,,,,,,,1,False,review_required,"terrain model cannot describe a deck, bore or stacked level; roadway elevation is unknown"
live,osm-way-122019455-reverse,122019455,reverse,3,11189093501,1364428790,footway,review,highway=footway carries no bicycle permission,stacked,,,,,,,,,,,,,1,False,review_required,"terrain model cannot describe a deck, bore or stacked level; roadway elevation is unknown"
live,osm-way-132605196-forward,132605196,forward,2,1458461848,810389949,tertiary,admissible,highway=tertiary cyclable by default,bridge,,,,,,,asphalt,,,yes,,,1,False,review_required,"terrain model cannot describe a deck, bore or stacked level; roadway elevation is unknown"
live,osm-way-132605196-reverse,132605196,reverse,2,810389949,1458461848,tertiary,admissible,highway=tertiary cyclable by default,bridge,,,,,,,asphalt,,,yes,,,1,False,review_required,"terrain model cannot describe a deck, bore or stacked level; roadway elevation is unknown"
live,osm-way-132668859-forward,132668859,forward,2,1459313321,1459313322,residential,admissible,highway=residential cyclable by default,bridge,,,,,,,asphalt,,,yes,,,1,False,review_required,"terrain model cannot describe a deck, bore or stacked level; roadway elevation is unknown"
live,osm-way-132668859-reverse,132668859,reverse,2,1459313322,1459313321,residential,admissible,highway=residential cyclable by default,bridge,,,,,,,asphalt,,,yes,,,1,False,review_required,"terrain model cannot describe a deck, bore or stacked level; roadway elevation is unknown"
live,osm-way-132668862-forward,132668862,forward,2,1459313413,1459313417,unclassified,admissible,highway=unclassified cyclable by default,bridge,,,,,,,asphalt,,,yes,,,1,False,review_required,"terrain model cannot describe a deck, bore or stacked level; roadway elevation is unknown"
live,osm-way-132668862-reverse,132668862,reverse,2,1459313417,1459313413,unclassified,admissible,highway=unclassified cyclable by default,bridge,,,,,,,asphalt,,,yes,,,1,False,review_required,"terrain model cannot describe a deck, bore or stacked level; roadway elevation is unknown"
live,osm-way-132668877-forward,132668877,forward,2,1459313415,1459313416,footway,review,highway=footway carries no bicycle permission,bridge,,,,,,,,,,yes,,,1,False,review_required,"terrain model cannot describe a deck, bore or stacked level; roadway elevation is unknown"
live,osm-way-132668877-reverse,132668877,reverse,2,1459313416,1459313415,footway,review,highway=footway carries no bicycle permission,bridge,,,,,,,,,,yes,,,1,False,review_required,"terrain model cannot describe a deck, bore or stacked level; roadway elevation is unknown"
live,osm-way-132668878-forward,132668878,forward,2,1459313390,1459313403,footway,review,highway=footway carries no bicycle permission,bridge,,,,,,,,,,yes,,,1,False,review_required,"terrain model cannot describe a deck, bore or stacked level; roadway elevation is unknown"
live,osm-way-132668878-reverse,132668878,reverse,2,1459313403,1459313390,footway,review,highway=footway carries no bicycle permission,bridge,,,,,,,,,,yes,,,1,False,review_required,"terrain model cannot describe a deck, bore or stacked level; roadway elevation is unknown"
live,osm-way-132675328-forward,132675328,forward,2,1459346833,1459346837,footway,review,highway=footway carries no bicycle permission,tunnel,,,,,,,,,,,yes,,-1,False,review_required,"terrain model cannot describe a deck, bore or stacked level; roadway elevation is unknown"
live,osm-way-132675328-reverse,132675328,reverse,2,1459346837,1459346833,footway,review,highway=footway carries no bicycle permission,tunnel,,,,,,,,,,,yes,,-1,False,review_required,"terrain model cannot describe a deck, bore or stacked level; roadway elevation is unknown"
live,osm-way-132676259-forward,132676259,forward,2,1459353786,1459353782,unclassified,admissible,highway=unclassified cyclable by default,bridge,,,,,,,asphalt,,,yes,,,1,False,review_required,"terrain model cannot describe a deck, bore or stacked level; roadway elevation is unknown"
live,osm-way-132676259-reverse,132676259,reverse,2,1459353782,1459353786,unclassified,admissible,highway=unclassified cyclable by default,bridge,,,,,,,asphalt,,,yes,,,1,False,review_required,"terrain model cannot describe a deck, bore or stacked level; roadway elevation is unknown"
live,osm-way-132695613-forward,132695613,forward,2,1140830577,1459649525,secondary,admissible,highway=secondary cyclable by default,bridge,,,,,,,asphalt,,,yes,,,1,False,review_required,"terrain model cannot describe a deck, bore or stacked level; roadway elevation is unknown"
live,osm-way-132695613-reverse,132695613,reverse,2,1459649525,1140830577,secondary,admissible,highway=secondary cyclable by default,bridge,,,,,,,asphalt,,,yes,,,1,False,review_required,"terrain model cannot describe a deck, bore or stacked level; roadway elevation is unknown"
live,osm-way-132695618-forward,132695618,forward,2,251671367,1459649566,primary,admissible,highway=primary cyclable by default,bridge,,,,,,,asphalt,,,yes,,,1,False,review_required,"terrain model cannot describe a deck, bore or stacked level; roadway elevation is unknown"
live,osm-way-132695618-reverse,132695618,reverse,2,1459649566,251671367,primary,admissible,highway=primary cyclable by default,bridge,,,,,,,asphalt,,,yes,,,1,False,review_required,"terrain model cannot describe a deck, bore or stacked level; roadway elevation is unknown"
live,osm-way-132699869-forward,132699869,forward,2,1459725889,1459725894,footway,review,highway=footway carries no bicycle permission,bridge,,,,,,,wood,,,yes,,,1,False,review_required,"terrain model cannot describe a deck, bore or stacked level; roadway elevation is unknown"
live,osm-way-132699869-reverse,132699869,reverse,2,1459725894,1459725889,footway,review,highway=footway carries no bicycle permission,bridge,,,,,,,wood,,,yes,,,1,False,review_required,"terrain model cannot describe a deck, bore or stacked level; roadway elevation is unknown"
live,osm-way-133322450-forward,133322450,forward,2,1467612669,1467612683,footway,review,highway=footway carries no bicycle permission,tunnel,,,,,,,rock,,,,yes,,,False,review_required,"terrain model cannot describe a deck, bore or stacked level; roadway elevation is unknown"
live,osm-way-133322450-reverse,133322450,reverse,2,1467612683,1467612669,footway,review,highway=footway carries no bicycle permission,tunnel,,,,,,,rock,,,,yes,,,False,review_required,"terrain model cannot describe a deck, bore or stacked level; roadway elevation is unknown"
live,osm-way-141773275-forward,141773275,forward,2,6060978447,1551837464,path,review,highway=path carries no bicycle permission,bridge,,,,,,,,,,yes,,,1,False,review_required,"terrain model cannot describe a deck, bore or stacked level; roadway elevation is unknown"
live,osm-way-141773275-reverse,141773275,reverse,2,1551837464,6060978447,path,review,highway=path carries no bicycle permission,bridge,,,,,,,,,,yes,,,1,False,review_required,"terrain model cannot describe a deck, bore or stacked level; roadway elevation is unknown"
live,osm-way-165523293-forward,165523293,forward,2,1770640409,312840931,primary,admissible,highway=primary cyclable by default,bridge,,,,,,,asphalt,,,yes,,,1,False,review_required,"terrain model cannot describe a deck, bore or stacked level; roadway elevation is unknown"
live,osm-way-165523293-reverse,165523293,reverse,2,312840931,1770640409,primary,admissible,highway=primary cyclable by default,bridge,,,,,,,asphalt,,,yes,,,1,False,review_required,"terrain model cannot describe a deck, bore or stacked level; roadway elevation is unknown"
live,osm-way-165523302-forward,165523302,forward,2,1770640515,1770640583,path,review,highway=path carries no bicycle permission,bridge,,,,,,,,,,yes,,,1,False,review_required,"terrain model cannot describe a deck, bore or stacked level; roadway elevation is unknown"
live,osm-way-165523302-reverse,165523302,reverse,2,1770640583,1770640515,path,review,highway=path carries no bicycle permission,bridge,,,,,,,,,,yes,,,1,False,review_required,"terrain model cannot describe a deck, bore or stacked level; roadway elevation is unknown"
live,osm-way-171335071-forward,171335071,forward,3,1823797120,1823797109,steps,review,highway=steps carries no bicycle permission,tunnel,,,,,,,,,,,,yes,,False,review_required,"terrain model cannot describe a deck, bore or stacked level; roadway elevation is unknown"
live,osm-way-171335071-reverse,171335071,reverse,3,1823797109,1823797120,steps,review,highway=steps carries no bicycle permission,tunnel,,,,,,,,,,,,yes,,False,review_required,"terrain model cannot describe a deck, bore or stacked level; roadway elevation is unknown"
live,osm-way-171335072-forward,171335072,forward,3,1823797113,1823797114,steps,review,highway=steps carries no bicycle permission,tunnel,,,,,,,,,,,,yes,,False,review_required,"terrain model cannot describe a deck, bore or stacked level; roadway elevation is unknown"
live,osm-way-171335072-reverse,171335072,reverse,3,1823797114,1823797113,steps,review,highway=steps carries no bicycle permission,tunnel,,,,,,,,,,,,yes,,False,review_required,"terrain model cannot describe a deck, bore or stacked level; roadway elevation is unknown"
live,osm-way-171335075-forward,171335075,forward,2,1823797110,1823797129,steps,review,highway=steps carries no bicycle permission,tunnel,,,,,,,wood,,,,,yes,,False,review_required,"terrain model cannot describe a deck, bore or stacked level; roadway elevation is unknown"
live,osm-way-171335075-reverse,171335075,reverse,2,1823797129,1823797110,steps,review,highway=steps carries no bicycle permission,tunnel,,,,,,,wood,,,,,yes,,False,review_required,"terrain model cannot describe a deck, bore or stacked level; roadway elevation is unknown"
live,osm-way-171347935-forward,171347935,forward,3,1823881822,1823881821,footway,review,highway=footway carries no bicycle permission,bridge,,,,,,,,,,yes,,,1,False,review_required,"terrain model cannot describe a deck, bore or stacked level; roadway elevation is unknown"
live,osm-way-171347935-reverse,171347935,reverse,3,1823881821,1823881822,footway,review,highway=footway carries no bicycle permission,bridge,,,,,,,,,,yes,,,1,False,review_required,"terrain model cannot describe a deck, bore or stacked level; roadway elevation is unknown"
live,osm-way-181438140-forward,181438140,forward,2,1918614419,1918614420,unclassified,admissible,highway=unclassified cyclable by default,bridge,,,,,,,,,,yes,,,1,False,review_required,"terrain model cannot describe a deck, bore or stacked level; roadway elevation is unknown"
live,osm-way-181438140-reverse,181438140,reverse,2,1918614420,1918614419,unclassified,admissible,highway=unclassified cyclable by default,bridge,,,,,,,,,,yes,,,1,False,review_required,"terrain model cannot describe a deck, bore or stacked level; roadway elevation is unknown"
live,osm-way-181438141-forward,181438141,forward,2,1918609328,1918614444,unclassified,admissible,highway=unclassified cyclable by default,bridge,,,,,,,asphalt,,,yes,,,1,False,review_required,"terrain model cannot describe a deck, bore or stacked level; roadway elevation is unknown"
live,osm-way-181438141-reverse,181438141,reverse,2,1918614444,1918609328,unclassified,admissible,highway=unclassified cyclable by default,bridge,,,,,,,asphalt,,,yes,,,1,False,review_required,"terrain model cannot describe a deck, bore or stacked level; roadway elevation is unknown"
live,osm-way-184653572-forward,184653572,forward,2,1217599028,332198260,residential,prohibited,access=private without bicycle override,bridge,,,,,private,,,,,yes,,,1,False,review_required,"terrain model cannot describe a deck, bore or stacked level; roadway elevation is unknown"
live,osm-way-184653572-reverse,184653572,reverse,2,332198260,1217599028,residential,prohibited,access=private without bicycle override,bridge,,,,,private,,,,,yes,,,1,False,review_required,"terrain model cannot describe a deck, bore or stacked level; roadway elevation is unknown"
live,osm-way-186897657-forward,186897657,forward,3,1976450679,1976450680,tertiary,admissible,highway=tertiary cyclable by default,bridge,,,,,,,,,,yes,,,1,False,review_required,"terrain model cannot describe a deck, bore or stacked level; roadway elevation is unknown"
live,osm-way-186897657-reverse,186897657,reverse,3,1976450680,1976450679,tertiary,admissible,highway=tertiary cyclable by default,bridge,,,,,,,,,,yes,,,1,False,review_required,"terrain model cannot describe a deck, bore or stacked level; roadway elevation is unknown"
live,osm-way-187047092-forward,187047092,forward,10,12827788130,1978031600,path,review,highway=path carries no bicycle permission,bridge,,,,,,,wood,,,boardwalk,,,,False,review_required,"terrain model cannot describe a deck, bore or stacked level; roadway elevation is unknown"
live,osm-way-187047092-reverse,187047092,reverse,10,1978031600,12827788130,path,review,highway=path carries no bicycle permission,bridge,,,,,,,wood,,,boardwalk,,,,False,review_required,"terrain model cannot describe a deck, bore or stacked level; roadway elevation is unknown"
live,osm-way-187047093-forward,187047093,forward,11,1978031958,1978031514,path,review,highway=path carries no bicycle permission,bridge,,,,,,,wood,,,boardwalk,,,,False,review_required,"terrain model cannot describe a deck, bore or stacked level; roadway elevation is unknown"
live,osm-way-187047093-reverse,187047093,reverse,11,1978031514,1978031958,path,review,highway=path carries no bicycle permission,bridge,,,,,,,wood,,,boardwalk,,,,False,review_required,"terrain model cannot describe a deck, bore or stacked level; roadway elevation is unknown"
live,osm-way-187050875-forward,187050875,forward,2,1978061651,1978061606,unclassified,admissible,highway=unclassified cyclable by default,tunnel,,,,,,,,,,,yes,,,False,review_required,"terrain model cannot describe a deck, bore or stacked level; roadway elevation is unknown"
live,osm-way-187050875-reverse,187050875,reverse,2,1978061606,1978061651,unclassified,admissible,highway=unclassified cyclable by default,tunnel,,,,,,,,,,,yes,,,False,review_required,"terrain model cannot describe a deck, bore or stacked level; roadway elevation is unknown"
live,osm-way-187050891-forward,187050891,forward,3,1978061690,1978061672,unclassified,admissible,highway=unclassified cyclable by default,tunnel,,,,,,,,,,,yes,,,False,review_required,"terrain model cannot describe a deck, bore or stacked level; roadway elevation is unknown"
live,osm-way-187050891-reverse,187050891,reverse,3,1978061672,1978061690,unclassified,admissible,highway=unclassified cyclable by default,tunnel,,,,,,,,,,,yes,,,False,review_required,"terrain model cannot describe a deck, bore or stacked level; roadway elevation is unknown"
live,osm-way-187055319-forward,187055319,forward,11,10919539381,1978070217,residential,admissible,highway=residential cyclable by default,stacked,,,,,,,asphalt,,,,,,-1,False,review_required,"terrain model cannot describe a deck, bore or stacked level; roadway elevation is unknown"
live,osm-way-187055319-reverse,187055319,reverse,11,1978070217,10919539381,residential,admissible,highway=residential cyclable by default,stacked,,,,,,,asphalt,,,,,,-1,False,review_required,"terrain model cannot describe a deck, bore or stacked level; roadway elevation is unknown"
live,osm-way-187059678-forward,187059678,forward,11,1976445884,1976445435,tertiary,admissible,highway=tertiary cyclable by default,tunnel,,,,,,,asphalt,,,,yes,,,False,review_required,"terrain model cannot describe a deck, bore or stacked level; roadway elevation is unknown"
live,osm-way-187059678-reverse,187059678,reverse,11,1976445435,1976445884,tertiary,admissible,highway=tertiary cyclable by default,tunnel,,,,,,,asphalt,,,,yes,,,False,review_required,"terrain model cannot describe a deck, bore or stacked level; roadway elevation is unknown"
live,osm-way-187062885-forward,187062885,forward,2,623568237,623568236,tertiary,admissible,highway=tertiary cyclable by default,bridge,,,,,,,,,,yes,,,1,False,review_required,"terrain model cannot describe a deck, bore or stacked level; roadway elevation is unknown"
live,osm-way-187062885-reverse,187062885,reverse,2,623568236,623568237,tertiary,admissible,highway=tertiary cyclable by default,bridge,,,,,,,,,,yes,,,1,False,review_required,"terrain model cannot describe a deck, bore or stacked level; roadway elevation is unknown"
live,osm-way-187063075-forward,187063075,forward,2,1977990450,865042122,tertiary,admissible,highway=tertiary cyclable by default,bridge,,,,,,,,,,yes,,,1,False,review_required,"terrain model cannot describe a deck, bore or stacked level; roadway elevation is unknown"
live,osm-way-187063075-reverse,187063075,reverse,2,865042122,1977990450,tertiary,admissible,highway=tertiary cyclable by default,bridge,,,,,,,,,,yes,,,1,False,review_required,"terrain model cannot describe a deck, bore or stacked level; roadway elevation is unknown"
live,osm-way-187063076-forward,187063076,forward,2,506792123,993713121,tertiary,admissible,highway=tertiary cyclable by default,bridge,,,,,,,,,,yes,,,1,False,review_required,"terrain model cannot describe a deck, bore or stacked level; roadway elevation is unknown"
live,osm-way-187063076-reverse,187063076,reverse,2,993713121,506792123,tertiary,admissible,highway=tertiary cyclable by default,bridge,,,,,,,,,,yes,,,1,False,review_required,"terrain model cannot describe a deck, bore or stacked level; roadway elevation is unknown"
live,osm-way-206313879-forward,206313879,forward,2,2163173543,93848424,primary,admissible,highway=primary cyclable by default,bridge,,,,,,,,,,yes,,,1,False,review_required,"terrain model cannot describe a deck, bore or stacked level; roadway elevation is unknown"
live,osm-way-206313879-reverse,206313879,reverse,2,93848424,2163173543,primary,admissible,highway=primary cyclable by default,bridge,,,,,,,,,,yes,,,1,False,review_required,"terrain model cannot describe a deck, bore or stacked level; roadway elevation is unknown"
live,osm-way-206313886-forward,206313886,forward,7,2163173552,2163173550,primary,admissible,highway=primary cyclable by default,bridge,,,,,,,asphalt,,,yes,,,1,False,review_required,"terrain model cannot describe a deck, bore or stacked level; roadway elevation is unknown"
live,osm-way-206313886-reverse,206313886,reverse,7,2163173550,2163173552,primary,admissible,highway=primary cyclable by default,bridge,,,,,,,asphalt,,,yes,,,1,False,review_required,"terrain model cannot describe a deck, bore or stacked level; roadway elevation is unknown"
live,osm-way-206313890-forward,206313890,forward,5,93848432,2163173583,primary,admissible,highway=primary cyclable by default,bridge,,,,,,,asphalt,,,yes,,,1,False,review_required,"terrain model cannot describe a deck, bore or stacked level; roadway elevation is unknown"
live,osm-way-206313890-reverse,206313890,reverse,5,2163173583,93848432,primary,admissible,highway=primary cyclable by default,bridge,,,,,,,asphalt,,,yes,,,1,False,review_required,"terrain model cannot describe a deck, bore or stacked level; roadway elevation is unknown"
live,osm-way-206313891-forward,206313891,forward,4,7093859559,3760439784,service,prohibited,access=no without bicycle override,stacked,,,,,no,,,,,,,,1,False,review_required,"terrain model cannot describe a deck, bore or stacked level; roadway elevation is unknown"
live,osm-way-206313891-reverse,206313891,reverse,4,3760439784,7093859559,service,prohibited,access=no without bicycle override,stacked,,,,,no,,,,,,,,1,False,review_required,"terrain model cannot describe a deck, bore or stacked level; roadway elevation is unknown"
live,osm-way-206313899-forward,206313899,forward,6,3760439784,2163173596,service,prohibited,access=no without bicycle override,tunnel,,,,,no,,,,,,yes,,,False,review_required,"terrain model cannot describe a deck, bore or stacked level; roadway elevation is unknown"
live,osm-way-206313899-reverse,206313899,reverse,6,2163173596,3760439784,service,prohibited,access=no without bicycle override,tunnel,,,,,no,,,,,,yes,,,False,review_required,"terrain model cannot describe a deck, bore or stacked level; roadway elevation is unknown"
live,osm-way-210456502-forward,210456502,forward,2,2205371509,2205371512,secondary,admissible,highway=secondary cyclable by default,bridge,,,,,,,,,,yes,,,1,False,review_required,"terrain model cannot describe a deck, bore or stacked level; roadway elevation is unknown"
live,osm-way-210456502-reverse,210456502,reverse,2,2205371512,2205371509,secondary,admissible,highway=secondary cyclable by default,bridge,,,,,,,,,,yes,,,1,False,review_required,"terrain model cannot describe a deck, bore or stacked level; roadway elevation is unknown"
live,osm-way-210456503-forward,210456503,forward,2,85348494,85348499,secondary,admissible,highway=secondary cyclable by default,bridge,,,,,,,asphalt,,,yes,,,1,False,review_required,"terrain model cannot describe a deck, bore or stacked level; roadway elevation is unknown"
live,osm-way-210456503-reverse,210456503,reverse,2,85348499,85348494,secondary,admissible,highway=secondary cyclable by default,bridge,,,,,,,asphalt,,,yes,,,1,False,review_required,"terrain model cannot describe a deck, bore or stacked level; roadway elevation is unknown"
live,osm-way-210456507-forward,210456507,forward,5,61785773,2205371449,secondary,admissible,highway=secondary cyclable by default,bridge,,,,,,,asphalt,intermediate,,yes,,,1,False,review_required,"terrain model cannot describe a deck, bore or stacked level; roadway elevation is unknown"
live,osm-way-210456507-reverse,210456507,reverse,5,2205371449,61785773,secondary,admissible,highway=secondary cyclable by default,bridge,,,,,,,asphalt,intermediate,,yes,,,1,False,review_required,"terrain model cannot describe a deck, bore or stacked level; roadway elevation is unknown"
live,osm-way-222303614-forward,222303614,forward,2,336368341,336368343,track,review,highway=track carries no bicycle permission,bridge,,,,,,,,,,yes,,,1,False,review_required,"terrain model cannot describe a deck, bore or stacked level; roadway elevation is unknown"
live,osm-way-222303614-reverse,222303614,reverse,2,336368343,336368341,track,review,highway=track carries no bicycle permission,bridge,,,,,,,,,,yes,,,1,False,review_required,"terrain model cannot describe a deck, bore or stacked level; roadway elevation is unknown"
live,osm-way-222918434-forward,222918434,forward,16,1217767086,518445630,tertiary,admissible,highway=tertiary cyclable by default,stacked,,,,,,,asphalt,,,,,,-1,False,review_required,"terrain model cannot describe a deck, bore or stacked level; roadway elevation is unknown"
live,osm-way-222918434-reverse,222918434,reverse,16,518445630,1217767086,tertiary,admissible,highway=tertiary cyclable by default,stacked,,,,,,,asphalt,,,,,,-1,False,review_required,"terrain model cannot describe a deck, bore or stacked level; roadway elevation is unknown"
live,osm-way-224136094-forward,224136094,forward,2,2329681360,2329681359,footway,review,highway=footway carries no bicycle permission,bridge,,,,,,,,,,yes,,,1,False,review_required,"terrain model cannot describe a deck, bore or stacked level; roadway elevation is unknown"
live,osm-way-224136094-reverse,224136094,reverse,2,2329681359,2329681360,footway,review,highway=footway carries no bicycle permission,bridge,,,,,,,,,,yes,,,1,False,review_required,"terrain model cannot describe a deck, bore or stacked level; roadway elevation is unknown"
live,osm-way-230345385-forward,230345385,forward,2,2388588172,2388588171,path,admissible,bicycle=designated,tunnel,,,,designated,,,asphalt,,,,yes,,-1,False,review_required,"terrain model cannot describe a deck, bore or stacked level; roadway elevation is unknown"
live,osm-way-230345385-reverse,230345385,reverse,2,2388588171,2388588172,path,admissible,bicycle=designated,tunnel,,,,designated,,,asphalt,,,,yes,,-1,False,review_required,"terrain model cannot describe a deck, bore or stacked level; roadway elevation is unknown"
live,osm-way-231972228-forward,231972228,forward,12,2402930192,2402929861,service,prohibited,access=no without bicycle override,tunnel,,,,,no,,,,,,yes,,-1,False,review_required,"terrain model cannot describe a deck, bore or stacked level; roadway elevation is unknown"
live,osm-way-231972228-reverse,231972228,reverse,12,2402929861,2402930192,service,prohibited,access=no without bicycle override,tunnel,,,,,no,,,,,,yes,,-1,False,review_required,"terrain model cannot describe a deck, bore or stacked level; roadway elevation is unknown"
live,osm-way-232197429-forward,232197429,forward,2,2405702487,1133910440,unclassified,admissible,highway=unclassified cyclable by default,bridge,,,,,,,asphalt,,,yes,,,1,False,review_required,"terrain model cannot describe a deck, bore or stacked level; roadway elevation is unknown"
live,osm-way-232197429-reverse,232197429,reverse,2,1133910440,2405702487,unclassified,admissible,highway=unclassified cyclable by default,bridge,,,,,,,asphalt,,,yes,,,1,False,review_required,"terrain model cannot describe a deck, bore or stacked level; roadway elevation is unknown"
live,osm-way-232351554-forward,232351554,forward,2,368005828,2407071694,path,review,highway=path carries no bicycle permission,bridge,,,,,,,wood,,,yes,,,1,False,review_required,"terrain model cannot describe a deck, bore or stacked level; roadway elevation is unknown"
live,osm-way-232351554-reverse,232351554,reverse,2,2407071694,368005828,path,review,highway=path carries no bicycle permission,bridge,,,,,,,wood,,,yes,,,1,False,review_required,"terrain model cannot describe a deck, bore or stacked level; roadway elevation is unknown"
live,osm-way-232652511-forward,232652511,forward,2,2409891718,2409918072,path,review,highway=path carries no bicycle permission,bridge,,,,,,,,,,yes,,,1,False,review_required,"terrain model cannot describe a deck, bore or stacked level; roadway elevation is unknown"
live,osm-way-232652511-reverse,232652511,reverse,2,2409918072,2409891718,path,review,highway=path carries no bicycle permission,bridge,,,,,,,,,,yes,,,1,False,review_required,"terrain model cannot describe a deck, bore or stacked level; roadway elevation is unknown"
live,osm-way-232936482-forward,232936482,forward,2,2412602562,2412602564,unclassified,admissible,highway=unclassified cyclable by default,tunnel,,,,,,,,,,,yes,,-1,False,review_required,"terrain model cannot describe a deck, bore or stacked level; roadway elevation is unknown"
live,osm-way-232936482-reverse,232936482,reverse,2,2412602564,2412602562,unclassified,admissible,highway=unclassified cyclable by default,tunnel,,,,,,,,,,,yes,,-1,False,review_required,"terrain model cannot describe a deck, bore or stacked level; roadway elevation is unknown"
live,osm-way-232939749-forward,232939749,forward,2,1918609327,2412632169,unclassified,admissible,highway=unclassified cyclable by default,bridge,,,,,,,,,,yes,,,1,False,review_required,"terrain model cannot describe a deck, bore or stacked level; roadway elevation is unknown"
live,osm-way-232939749-reverse,232939749,reverse,2,2412632169,1918609327,unclassified,admissible,highway=unclassified cyclable by default,bridge,,,,,,,,,,yes,,,1,False,review_required,"terrain model cannot describe a deck, bore or stacked level; roadway elevation is unknown"
live,osm-way-234164221-forward,234164221,forward,2,2424615218,2424615219,unclassified,admissible,highway=unclassified cyclable by default,bridge,,,,,,,,,,yes,,,1,False,review_required,"terrain model cannot describe a deck, bore or stacked level; roadway elevation is unknown"
live,osm-way-234164221-reverse,234164221,reverse,2,2424615219,2424615218,unclassified,admissible,highway=unclassified cyclable by default,bridge,,,,,,,,,,yes,,,1,False,review_required,"terrain model cannot describe a deck, bore or stacked level; roadway elevation is unknown"
live,osm-way-234164223-forward,234164223,forward,2,2424615136,2424615125,track,review,highway=track carries no bicycle permission,tunnel,,,,,,,,,,,yes,,-1,False,review_required,"terrain model cannot describe a deck, bore or stacked level; roadway elevation is unknown"
live,osm-way-234164223-reverse,234164223,reverse,2,2424615125,2424615136,track,review,highway=track carries no bicycle permission,tunnel,,,,,,,,,,,yes,,-1,False,review_required,"terrain model cannot describe a deck, bore or stacked level; roadway elevation is unknown"
live,osm-way-234164224-forward,234164224,forward,2,2424615077,2424615072,primary,admissible,highway=primary cyclable by default,bridge,yes,,,,,,asphalt,,,yes,,,1,False,review_required,"terrain model cannot describe a deck, bore or stacked level; roadway elevation is unknown"
live,osm-way-234521567-forward,234521567,forward,2,2402929891,2427685864,service,admissible,highway=service cyclable by default,bridge,,,,,,,asphalt,,,yes,,,1,False,review_required,"terrain model cannot describe a deck, bore or stacked level; roadway elevation is unknown"
live,osm-way-234521567-reverse,234521567,reverse,2,2427685864,2402929891,service,admissible,highway=service cyclable by default,bridge,,,,,,,asphalt,,,yes,,,1,False,review_required,"terrain model cannot describe a deck, bore or stacked level; roadway elevation is unknown"
live,osm-way-236359528-forward,236359528,forward,2,2443936857,1133910677,unclassified,admissible,highway=unclassified cyclable by default,bridge,no,,,,,,,,,yes,,,1,False,review_required,"terrain model cannot describe a deck, bore or stacked level; roadway elevation is unknown"
live,osm-way-236359528-reverse,236359528,reverse,2,1133910677,2443936857,unclassified,admissible,highway=unclassified cyclable by default,bridge,no,,,,,,,,,yes,,,1,False,review_required,"terrain model cannot describe a deck, bore or stacked level; roadway elevation is unknown"
live,osm-way-236712770-forward,236712770,forward,2,2447015715,2447015717,secondary,admissible,highway=secondary cyclable by default,bridge,,,,,,,,,,yes,,,1,False,review_required,"terrain model cannot describe a deck, bore or stacked level; roadway elevation is unknown"
live,osm-way-236712770-reverse,236712770,reverse,2,2447015717,2447015715,secondary,admissible,highway=secondary cyclable by default,bridge,,,,,,,,,,yes,,,1,False,review_required,"terrain model cannot describe a deck, bore or stacked level; roadway elevation is unknown"
live,osm-way-237060197-forward,237060197,forward,2,2450119249,327037578,unclassified,admissible,highway=unclassified cyclable by default,tunnel,,,,,,,,,,,building_passage,,,False,review_required,"terrain model cannot describe a deck, bore or stacked level; roadway elevation is unknown"
live,osm-way-237060197-reverse,237060197,reverse,2,327037578,2450119249,unclassified,admissible,highway=unclassified cyclable by default,tunnel,,,,,,,,,,,building_passage,,,False,review_required,"terrain model cannot describe a deck, bore or stacked level; roadway elevation is unknown"
live,osm-way-238287347-forward,238287347,forward,3,336367835,336367839,path,review,highway=path carries no bicycle permission,stacked,,,,,,,,,,,,,-1,False,review_required,"terrain model cannot describe a deck, bore or stacked level; roadway elevation is unknown"
live,osm-way-238287347-reverse,238287347,reverse,3,336367839,336367835,path,review,highway=path carries no bicycle permission,stacked,,,,,,,,,,,,,-1,False,review_required,"terrain model cannot describe a deck, bore or stacked level; roadway elevation is unknown"
live,osm-way-238289387-forward,238289387,forward,2,2461363602,2461363598,path,review,highway=path carries no bicycle permission,bridge,,,,,,,ground,,,yes,,,1,False,review_required,"terrain model cannot describe a deck, bore or stacked level; roadway elevation is unknown"
live,osm-way-238289387-reverse,238289387,reverse,2,2461363598,2461363602,path,review,highway=path carries no bicycle permission,bridge,,,,,,,ground,,,yes,,,1,False,review_required,"terrain model cannot describe a deck, bore or stacked level; roadway elevation is unknown"
live,osm-way-238290938-forward,238290938,forward,4,245989422,245989425,secondary,admissible,highway=secondary cyclable by default,bridge,,,,,,,asphalt,,,yes,,,1,False,review_required,"terrain model cannot describe a deck, bore or stacked level; roadway elevation is unknown"
live,osm-way-238290938-reverse,238290938,reverse,4,245989425,245989422,secondary,admissible,highway=secondary cyclable by default,bridge,,,,,,,asphalt,,,yes,,,1,False,review_required,"terrain model cannot describe a deck, bore or stacked level; roadway elevation is unknown"
live,osm-way-238305974-forward,238305974,forward,3,2461515702,813248079,unclassified,admissible,highway=unclassified cyclable by default,bridge,,,,,,,asphalt,,,yes,,,1,False,review_required,"terrain model cannot describe a deck, bore or stacked level; roadway elevation is unknown"
live,osm-way-238305974-reverse,238305974,reverse,3,813248079,2461515702,unclassified,admissible,highway=unclassified cyclable by default,bridge,,,,,,,asphalt,,,yes,,,1,False,review_required,"terrain model cannot describe a deck, bore or stacked level; roadway elevation is unknown"
live,osm-way-238309672-forward,238309672,forward,2,2461556888,2461556887,path,review,highway=path carries no bicycle permission,bridge,,,,,,,wood,,,yes,,,1,False,review_required,"terrain model cannot describe a deck, bore or stacked level; roadway elevation is unknown"
live,osm-way-238309672-reverse,238309672,reverse,2,2461556887,2461556888,path,review,highway=path carries no bicycle permission,bridge,,,,,,,wood,,,yes,,,1,False,review_required,"terrain model cannot describe a deck, bore or stacked level; roadway elevation is unknown"
live,osm-way-238413286-forward,238413286,forward,2,2462558697,2462558705,path,admissible,bicycle=yes,bridge,,,,yes,,,wood,,,yes,,,1,False,review_required,"terrain model cannot describe a deck, bore or stacked level; roadway elevation is unknown"
live,osm-way-238413286-reverse,238413286,reverse,2,2462558705,2462558697,path,admissible,bicycle=yes,bridge,,,,yes,,,wood,,,yes,,,1,False,review_required,"terrain model cannot describe a deck, bore or stacked level; roadway elevation is unknown"
live,osm-way-238419040-forward,238419040,forward,3,2462602794,2462602796,unclassified,admissible,highway=unclassified cyclable by default,tunnel,,,,,,,asphalt,,,,building_passage,,-1,False,review_required,"terrain model cannot describe a deck, bore or stacked level; roadway elevation is unknown"
live,osm-way-238419040-reverse,238419040,reverse,3,2462602796,2462602794,unclassified,admissible,highway=unclassified cyclable by default,tunnel,,,,,,,asphalt,,,,building_passage,,-1,False,review_required,"terrain model cannot describe a deck, bore or stacked level; roadway elevation is unknown"
live,osm-way-238494505-forward,238494505,forward,5,336367992,2463262349,service,admissible,highway=service cyclable by default,bridge,,,,,,,asphalt,,,yes,,,1,False,review_required,"terrain model cannot describe a deck, bore or stacked level; roadway elevation is unknown"
live,osm-way-238494505-reverse,238494505,reverse,5,2463262349,336367992,service,admissible,highway=service cyclable by default,bridge,,,,,,,asphalt,,,yes,,,1,False,review_required,"terrain model cannot describe a deck, bore or stacked level; roadway elevation is unknown"
live,osm-way-252083565-forward,252083565,forward,2,2582023419,2582023423,track,review,highway=track carries no bicycle permission,bridge,,,,,,,concrete,,grade1,yes,,,1,False,review_required,"terrain model cannot describe a deck, bore or stacked level; roadway elevation is unknown"
live,osm-way-252083565-reverse,252083565,reverse,2,2582023423,2582023419,track,review,highway=track carries no bicycle permission,bridge,,,,,,,concrete,,grade1,yes,,,1,False,review_required,"terrain model cannot describe a deck, bore or stacked level; roadway elevation is unknown"
live,osm-way-254654387-forward,254654387,forward,2,2604605511,2604605513,unclassified,admissible,highway=unclassified cyclable by default,bridge,,,,,,,,,,yes,,,1,False,review_required,"terrain model cannot describe a deck, bore or stacked level; roadway elevation is unknown"
live,osm-way-254654387-reverse,254654387,reverse,2,2604605513,2604605511,unclassified,admissible,highway=unclassified cyclable by default,bridge,,,,,,,,,,yes,,,1,False,review_required,"terrain model cannot describe a deck, bore or stacked level; roadway elevation is unknown"
live,osm-way-259021125-forward,259021125,forward,2,2643397671,2643397649,steps,review,highway=steps carries no bicycle permission,tunnel,,,,,,,,,,,building_passage,,-1,False,review_required,"terrain model cannot describe a deck, bore or stacked level; roadway elevation is unknown"
live,osm-way-259021125-reverse,259021125,reverse,2,2643397649,2643397671,steps,review,highway=steps carries no bicycle permission,tunnel,,,,,,,,,,,building_passage,,-1,False,review_required,"terrain model cannot describe a deck, bore or stacked level; roadway elevation is unknown"
live,osm-way-259021129-forward,259021129,forward,3,9183131990,9183131989,footway,review,highway=footway carries no bicycle permission,tunnel,,,,,,,paving_stones,,,,building_passage,,,False,review_required,"terrain model cannot describe a deck, bore or stacked level; roadway elevation is unknown"
live,osm-way-259021129-reverse,259021129,reverse,3,9183131989,9183131990,footway,review,highway=footway carries no bicycle permission,tunnel,,,,,,,paving_stones,,,,building_passage,,,False,review_required,"terrain model cannot describe a deck, bore or stacked level; roadway elevation is unknown"
live,osm-way-259021136-forward,259021136,forward,3,9183132043,13401825600,footway,review,highway=footway carries no bicycle permission,stacked,,,,,,,,,,,,,-1,False,review_required,"terrain model cannot describe a deck, bore or stacked level; roadway elevation is unknown"
live,osm-way-259021136-reverse,259021136,reverse,3,13401825600,9183132043,footway,review,highway=footway carries no bicycle permission,stacked,,,,,,,,,,,,,-1,False,review_required,"terrain model cannot describe a deck, bore or stacked level; roadway elevation is unknown"
live,osm-way-261135292-forward,261135292,forward,2,2667620970,2667620976,path,admissible,bicycle=yes,bridge,,,,yes,,,,,,yes,,,1,False,review_required,"terrain model cannot describe a deck, bore or stacked level; roadway elevation is unknown"
live,osm-way-261135292-reverse,261135292,reverse,2,2667620976,2667620970,path,admissible,bicycle=yes,bridge,,,,yes,,,,,,yes,,,1,False,review_required,"terrain model cannot describe a deck, bore or stacked level; roadway elevation is unknown"
live,osm-way-261135294-forward,261135294,forward,4,813248088,2667621085,unclassified,admissible,highway=unclassified cyclable by default,bridge,,,,,,,asphalt,,,yes,,,1,False,review_required,"terrain model cannot describe a deck, bore or stacked level; roadway elevation is unknown"
live,osm-way-261135294-reverse,261135294,reverse,4,2667621085,813248088,unclassified,admissible,highway=unclassified cyclable by default,bridge,,,,,,,asphalt,,,yes,,,1,False,review_required,"terrain model cannot describe a deck, bore or stacked level; roadway elevation is unknown"
live,osm-way-268228867-forward,268228867,forward,2,251695519,2735809543,track,review,highway=track carries no bicycle permission,bridge,,,,,,,,,,yes,,,1,False,review_required,"terrain model cannot describe a deck, bore or stacked level; roadway elevation is unknown"
live,osm-way-268228867-reverse,268228867,reverse,2,2735809543,251695519,track,review,highway=track carries no bicycle permission,bridge,,,,,,,,,,yes,,,1,False,review_required,"terrain model cannot describe a deck, bore or stacked level; roadway elevation is unknown"
live,osm-way-270537151-forward,270537151,forward,2,2755619282,2755619284,path,review,highway=path carries no bicycle permission,bridge,,,,,,,,,,yes,,,1,False,review_required,"terrain model cannot describe a deck, bore or stacked level; roadway elevation is unknown"
live,osm-way-270537151-reverse,270537151,reverse,2,2755619284,2755619282,path,review,highway=path carries no bicycle permission,bridge,,,,,,,,,,yes,,,1,False,review_required,"terrain model cannot describe a deck, bore or stacked level; roadway elevation is unknown"
live,osm-way-271950740-forward,271950740,forward,2,2768737359,506792106,tertiary,admissible,highway=tertiary cyclable by default,bridge,,,,,,,asphalt,,,yes,,,1,False,review_required,"terrain model cannot describe a deck, bore or stacked level; roadway elevation is unknown"
live,osm-way-271950740-reverse,271950740,reverse,2,506792106,2768737359,tertiary,admissible,highway=tertiary cyclable by default,bridge,,,,,,,asphalt,,,yes,,,1,False,review_required,"terrain model cannot describe a deck, bore or stacked level; roadway elevation is unknown"
live,osm-way-271950741-forward,271950741,forward,2,2768737403,993712465,tertiary,admissible,highway=tertiary cyclable by default,bridge,,,,,,,asphalt,,,yes,,,1,False,review_required,"terrain model cannot describe a deck, bore or stacked level; roadway elevation is unknown"
live,osm-way-271950741-reverse,271950741,reverse,2,993712465,2768737403,tertiary,admissible,highway=tertiary cyclable by default,bridge,,,,,,,asphalt,,,yes,,,1,False,review_required,"terrain model cannot describe a deck, bore or stacked level; roadway elevation is unknown"
live,osm-way-271950743-forward,271950743,forward,2,2768737366,2768737363,path,review,highway=path carries no bicycle permission,bridge,,,,,,,,,,yes,,,1,False,review_required,"terrain model cannot describe a deck, bore or stacked level; roadway elevation is unknown"
live,osm-way-271950743-reverse,271950743,reverse,2,2768737363,2768737366,path,review,highway=path carries no bicycle permission,bridge,,,,,,,,,,yes,,,1,False,review_required,"terrain model cannot describe a deck, bore or stacked level; roadway elevation is unknown"
live,osm-way-271950746-forward,271950746,forward,2,2768737381,2768737370,path,review,highway=path carries no bicycle permission,bridge,,,,,,,,,,yes,,,1,False,review_required,"terrain model cannot describe a deck, bore or stacked level; roadway elevation is unknown"
live,osm-way-271950746-reverse,271950746,reverse,2,2768737370,2768737381,path,review,highway=path carries no bicycle permission,bridge,,,,,,,,,,yes,,,1,False,review_required,"terrain model cannot describe a deck, bore or stacked level; roadway elevation is unknown"
live,osm-way-271950747-forward,271950747,forward,2,2768737372,2768737378,path,review,highway=path carries no bicycle permission,bridge,,,,,,,,,,yes,,,1,False,review_required,"terrain model cannot describe a deck, bore or stacked level; roadway elevation is unknown"
live,osm-way-271950747-reverse,271950747,reverse,2,2768737378,2768737372,path,review,highway=path carries no bicycle permission,bridge,,,,,,,,,,yes,,,1,False,review_required,"terrain model cannot describe a deck, bore or stacked level; roadway elevation is unknown"
live,osm-way-277885737-forward,277885737,forward,2,93848418,380764,primary,admissible,highway=primary cyclable by default,tunnel,,,,,,,,,,,yes,,,False,review_required,"terrain model cannot describe a deck, bore or stacked level; roadway elevation is unknown"
live,osm-way-277885737-reverse,277885737,reverse,2,380764,93848418,primary,admissible,highway=primary cyclable by default,tunnel,,,,,,,,,,,yes,,,False,review_required,"terrain model cannot describe a deck, bore or stacked level; roadway elevation is unknown"
live,osm-way-333253145-forward,333253145,forward,4,3403822513,3403822511,unclassified,admissible,highway=unclassified cyclable by default,tunnel,no,,,,,,,,,,yes,,-1,False,review_required,"terrain model cannot describe a deck, bore or stacked level; roadway elevation is unknown"
live,osm-way-333253145-reverse,333253145,reverse,4,3403822511,3403822513,unclassified,admissible,highway=unclassified cyclable by default,tunnel,no,,,,,,,,,,yes,,-1,False,review_required,"terrain model cannot describe a deck, bore or stacked level; roadway elevation is unknown"
live,osm-way-334897722-forward,334897722,forward,3,3420202494,253630214,path,review,highway=path carries no bicycle permission,tunnel,,,,,,,,,,,yes,,-1,False,review_required,"terrain model cannot describe a deck, bore or stacked level; roadway elevation is unknown"
live,osm-way-334897722-reverse,334897722,reverse,3,253630214,3420202494,path,review,highway=path carries no bicycle permission,tunnel,,,,,,,,,,,yes,,-1,False,review_required,"terrain model cannot describe a deck, bore or stacked level; roadway elevation is unknown"
live,osm-way-348165242-forward,348165242,forward,2,3543520614,1364825964,path,review,highway=path carries no bicycle permission,bridge,,,,,,,,,,yes,,,1,False,review_required,"terrain model cannot describe a deck, bore or stacked level; roadway elevation is unknown"
live,osm-way-348165242-reverse,348165242,reverse,2,1364825964,3543520614,path,review,highway=path carries no bicycle permission,bridge,,,,,,,,,,yes,,,1,False,review_required,"terrain model cannot describe a deck, bore or stacked level; roadway elevation is unknown"
live,osm-way-355428567-forward,355428567,forward,2,3610421312,3610421313,track,review,highway=track carries no bicycle permission,bridge,,,,,,,,,grade2,yes,,,1,False,review_required,"terrain model cannot describe a deck, bore or stacked level; roadway elevation is unknown"
live,osm-way-355428567-reverse,355428567,reverse,2,3610421313,3610421312,track,review,highway=track carries no bicycle permission,bridge,,,,,,,,,grade2,yes,,,1,False,review_required,"terrain model cannot describe a deck, bore or stacked level; roadway elevation is unknown"
live,osm-way-357232583-forward,357232583,forward,35,93848885,767464031,primary,admissible,highway=primary cyclable by default,bridge,,,,,,,asphalt,,,yes,,,3,False,review_required,"terrain model cannot describe a deck, bore or stacked level; roadway elevation is unknown"
live,osm-way-357232583-reverse,357232583,reverse,35,767464031,93848885,primary,admissible,highway=primary cyclable by default,bridge,,,,,,,asphalt,,,yes,,,3,False,review_required,"terrain model cannot describe a deck, bore or stacked level; roadway elevation is unknown"
live,osm-way-358680402-forward,358680402,forward,2,2427788815,3635741485,secondary,admissible,highway=secondary cyclable by default,bridge,,,,,,,asphalt,,,yes,,,4,False,review_required,"terrain model cannot describe a deck, bore or stacked level; roadway elevation is unknown"
live,osm-way-358680402-reverse,358680402,reverse,2,3635741485,2427788815,secondary,admissible,highway=secondary cyclable by default,bridge,,,,,,,asphalt,,,yes,,,4,False,review_required,"terrain model cannot describe a deck, bore or stacked level; roadway elevation is unknown"
live,osm-way-358680412-forward,358680412,forward,2,3635741398,3635741392,service,admissible,highway=service cyclable by default,bridge,,,,,,,,,,yes,,,1,False,review_required,"terrain model cannot describe a deck, bore or stacked level; roadway elevation is unknown"
live,osm-way-358680412-reverse,358680412,reverse,2,3635741392,3635741398,service,admissible,highway=service cyclable by default,bridge,,,,,,,,,,yes,,,1,False,review_required,"terrain model cannot describe a deck, bore or stacked level; roadway elevation is unknown"
live,osm-way-358680415-forward,358680415,forward,2,3635741533,3635741537,service,admissible,highway=service cyclable by default,bridge,,,,,,,,,,yes,,,1,False,review_required,"terrain model cannot describe a deck, bore or stacked level; roadway elevation is unknown"
live,osm-way-358680415-reverse,358680415,reverse,2,3635741537,3635741533,service,admissible,highway=service cyclable by default,bridge,,,,,,,,,,yes,,,1,False,review_required,"terrain model cannot describe a deck, bore or stacked level; roadway elevation is unknown"
live,osm-way-363027458-forward,363027458,forward,2,3672386970,3672386963,track,admissible,bicycle=yes,bridge,,,,yes,,,ground,,,yes,,,1,False,review_required,"terrain model cannot describe a deck, bore or stacked level; roadway elevation is unknown"
live,osm-way-363027458-reverse,363027458,reverse,2,3672386963,3672386970,track,admissible,bicycle=yes,bridge,,,,yes,,,ground,,,yes,,,1,False,review_required,"terrain model cannot describe a deck, bore or stacked level; roadway elevation is unknown"
live,osm-way-363027463-forward,363027463,forward,2,2599502232,3672383993,path,review,highway=path carries no bicycle permission,bridge,,,,,,,wood,,,yes,,,1,False,review_required,"terrain model cannot describe a deck, bore or stacked level; roadway elevation is unknown"
live,osm-way-363027463-reverse,363027463,reverse,2,3672383993,2599502232,path,review,highway=path carries no bicycle permission,bridge,,,,,,,wood,,,yes,,,1,False,review_required,"terrain model cannot describe a deck, bore or stacked level; roadway elevation is unknown"
live,osm-way-363027464-forward,363027464,forward,2,3672383998,3672383997,path,review,highway=path carries no bicycle permission,bridge,,,,,,,ground,,,yes,,,1,False,review_required,"terrain model cannot describe a deck, bore or stacked level; roadway elevation is unknown"
live,osm-way-363027464-reverse,363027464,reverse,2,3672383997,3672383998,path,review,highway=path carries no bicycle permission,bridge,,,,,,,ground,,,yes,,,1,False,review_required,"terrain model cannot describe a deck, bore or stacked level; roadway elevation is unknown"
live,osm-way-371921475-forward,371921475,forward,6,4596606353,380791,primary,admissible,highway=primary cyclable by default,tunnel,no,,,,,,asphalt,,,,yes,,,False,review_required,"terrain model cannot describe a deck, bore or stacked level; roadway elevation is unknown"
live,osm-way-371921475-reverse,371921475,reverse,6,380791,4596606353,primary,admissible,highway=primary cyclable by default,tunnel,no,,,,,,asphalt,,,,yes,,,False,review_required,"terrain model cannot describe a deck, bore or stacked level; roadway elevation is unknown"
live,osm-way-404715675-forward,404715675,forward,2,1976445610,1976445406,tertiary,admissible,highway=tertiary cyclable by default,bridge,,,,,,,asphalt,,,yes,,,1,False,review_required,"terrain model cannot describe a deck, bore or stacked level; roadway elevation is unknown"
live,osm-way-404715675-reverse,404715675,reverse,2,1976445406,1976445610,tertiary,admissible,highway=tertiary cyclable by default,bridge,,,,,,,asphalt,,,yes,,,1,False,review_required,"terrain model cannot describe a deck, bore or stacked level; roadway elevation is unknown"
live,osm-way-405749047-forward,405749047,forward,3,13260401770,1951549345,cycleway,admissible,bicycle=designated,tunnel,,,,designated,,,dirt,,,,yes,,-1,False,review_required,"terrain model cannot describe a deck, bore or stacked level; roadway elevation is unknown"
live,osm-way-405749047-reverse,405749047,reverse,3,1951549345,13260401770,cycleway,admissible,bicycle=designated,tunnel,,,,designated,,,dirt,,,,yes,,-1,False,review_required,"terrain model cannot describe a deck, bore or stacked level; roadway elevation is unknown"
live,osm-way-430445279-forward,430445279,forward,3,4297188317,4297188314,cycleway,admissible,bicycle=yes,bridge,,,,yes,,,asphalt,,,yes,,,1,False,review_required,"terrain model cannot describe a deck, bore or stacked level; roadway elevation is unknown"
live,osm-way-430445279-reverse,430445279,reverse,3,4297188314,4297188317,cycleway,admissible,bicycle=yes,bridge,,,,yes,,,asphalt,,,yes,,,1,False,review_required,"terrain model cannot describe a deck, bore or stacked level; roadway elevation is unknown"
live,osm-way-430445287-forward,430445287,forward,2,4297188312,4297188313,path,review,highway=path carries no bicycle permission,bridge,,,,,,,,,,yes,,,1,False,review_required,"terrain model cannot describe a deck, bore or stacked level; roadway elevation is unknown"
live,osm-way-430445287-reverse,430445287,reverse,2,4297188313,4297188312,path,review,highway=path carries no bicycle permission,bridge,,,,,,,,,,yes,,,1,False,review_required,"terrain model cannot describe a deck, bore or stacked level; roadway elevation is unknown"
live,osm-way-435314766-forward,435314766,forward,2,4332443715,4332443717,track,review,highway=track carries no bicycle permission,bridge,,,,,,,,,grade3,yes,,,2,False,review_required,"terrain model cannot describe a deck, bore or stacked level; roadway elevation is unknown"
live,osm-way-435314766-reverse,435314766,reverse,2,4332443717,4332443715,track,review,highway=track carries no bicycle permission,bridge,,,,,,,,,grade3,yes,,,2,False,review_required,"terrain model cannot describe a deck, bore or stacked level; roadway elevation is unknown"
live,osm-way-435314767-forward,435314767,forward,2,4332443704,4332443705,track,review,highway=track carries no bicycle permission,bridge,,,,,,,,,grade3,yes,,,2,False,review_required,"terrain model cannot describe a deck, bore or stacked level; roadway elevation is unknown"
live,osm-way-435314767-reverse,435314767,reverse,2,4332443705,4332443704,track,review,highway=track carries no bicycle permission,bridge,,,,,,,,,grade3,yes,,,2,False,review_required,"terrain model cannot describe a deck, bore or stacked level; roadway elevation is unknown"
live,osm-way-439702664-forward,439702664,forward,2,4373927030,4373927032,cycleway,admissible,highway=cycleway cyclable by default,bridge,,,,,,,,,,yes,,,1,False,review_required,"terrain model cannot describe a deck, bore or stacked level; roadway elevation is unknown"
live,osm-way-439702664-reverse,439702664,reverse,2,4373927032,4373927030,cycleway,admissible,highway=cycleway cyclable by default,bridge,,,,,,,,,,yes,,,1,False,review_required,"terrain model cannot describe a deck, bore or stacked level; roadway elevation is unknown"
live,osm-way-439703035-forward,439703035,forward,2,4373941545,4373941546,path,review,highway=path carries no bicycle permission,bridge,,,,,,,wood,,,yes,,,1,False,review_required,"terrain model cannot describe a deck, bore or stacked level; roadway elevation is unknown"
live,osm-way-439703035-reverse,439703035,reverse,2,4373941546,4373941545,path,review,highway=path carries no bicycle permission,bridge,,,,,,,wood,,,yes,,,1,False,review_required,"terrain model cannot describe a deck, bore or stacked level; roadway elevation is unknown"
live,osm-way-517102011-forward,517102011,forward,2,5046918681,2582023391,unclassified,admissible,highway=unclassified cyclable by default,bridge,,,,,,,asphalt,,,yes,,,1,False,review_required,"terrain model cannot describe a deck, bore or stacked level; roadway elevation is unknown"
live,osm-way-517102011-reverse,517102011,reverse,2,2582023391,5046918681,unclassified,admissible,highway=unclassified cyclable by default,bridge,,,,,,,asphalt,,,yes,,,1,False,review_required,"terrain model cannot describe a deck, bore or stacked level; roadway elevation is unknown"
live,osm-way-517102031-forward,517102031,forward,2,1502872897,5046918684,residential,admissible,highway=residential cyclable by default,bridge,,,,,,,asphalt,,,yes,,,1,False,review_required,"terrain model cannot describe a deck, bore or stacked level; roadway elevation is unknown"
live,osm-way-517102031-reverse,517102031,reverse,2,5046918684,1502872897,residential,admissible,highway=residential cyclable by default,bridge,,,,,,,asphalt,,,yes,,,1,False,review_required,"terrain model cannot describe a deck, bore or stacked level; roadway elevation is unknown"
live,osm-way-517102032-forward,517102032,forward,2,5046918685,2850260444,tertiary,admissible,highway=tertiary cyclable by default,bridge,,,,,,,asphalt,,,yes,,,1,False,review_required,"terrain model cannot describe a deck, bore or stacked level; roadway elevation is unknown"
live,osm-way-517102032-reverse,517102032,reverse,2,2850260444,5046918685,tertiary,admissible,highway=tertiary cyclable by default,bridge,,,,,,,asphalt,,,yes,,,1,False,review_required,"terrain model cannot describe a deck, bore or stacked level; roadway elevation is unknown"
live,osm-way-517105326-forward,517105326,forward,2,466207888,466207890,tertiary,admissible,highway=tertiary cyclable by default,bridge,,,,,,,,,,yes,,,1,False,review_required,"terrain model cannot describe a deck, bore or stacked level; roadway elevation is unknown"
live,osm-way-517105326-reverse,517105326,reverse,2,466207890,466207888,tertiary,admissible,highway=tertiary cyclable by default,bridge,,,,,,,,,,yes,,,1,False,review_required,"terrain model cannot describe a deck, bore or stacked level; roadway elevation is unknown"
live,osm-way-517321892-forward,517321892,forward,3,1978070325,5048439233,track,prohibited,access=no without bicycle override,bridge,,,,,no,,,,grade1,yes,,,1,False,review_required,"terrain model cannot describe a deck, bore or stacked level; roadway elevation is unknown"
live,osm-way-517321892-reverse,517321892,reverse,3,5048439233,1978070325,track,prohibited,access=no without bicycle override,bridge,,,,,no,,,,grade1,yes,,,1,False,review_required,"terrain model cannot describe a deck, bore or stacked level; roadway elevation is unknown"
live,osm-way-521292039-forward,521292039,forward,3,5079287099,5079287098,residential,admissible,highway=residential cyclable by default,bridge,,,,,,,,,,yes,,,1,False,review_required,"terrain model cannot describe a deck, bore or stacked level; roadway elevation is unknown"
live,osm-way-521292039-reverse,521292039,reverse,3,5079287098,5079287099,residential,admissible,highway=residential cyclable by default,bridge,,,,,,,,,,yes,,,1,False,review_required,"terrain model cannot describe a deck, bore or stacked level; roadway elevation is unknown"
live,osm-way-532727904-forward,532727904,forward,2,5169132704,5169132705,residential,admissible,highway=residential cyclable by default,bridge,,,,,,,,,,yes,,,1,False,review_required,"terrain model cannot describe a deck, bore or stacked level; roadway elevation is unknown"
live,osm-way-532727904-reverse,532727904,reverse,2,5169132705,5169132704,residential,admissible,highway=residential cyclable by default,bridge,,,,,,,,,,yes,,,1,False,review_required,"terrain model cannot describe a deck, bore or stacked level; roadway elevation is unknown"
live,osm-way-532727921-forward,532727921,forward,2,5169132773,5169132772,secondary,admissible,highway=secondary cyclable by default,bridge,,,,,,,asphalt,,,yes,,,1,False,review_required,"terrain model cannot describe a deck, bore or stacked level; roadway elevation is unknown"
live,osm-way-532727921-reverse,532727921,reverse,2,5169132772,5169132773,secondary,admissible,highway=secondary cyclable by default,bridge,,,,,,,asphalt,,,yes,,,1,False,review_required,"terrain model cannot describe a deck, bore or stacked level; roadway elevation is unknown"
live,osm-way-584390797-forward,584390797,forward,2,5586189402,1140874645,path,review,highway=path carries no bicycle permission,bridge,,,,,,,,,,yes,,,1,False,review_required,"terrain model cannot describe a deck, bore or stacked level; roadway elevation is unknown"
live,osm-way-584390797-reverse,584390797,reverse,2,1140874645,5586189402,path,review,highway=path carries no bicycle permission,bridge,,,,,,,,,,yes,,,1,False,review_required,"terrain model cannot describe a deck, bore or stacked level; roadway elevation is unknown"
live,osm-way-589294671-forward,589294671,forward,2,5627231600,5627231609,path,prohibited,access=no without bicycle override,tunnel,,,,,no,,,,,,yes,,-1,False,review_required,"terrain model cannot describe a deck, bore or stacked level; roadway elevation is unknown"
live,osm-way-589294671-reverse,589294671,reverse,2,5627231609,5627231600,path,prohibited,access=no without bicycle override,tunnel,,,,,no,,,,,,yes,,-1,False,review_required,"terrain model cannot describe a deck, bore or stacked level; roadway elevation is unknown"
live,osm-way-589297196-forward,589297196,forward,2,1461884069,1459313519,path,review,highway=path carries no bicycle permission,tunnel,,,,,,,,,,,yes,,-1,False,review_required,"terrain model cannot describe a deck, bore or stacked level; roadway elevation is unknown"
live,osm-way-589297196-reverse,589297196,reverse,2,1459313519,1461884069,path,review,highway=path carries no bicycle permission,tunnel,,,,,,,,,,,yes,,-1,False,review_required,"terrain model cannot describe a deck, bore or stacked level; roadway elevation is unknown"
live,osm-way-614376733-forward,614376733,forward,2,5811673763,5811673764,path,review,highway=path carries no bicycle permission,bridge,,,,,,,concrete,,,yes,,,1,False,review_required,"terrain model cannot describe a deck, bore or stacked level; roadway elevation is unknown"
live,osm-way-614376733-reverse,614376733,reverse,2,5811673764,5811673763,path,review,highway=path carries no bicycle permission,bridge,,,,,,,concrete,,,yes,,,1,False,review_required,"terrain model cannot describe a deck, bore or stacked level; roadway elevation is unknown"
live,osm-way-625786162-forward,625786162,forward,2,5908283744,4332443744,path,review,highway=path carries no bicycle permission,bridge,,,,,,,wood,,,yes,,,1,False,review_required,"terrain model cannot describe a deck, bore or stacked level; roadway elevation is unknown"
live,osm-way-625786162-reverse,625786162,reverse,2,4332443744,5908283744,path,review,highway=path carries no bicycle permission,bridge,,,,,,,wood,,,yes,,,1,False,review_required,"terrain model cannot describe a deck, bore or stacked level; roadway elevation is unknown"
live,osm-way-625786695-forward,625786695,forward,2,5908291294,5908291295,path,review,highway=path carries no bicycle permission,bridge,,,,,,,,,,yes,,,1,False,review_required,"terrain model cannot describe a deck, bore or stacked level; roadway elevation is unknown"
live,osm-way-625786695-reverse,625786695,reverse,2,5908291295,5908291294,path,review,highway=path carries no bicycle permission,bridge,,,,,,,,,,yes,,,1,False,review_required,"terrain model cannot describe a deck, bore or stacked level; roadway elevation is unknown"
live,osm-way-626013866-forward,626013866,forward,2,5910246924,5910246923,service,admissible,highway=service cyclable by default,bridge,,,,,,,,,,yes,,,1,False,review_required,"terrain model cannot describe a deck, bore or stacked level; roadway elevation is unknown"
live,osm-way-626013866-reverse,626013866,reverse,2,5910246923,5910246924,service,admissible,highway=service cyclable by default,bridge,,,,,,,,,,yes,,,1,False,review_required,"terrain model cannot describe a deck, bore or stacked level; roadway elevation is unknown"
live,osm-way-626234020-forward,626234020,forward,2,5912096230,5912096229,service,admissible,highway=service cyclable by default,bridge,,,,,,,,,,yes,,,1,False,review_required,"terrain model cannot describe a deck, bore or stacked level; roadway elevation is unknown"
live,osm-way-626234020-reverse,626234020,reverse,2,5912096229,5912096230,service,admissible,highway=service cyclable by default,bridge,,,,,,,,,,yes,,,1,False,review_required,"terrain model cannot describe a deck, bore or stacked level; roadway elevation is unknown"
live,osm-way-626240275-forward,626240275,forward,2,5912208727,429551120,track,admissible,bicycle=yes,bridge,,,,yes,,,,,grade2,yes,,,1,False,review_required,"terrain model cannot describe a deck, bore or stacked level; roadway elevation is unknown"
live,osm-way-626240275-reverse,626240275,reverse,2,429551120,5912208727,track,admissible,bicycle=yes,bridge,,,,yes,,,,,grade2,yes,,,1,False,review_required,"terrain model cannot describe a deck, bore or stacked level; roadway elevation is unknown"
live,osm-way-626264972-forward,626264972,forward,3,5912461983,5209669421,residential,admissible,highway=residential cyclable by default,bridge,,,,,,,,,,yes,,,1,False,review_required,"terrain model cannot describe a deck, bore or stacked level; roadway elevation is unknown"
live,osm-way-626264972-reverse,626264972,reverse,3,5209669421,5912461983,residential,admissible,highway=residential cyclable by default,bridge,,,,,,,,,,yes,,,1,False,review_required,"terrain model cannot describe a deck, bore or stacked level; roadway elevation is unknown"
live,osm-way-626264976-forward,626264976,forward,2,4308358864,2407541456,path,admissible,bicycle=yes,bridge,,,,yes,,,metal,,,yes,,,1,False,review_required,"terrain model cannot describe a deck, bore or stacked level; roadway elevation is unknown"
live,osm-way-626264976-reverse,626264976,reverse,2,2407541456,4308358864,path,admissible,bicycle=yes,bridge,,,,yes,,,metal,,,yes,,,1,False,review_required,"terrain model cannot describe a deck, bore or stacked level; roadway elevation is unknown"
live,osm-way-675294657-forward,675294657,forward,5,6324147161,6324147166,footway,review,highway=footway carries no bicycle permission,tunnel,,,,,,,metal,,,,building_passage,,-1,False,review_required,"terrain model cannot describe a deck, bore or stacked level; roadway elevation is unknown"
live,osm-way-675294657-reverse,675294657,reverse,5,6324147166,6324147161,footway,review,highway=footway carries no bicycle permission,tunnel,,,,,,,metal,,,,building_passage,,-1,False,review_required,"terrain model cannot describe a deck, bore or stacked level; roadway elevation is unknown"
live,osm-way-675294661-forward,675294661,forward,5,1823186880,6324147175,steps,review,highway=steps carries no bicycle permission,stacked,,,,,,,,,,,,,2,False,review_required,"terrain model cannot describe a deck, bore or stacked level; roadway elevation is unknown"
live,osm-way-675294661-reverse,675294661,reverse,5,6324147175,1823186880,steps,review,highway=steps carries no bicycle permission,stacked,,,,,,,,,,,,,2,False,review_required,"terrain model cannot describe a deck, bore or stacked level; roadway elevation is unknown"
live,osm-way-675294663-forward,675294663,forward,8,6324147175,6324147161,steps,review,highway=steps carries no bicycle permission,tunnel,,,,,,,,,,,passage,,1,False,review_required,"terrain model cannot describe a deck, bore or stacked level; roadway elevation is unknown"
live,osm-way-675294663-reverse,675294663,reverse,8,6324147161,6324147175,steps,review,highway=steps carries no bicycle permission,tunnel,,,,,,,,,,,passage,,1,False,review_required,"terrain model cannot describe a deck, bore or stacked level; roadway elevation is unknown"
live,osm-way-675977111-forward,675977111,forward,10,4311862741,6330575787,path,review,highway=path carries no bicycle permission,bridge,,,,,,,,,,yes,,,1,False,review_required,"terrain model cannot describe a deck, bore or stacked level; roadway elevation is unknown"
live,osm-way-675977111-reverse,675977111,reverse,10,6330575787,4311862741,path,review,highway=path carries no bicycle permission,bridge,,,,,,,,,,yes,,,1,False,review_required,"terrain model cannot describe a deck, bore or stacked level; roadway elevation is unknown"
live,osm-way-678177347-forward,678177347,forward,2,1232095082,6349935138,tertiary,admissible,highway=tertiary cyclable by default,bridge,,,,,,,asphalt,,,yes,,,1,False,review_required,"terrain model cannot describe a deck, bore or stacked level; roadway elevation is unknown"
live,osm-way-678177347-reverse,678177347,reverse,2,6349935138,1232095082,tertiary,admissible,highway=tertiary cyclable by default,bridge,,,,,,,asphalt,,,yes,,,1,False,review_required,"terrain model cannot describe a deck, bore or stacked level; roadway elevation is unknown"
live,osm-way-678385416-forward,678385416,forward,2,6352083781,6352083780,path,review,highway=path carries no bicycle permission,bridge,,,,,,,ground,,,yes,,,1,False,review_required,"terrain model cannot describe a deck, bore or stacked level; roadway elevation is unknown"
live,osm-way-678385416-reverse,678385416,reverse,2,6352083780,6352083781,path,review,highway=path carries no bicycle permission,bridge,,,,,,,ground,,,yes,,,1,False,review_required,"terrain model cannot describe a deck, bore or stacked level; roadway elevation is unknown"
live,osm-way-698722677-forward,698722677,forward,2,6561273598,6561273597,service,admissible,highway=service cyclable by default,bridge,,,,,,,,,,yes,,,1,False,review_required,"terrain model cannot describe a deck, bore or stacked level; roadway elevation is unknown"
live,osm-way-698722677-reverse,698722677,reverse,2,6561273597,6561273598,service,admissible,highway=service cyclable by default,bridge,,,,,,,,,,yes,,,1,False,review_required,"terrain model cannot describe a deck, bore or stacked level; roadway elevation is unknown"
live,osm-way-701963591-forward,701963591,forward,2,6592171016,6592171015,path,review,highway=path carries no bicycle permission,bridge,,,,,,,,,,yes,,,1,False,review_required,"terrain model cannot describe a deck, bore or stacked level; roadway elevation is unknown"
live,osm-way-701963591-reverse,701963591,reverse,2,6592171015,6592171016,path,review,highway=path carries no bicycle permission,bridge,,,,,,,,,,yes,,,1,False,review_required,"terrain model cannot describe a deck, bore or stacked level; roadway elevation is unknown"
live,osm-way-702163288-forward,702163288,forward,2,6593904880,6593904879,unclassified,admissible,highway=unclassified cyclable by default,bridge,,,,,,,,,,yes,,,1,False,review_required,"terrain model cannot describe a deck, bore or stacked level; roadway elevation is unknown"
live,osm-way-702163288-reverse,702163288,reverse,2,6593904879,6593904880,unclassified,admissible,highway=unclassified cyclable by default,bridge,,,,,,,,,,yes,,,1,False,review_required,"terrain model cannot describe a deck, bore or stacked level; roadway elevation is unknown"
live,osm-way-702163318-forward,702163318,forward,3,6593927243,1140874377,track,review,highway=track carries no bicycle permission,bridge,,,,,,,,,grade3,yes,,,1,False,review_required,"terrain model cannot describe a deck, bore or stacked level; roadway elevation is unknown"
live,osm-way-702163318-reverse,702163318,reverse,3,1140874377,6593927243,track,review,highway=track carries no bicycle permission,bridge,,,,,,,,,grade3,yes,,,1,False,review_required,"terrain model cannot describe a deck, bore or stacked level; roadway elevation is unknown"
live,osm-way-709258431-forward,709258431,forward,2,6665957284,6665957286,via_ferrata,review,highway=via_ferrata carries no bicycle permission,bridge,yes,,,,,,,,,yes,,,1,False,review_required,"terrain model cannot describe a deck, bore or stacked level; roadway elevation is unknown"
live,osm-way-709258433-forward,709258433,forward,2,6665957287,6665957288,via_ferrata,review,highway=via_ferrata carries no bicycle permission,bridge,yes,,,,,,,,,yes,,,1,False,review_required,"terrain model cannot describe a deck, bore or stacked level; roadway elevation is unknown"
live,osm-way-718777884-forward,718777884,forward,3,6749020158,6749020160,service,prohibited,access=private without bicycle override,tunnel,yes,,,,private,,asphalt,,,,,yes,,False,review_required,"terrain model cannot describe a deck, bore or stacked level; roadway elevation is unknown"
live,osm-way-718777885-forward,718777885,forward,3,6749020163,6749020161,service,prohibited,access=private without bicycle override,tunnel,yes,,,,private,,asphalt,,,,,yes,,False,review_required,"terrain model cannot describe a deck, bore or stacked level; roadway elevation is unknown"
live,osm-way-718780328-forward,718780328,forward,7,6749020160,6749020163,service,prohibited,access=private without bicycle override,tunnel,yes,,,,private,,,,,,,yes,-1,False,review_required,"terrain model cannot describe a deck, bore or stacked level; roadway elevation is unknown"
live,osm-way-735009539-forward,735009539,forward,2,6883777405,1232095114,tertiary,admissible,highway=tertiary cyclable by default,bridge,,,,,,,,,,yes,,,1,False,review_required,"terrain model cannot describe a deck, bore or stacked level; roadway elevation is unknown"
live,osm-way-735009539-reverse,735009539,reverse,2,1232095114,6883777405,tertiary,admissible,highway=tertiary cyclable by default,bridge,,,,,,,,,,yes,,,1,False,review_required,"terrain model cannot describe a deck, bore or stacked level; roadway elevation is unknown"
live,osm-way-735009541-forward,735009541,forward,2,5078634350,5078603289,tertiary,admissible,highway=tertiary cyclable by default,tunnel,,,,,,,asphalt,,,,yes,,,False,review_required,"terrain model cannot describe a deck, bore or stacked level; roadway elevation is unknown"
live,osm-way-735009541-reverse,735009541,reverse,2,5078603289,5078634350,tertiary,admissible,highway=tertiary cyclable by default,tunnel,,,,,,,asphalt,,,,yes,,,False,review_required,"terrain model cannot describe a deck, bore or stacked level; roadway elevation is unknown"
live,osm-way-735009543-forward,735009543,forward,2,6883777415,898868628,tertiary,admissible,highway=tertiary cyclable by default,bridge,,,,,,,asphalt,,,yes,,,1,False,review_required,"terrain model cannot describe a deck, bore or stacked level; roadway elevation is unknown"
live,osm-way-735009543-reverse,735009543,reverse,2,898868628,6883777415,tertiary,admissible,highway=tertiary cyclable by default,bridge,,,,,,,asphalt,,,yes,,,1,False,review_required,"terrain model cannot describe a deck, bore or stacked level; roadway elevation is unknown"
live,osm-way-735009545-forward,735009545,forward,3,5078633884,1232095140,tertiary,admissible,highway=tertiary cyclable by default,bridge,,,,,,,asphalt,,,yes,,,1,False,review_required,"terrain model cannot describe a deck, bore or stacked level; roadway elevation is unknown"
live,osm-way-735009545-reverse,735009545,reverse,3,1232095140,5078633884,tertiary,admissible,highway=tertiary cyclable by default,bridge,,,,,,,asphalt,,,yes,,,1,False,review_required,"terrain model cannot describe a deck, bore or stacked level; roadway elevation is unknown"
live,osm-way-759443941-forward,759443941,forward,9,7093859570,7093859578,footway,review,highway=footway carries no bicycle permission,tunnel,,,,,destination,,,,,,yes,,-1,False,review_required,"terrain model cannot describe a deck, bore or stacked level; roadway elevation is unknown"
live,osm-way-759443941-reverse,759443941,reverse,9,7093859578,7093859570,footway,review,highway=footway carries no bicycle permission,tunnel,,,,,destination,,,,,,yes,,-1,False,review_required,"terrain model cannot describe a deck, bore or stacked level; roadway elevation is unknown"
live,osm-way-759443942-forward,759443942,forward,2,7093859578,7093921086,path,prohibited,bicycle=no,tunnel,,,,no,no,,,,,,yes,,-1,False,review_required,"terrain model cannot describe a deck, bore or stacked level; roadway elevation is unknown"
live,osm-way-759443942-reverse,759443942,reverse,2,7093921086,7093859578,path,prohibited,bicycle=no,tunnel,,,,no,no,,,,,,yes,,-1,False,review_required,"terrain model cannot describe a deck, bore or stacked level; roadway elevation is unknown"
live,osm-way-759443943-forward,759443943,forward,4,7093859570,7093859578,service,prohibited,bicycle=no,tunnel,,,,no,no,,,,,,yes,,-1,False,review_required,"terrain model cannot describe a deck, bore or stacked level; roadway elevation is unknown"
live,osm-way-759443943-reverse,759443943,reverse,4,7093859578,7093859570,service,prohibited,bicycle=no,tunnel,,,,no,no,,,,,,yes,,-1,False,review_required,"terrain model cannot describe a deck, bore or stacked level; roadway elevation is unknown"
live,osm-way-759443944-forward,759443944,forward,2,7093921086,3754674747,service,prohibited,bicycle=no,tunnel,,,,no,destination,,,,,,yes,,-1,False,review_required,"terrain model cannot describe a deck, bore or stacked level; roadway elevation is unknown"
live,osm-way-759443944-reverse,759443944,reverse,2,3754674747,7093921086,service,prohibited,bicycle=no,tunnel,,,,no,destination,,,,,,yes,,-1,False,review_required,"terrain model cannot describe a deck, bore or stacked level; roadway elevation is unknown"
live,osm-way-769697485-forward,769697485,forward,2,7184742613,7184742614,path,review,highway=path carries no bicycle permission,bridge,,,,,,,,,,yes,,,1,False,review_required,"terrain model cannot describe a deck, bore or stacked level; roadway elevation is unknown"
live,osm-way-769697485-reverse,769697485,reverse,2,7184742614,7184742613,path,review,highway=path carries no bicycle permission,bridge,,,,,,,,,,yes,,,1,False,review_required,"terrain model cannot describe a deck, bore or stacked level; roadway elevation is unknown"
live,osm-way-769697487-forward,769697487,forward,16,7184742636,12686733117,path,review,highway=path carries no bicycle permission,tunnel,,,,,,,,,,,yes,,,False,review_required,"terrain model cannot describe a deck, bore or stacked level; roadway elevation is unknown"
live,osm-way-769697487-reverse,769697487,reverse,16,12686733117,7184742636,path,review,highway=path carries no bicycle permission,tunnel,,,,,,,,,,,yes,,,False,review_required,"terrain model cannot describe a deck, bore or stacked level; roadway elevation is unknown"
live,osm-way-769697493-forward,769697493,forward,2,7184743697,7184743698,steps,review,highway=steps carries no bicycle permission,tunnel,,,,,,,metal,,,,building_passage,,,False,review_required,"terrain model cannot describe a deck, bore or stacked level; roadway elevation is unknown"
live,osm-way-769697493-reverse,769697493,reverse,2,7184743698,7184743697,steps,review,highway=steps carries no bicycle permission,tunnel,,,,,,,metal,,,,building_passage,,,False,review_required,"terrain model cannot describe a deck, bore or stacked level; roadway elevation is unknown"
live,osm-way-770769434-forward,770769434,forward,2,7194402365,7194402366,path,review,highway=path carries no bicycle permission,bridge,,,,,,,,,,yes,,,1,False,review_required,"terrain model cannot describe a deck, bore or stacked level; roadway elevation is unknown"
live,osm-way-770769434-reverse,770769434,reverse,2,7194402366,7194402365,path,review,highway=path carries no bicycle permission,bridge,,,,,,,,,,yes,,,1,False,review_required,"terrain model cannot describe a deck, bore or stacked level; roadway elevation is unknown"
live,osm-way-773774360-forward,773774360,forward,2,7222561193,7200720904,service,admissible,highway=service cyclable by default,tunnel,,,,,,,concrete,,,,yes,,-1,False,review_required,"terrain model cannot describe a deck, bore or stacked level; roadway elevation is unknown"
live,osm-way-773774360-reverse,773774360,reverse,2,7200720904,7222561193,service,admissible,highway=service cyclable by default,tunnel,,,,,,,concrete,,,,yes,,-1,False,review_required,"terrain model cannot describe a deck, bore or stacked level; roadway elevation is unknown"
live,osm-way-775153047-forward,775153047,forward,2,7231855530,7231855529,path,review,highway=path carries no bicycle permission,bridge,,,,,,,,,,yes,,,1,False,review_required,"terrain model cannot describe a deck, bore or stacked level; roadway elevation is unknown"
live,osm-way-775153047-reverse,775153047,reverse,2,7231855529,7231855530,path,review,highway=path carries no bicycle permission,bridge,,,,,,,,,,yes,,,1,False,review_required,"terrain model cannot describe a deck, bore or stacked level; roadway elevation is unknown"
live,osm-way-785811555-forward,785811555,forward,2,7345739832,7345739833,footway,review,highway=footway carries no bicycle permission,tunnel,,,,,,,unpaved,,,,yes,,-1,False,review_required,"terrain model cannot describe a deck, bore or stacked level; roadway elevation is unknown"
live,osm-way-785811555-reverse,785811555,reverse,2,7345739833,7345739832,footway,review,highway=footway carries no bicycle permission,tunnel,,,,,,,unpaved,,,,yes,,-1,False,review_required,"terrain model cannot describe a deck, bore or stacked level; roadway elevation is unknown"
live,osm-way-830434903-forward,830434903,forward,3,7752753578,2643495059,path,review,highway=path carries no bicycle permission,bridge,,,,,,,,,,yes,,,1,False,review_required,"terrain model cannot describe a deck, bore or stacked level; roadway elevation is unknown"
live,osm-way-830434903-reverse,830434903,reverse,3,2643495059,7752753578,path,review,highway=path carries no bicycle permission,bridge,,,,,,,,,,yes,,,1,False,review_required,"terrain model cannot describe a deck, bore or stacked level; roadway elevation is unknown"
live,osm-way-833324804-forward,833324804,forward,5,251684113,7779237420,footway,review,highway=footway carries no bicycle permission,bridge,,,,,,,,,,yes,,,,False,review_required,"terrain model cannot describe a deck, bore or stacked level; roadway elevation is unknown"
live,osm-way-833324804-reverse,833324804,reverse,5,7779237420,251684113,footway,review,highway=footway carries no bicycle permission,bridge,,,,,,,,,,yes,,,,False,review_required,"terrain model cannot describe a deck, bore or stacked level; roadway elevation is unknown"
live,osm-way-846177340-forward,846177340,forward,2,7894601311,1140830692,tertiary,admissible,highway=tertiary cyclable by default,bridge,,,,,,,asphalt,,,yes,,,1,False,review_required,"terrain model cannot describe a deck, bore or stacked level; roadway elevation is unknown"
live,osm-way-846177340-reverse,846177340,reverse,2,1140830692,7894601311,tertiary,admissible,highway=tertiary cyclable by default,bridge,,,,,,,asphalt,,,yes,,,1,False,review_required,"terrain model cannot describe a deck, bore or stacked level; roadway elevation is unknown"
live,osm-way-852018387-forward,852018387,forward,2,7947563106,6883777440,footway,review,highway=footway carries no bicycle permission,bridge,,,,,,,,,,yes,,,1,False,review_required,"terrain model cannot describe a deck, bore or stacked level; roadway elevation is unknown"
live,osm-way-852018387-reverse,852018387,reverse,2,6883777440,7947563106,footway,review,highway=footway carries no bicycle permission,bridge,,,,,,,,,,yes,,,1,False,review_required,"terrain model cannot describe a deck, bore or stacked level; roadway elevation is unknown"
live,osm-way-852018389-forward,852018389,forward,2,7947563108,7947563107,primary,admissible,highway=primary cyclable by default,bridge,,,,,,,asphalt,,,yes,,,1,False,review_required,"terrain model cannot describe a deck, bore or stacked level; roadway elevation is unknown"
live,osm-way-852018389-reverse,852018389,reverse,2,7947563107,7947563108,primary,admissible,highway=primary cyclable by default,bridge,,,,,,,asphalt,,,yes,,,1,False,review_required,"terrain model cannot describe a deck, bore or stacked level; roadway elevation is unknown"
live,osm-way-870241916-forward,870241916,forward,2,8107285599,8107285600,service,admissible,highway=service cyclable by default,tunnel,yes,,,,,,concrete,,,,,yes,-1,False,review_required,"terrain model cannot describe a deck, bore or stacked level; roadway elevation is unknown"
live,osm-way-870241917-forward,870241917,forward,2,8107285600,8107285601,service,admissible,highway=service cyclable by default,tunnel,yes,,,,,,concrete,,,,,yes,-1,False,review_required,"terrain model cannot describe a deck, bore or stacked level; roadway elevation is unknown"
live,osm-way-870241918-forward,870241918,forward,3,8107285600,8107285602,service,admissible,highway=service cyclable by default,tunnel,,,,,,,concrete,,,,,yes,-1,False,review_required,"terrain model cannot describe a deck, bore or stacked level; roadway elevation is unknown"
live,osm-way-870241918-reverse,870241918,reverse,3,8107285602,8107285600,service,admissible,highway=service cyclable by default,tunnel,,,,,,,concrete,,,,,yes,-1,False,review_required,"terrain model cannot describe a deck, bore or stacked level; roadway elevation is unknown"
live,osm-way-870707918-forward,870707918,forward,2,8110983137,8110983138,path,review,highway=path carries no bicycle permission,bridge,,,,,,,,,,yes,,,1,False,review_required,"terrain model cannot describe a deck, bore or stacked level; roadway elevation is unknown"
live,osm-way-870707918-reverse,870707918,reverse,2,8110983138,8110983137,path,review,highway=path carries no bicycle permission,bridge,,,,,,,,,,yes,,,1,False,review_required,"terrain model cannot describe a deck, bore or stacked level; roadway elevation is unknown"
live,osm-way-886752111-forward,886752111,forward,2,8245600742,8245600810,footway,review,highway=footway carries no bicycle permission,bridge,,,,,,,paving_stones,,,yes,,,1,False,review_required,"terrain model cannot describe a deck, bore or stacked level; roadway elevation is unknown"
live,osm-way-886752111-reverse,886752111,reverse,2,8245600810,8245600742,footway,review,highway=footway carries no bicycle permission,bridge,,,,,,,paving_stones,,,yes,,,1,False,review_required,"terrain model cannot describe a deck, bore or stacked level; roadway elevation is unknown"
live,osm-way-1013537271-forward,1013537271,forward,2,9350950305,9350950306,path,admissible,bicycle=designated,bridge,,,,designated,,,dirt,,,yes,,,1,False,review_required,"terrain model cannot describe a deck, bore or stacked level; roadway elevation is unknown"
live,osm-way-1013537271-reverse,1013537271,reverse,2,9350950306,9350950305,path,admissible,bicycle=designated,bridge,,,,designated,,,dirt,,,yes,,,1,False,review_required,"terrain model cannot describe a deck, bore or stacked level; roadway elevation is unknown"
live,osm-way-1018368887-forward,1018368887,forward,2,9392989809,9392989810,tertiary,admissible,highway=tertiary cyclable by default,bridge,,,,,,,asphalt,,,yes,,,1,False,review_required,"terrain model cannot describe a deck, bore or stacked level; roadway elevation is unknown"
live,osm-way-1018368887-reverse,1018368887,reverse,2,9392989810,9392989809,tertiary,admissible,highway=tertiary cyclable by default,bridge,,,,,,,asphalt,,,yes,,,1,False,review_required,"terrain model cannot describe a deck, bore or stacked level; roadway elevation is unknown"
live,osm-way-1018368890-forward,1018368890,forward,2,9392989815,9392989811,path,review,highway=path carries no bicycle permission,bridge,,,,,,,wood,,,yes,,,1,False,review_required,"terrain model cannot describe a deck, bore or stacked level; roadway elevation is unknown"
live,osm-way-1018368890-reverse,1018368890,reverse,2,9392989811,9392989815,path,review,highway=path carries no bicycle permission,bridge,,,,,,,wood,,,yes,,,1,False,review_required,"terrain model cannot describe a deck, bore or stacked level; roadway elevation is unknown"
live,osm-way-1018368891-forward,1018368891,forward,2,9392989813,9392989812,path,review,highway=path carries no bicycle permission,bridge,,,,,,,grass,,,boardwalk,,,1,False,review_required,"terrain model cannot describe a deck, bore or stacked level; roadway elevation is unknown"
live,osm-way-1018368891-reverse,1018368891,reverse,2,9392989812,9392989813,path,review,highway=path carries no bicycle permission,bridge,,,,,,,grass,,,boardwalk,,,1,False,review_required,"terrain model cannot describe a deck, bore or stacked level; roadway elevation is unknown"
live,osm-way-1034741401-forward,1034741401,forward,3,3623395575,9531922657,path,review,highway=path carries no bicycle permission,stacked,,,,,,,asphalt,,,,,,1,False,review_required,"terrain model cannot describe a deck, bore or stacked level; roadway elevation is unknown"
live,osm-way-1034741401-reverse,1034741401,reverse,3,9531922657,3623395575,path,review,highway=path carries no bicycle permission,stacked,,,,,,,asphalt,,,,,,1,False,review_required,"terrain model cannot describe a deck, bore or stacked level; roadway elevation is unknown"
live,osm-way-1034741402-forward,1034741402,forward,3,9531922657,9531922655,steps,review,highway=steps carries no bicycle permission,stacked,,,,,,,metal,,,,,,1,False,review_required,"terrain model cannot describe a deck, bore or stacked level; roadway elevation is unknown"
live,osm-way-1034741402-reverse,1034741402,reverse,3,9531922655,9531922657,steps,review,highway=steps carries no bicycle permission,stacked,,,,,,,metal,,,,,,1,False,review_required,"terrain model cannot describe a deck, bore or stacked level; roadway elevation is unknown"
live,osm-way-1034741405-forward,1034741405,forward,2,9531922665,9531922662,steps,review,highway=steps carries no bicycle permission,tunnel,,,,,,,,,,,,yes,,False,review_required,"terrain model cannot describe a deck, bore or stacked level; roadway elevation is unknown"
live,osm-way-1034741405-reverse,1034741405,reverse,2,9531922662,9531922665,steps,review,highway=steps carries no bicycle permission,tunnel,,,,,,,,,,,,yes,,False,review_required,"terrain model cannot describe a deck, bore or stacked level; roadway elevation is unknown"
live,osm-way-1034741406-forward,1034741406,forward,2,9531922661,9531922665,footway,review,highway=footway carries no bicycle permission,tunnel,,,,,,,,,,,,yes,,False,review_required,"terrain model cannot describe a deck, bore or stacked level; roadway elevation is unknown"
live,osm-way-1034741406-reverse,1034741406,reverse,2,9531922665,9531922661,footway,review,highway=footway carries no bicycle permission,tunnel,,,,,,,,,,,,yes,,False,review_required,"terrain model cannot describe a deck, bore or stacked level; roadway elevation is unknown"
live,osm-way-1034741414-forward,1034741414,forward,3,9531922677,9531922682,footway,review,highway=footway carries no bicycle permission,tunnel,,,,,,,,,,,,yes,,False,review_required,"terrain model cannot describe a deck, bore or stacked level; roadway elevation is unknown"
live,osm-way-1034741414-reverse,1034741414,reverse,3,9531922682,9531922677,footway,review,highway=footway carries no bicycle permission,tunnel,,,,,,,,,,,,yes,,False,review_required,"terrain model cannot describe a deck, bore or stacked level; roadway elevation is unknown"
live,osm-way-1042940323-forward,1042940323,forward,2,9599757915,9599757922,service,admissible,highway=service cyclable by default,bridge,,,,,,,,,,yes,,,1,False,review_required,"terrain model cannot describe a deck, bore or stacked level; roadway elevation is unknown"
live,osm-way-1042940323-reverse,1042940323,reverse,2,9599757922,9599757915,service,admissible,highway=service cyclable by default,bridge,,,,,,,,,,yes,,,1,False,review_required,"terrain model cannot describe a deck, bore or stacked level; roadway elevation is unknown"
live,osm-way-1050330510-forward,1050330510,forward,2,9652233994,9652246124,path,review,highway=path carries no bicycle permission,bridge,,,,,,,concrete,,,yes,,,1,False,review_required,"terrain model cannot describe a deck, bore or stacked level; roadway elevation is unknown"
live,osm-way-1050330510-reverse,1050330510,reverse,2,9652246124,9652233994,path,review,highway=path carries no bicycle permission,bridge,,,,,,,concrete,,,yes,,,1,False,review_required,"terrain model cannot describe a deck, bore or stacked level; roadway elevation is unknown"
live,osm-way-1050331700-forward,1050331700,forward,2,9652254266,9652254265,path,review,highway=path carries no bicycle permission,bridge,,,,,,,wood,,,yes,,,1,False,review_required,"terrain model cannot describe a deck, bore or stacked level; roadway elevation is unknown"
live,osm-way-1050331700-reverse,1050331700,reverse,2,9652254265,9652254266,path,review,highway=path carries no bicycle permission,bridge,,,,,,,wood,,,yes,,,1,False,review_required,"terrain model cannot describe a deck, bore or stacked level; roadway elevation is unknown"
live,osm-way-1054881194-forward,1054881194,forward,2,9693317139,2599413407,footway,admissible,bicycle=yes,bridge,,,,yes,,,,,,yes,,,1,False,review_required,"terrain model cannot describe a deck, bore or stacked level; roadway elevation is unknown"
live,osm-way-1054881194-reverse,1054881194,reverse,2,2599413407,9693317139,footway,admissible,bicycle=yes,bridge,,,,yes,,,,,,yes,,,1,False,review_required,"terrain model cannot describe a deck, bore or stacked level; roadway elevation is unknown"
live,osm-way-1054881198-forward,1054881198,forward,2,864982942,864982665,path,review,highway=path carries no bicycle permission,bridge,,,,,,,,,,yes,,,1,False,review_required,"terrain model cannot describe a deck, bore or stacked level; roadway elevation is unknown"
live,osm-way-1054881198-reverse,1054881198,reverse,2,864982665,864982942,path,review,highway=path carries no bicycle permission,bridge,,,,,,,,,,yes,,,1,False,review_required,"terrain model cannot describe a deck, bore or stacked level; roadway elevation is unknown"
live,osm-way-1054888434-forward,1054888434,forward,4,1976445614,1976445524,tertiary,admissible,highway=tertiary cyclable by default,bridge,,,,,,,asphalt,,,yes,,,1,False,review_required,"terrain model cannot describe a deck, bore or stacked level; roadway elevation is unknown"
live,osm-way-1054888434-reverse,1054888434,reverse,4,1976445524,1976445614,tertiary,admissible,highway=tertiary cyclable by default,bridge,,,,,,,asphalt,,,yes,,,1,False,review_required,"terrain model cannot describe a deck, bore or stacked level; roadway elevation is unknown"
live,osm-way-1082469574-forward,1082469574,forward,3,9920528636,312439446,residential,admissible,highway=residential cyclable by default,bridge,,,,,,,asphalt,,,yes,,,1,False,review_required,"terrain model cannot describe a deck, bore or stacked level; roadway elevation is unknown"
live,osm-way-1082469574-reverse,1082469574,reverse,3,312439446,9920528636,residential,admissible,highway=residential cyclable by default,bridge,,,,,,,asphalt,,,yes,,,1,False,review_required,"terrain model cannot describe a deck, bore or stacked level; roadway elevation is unknown"
live,osm-way-1091531322-forward,1091531322,forward,2,9996817847,9996817846,path,admissible,bicycle=yes,bridge,yes,,,yes,no,,,,,yes,,,1,False,review_required,"terrain model cannot describe a deck, bore or stacked level; roadway elevation is unknown"
live,osm-way-1094559427-forward,1094559427,forward,2,10024862072,10024862073,via_ferrata,review,highway=via_ferrata carries no bicycle permission,bridge,yes,,,,,,,,,cable,,,1,False,review_required,"terrain model cannot describe a deck, bore or stacked level; roadway elevation is unknown"
live,osm-way-1094587906-forward,1094587906,forward,2,6665957331,6665957332,via_ferrata,review,highway=via_ferrata carries no bicycle permission,bridge,yes,,,,,,,,,cable,,,1,False,review_required,"terrain model cannot describe a deck, bore or stacked level; roadway elevation is unknown"
live,osm-way-1163932051-forward,1163932051,forward,3,10824672684,1140830923,tertiary,admissible,highway=tertiary cyclable by default,bridge,,,,,,,,,,yes,,,1,False,review_required,"terrain model cannot describe a deck, bore or stacked level; roadway elevation is unknown"
live,osm-way-1163932051-reverse,1163932051,reverse,3,1140830923,10824672684,tertiary,admissible,highway=tertiary cyclable by default,bridge,,,,,,,,,,yes,,,1,False,review_required,"terrain model cannot describe a deck, bore or stacked level; roadway elevation is unknown"
live,osm-way-1163932470-forward,1163932470,forward,3,10824716175,10824716174,tertiary,admissible,highway=tertiary cyclable by default,bridge,,,,,,,,,,yes,,,1,False,review_required,"terrain model cannot describe a deck, bore or stacked level; roadway elevation is unknown"
live,osm-way-1163932470-reverse,1163932470,reverse,3,10824716174,10824716175,tertiary,admissible,highway=tertiary cyclable by default,bridge,,,,,,,,,,yes,,,1,False,review_required,"terrain model cannot describe a deck, bore or stacked level; roadway elevation is unknown"
live,osm-way-1175139077-forward,1175139077,forward,4,10919539387,10919539378,residential,admissible,highway=residential cyclable by default,stacked,,,,,,,,,,,,,-1,False,review_required,"terrain model cannot describe a deck, bore or stacked level; roadway elevation is unknown"
live,osm-way-1175139077-reverse,1175139077,reverse,4,10919539378,10919539387,residential,admissible,highway=residential cyclable by default,stacked,,,,,,,,,,,,,-1,False,review_required,"terrain model cannot describe a deck, bore or stacked level; roadway elevation is unknown"
live,osm-way-1175139078-forward,1175139078,forward,8,1978070217,3270856916,residential,admissible,highway=residential cyclable by default,stacked,,,,,,,,,,,,,-1,False,review_required,"terrain model cannot describe a deck, bore or stacked level; roadway elevation is unknown"
live,osm-way-1175139078-reverse,1175139078,reverse,8,3270856916,1978070217,residential,admissible,highway=residential cyclable by default,stacked,,,,,,,,,,,,,-1,False,review_required,"terrain model cannot describe a deck, bore or stacked level; roadway elevation is unknown"
live,osm-way-1177949573-forward,1177949573,forward,2,10942743467,6511269175,path,review,highway=path carries no bicycle permission,bridge,,,,,,,,,,yes,,,1,False,review_required,"terrain model cannot describe a deck, bore or stacked level; roadway elevation is unknown"
live,osm-way-1177949573-reverse,1177949573,reverse,2,6511269175,10942743467,path,review,highway=path carries no bicycle permission,bridge,,,,,,,,,,yes,,,1,False,review_required,"terrain model cannot describe a deck, bore or stacked level; roadway elevation is unknown"
live,osm-way-1179764648-forward,1179764648,forward,3,10957511269,10957511273,service,admissible,highway=service cyclable by default,tunnel,,,,,,,,,,,building_passage,,,False,review_required,"terrain model cannot describe a deck, bore or stacked level; roadway elevation is unknown"
live,osm-way-1179764648-reverse,1179764648,reverse,3,10957511273,10957511269,service,admissible,highway=service cyclable by default,tunnel,,,,,,,,,,,building_passage,,,False,review_required,"terrain model cannot describe a deck, bore or stacked level; roadway elevation is unknown"
live,osm-way-1188945943-forward,1188945943,forward,2,11039948007,1140830952,cycleway,admissible,bicycle=yes,bridge,,,,yes,,,asphalt,good,,yes,,,1,False,review_required,"terrain model cannot describe a deck, bore or stacked level; roadway elevation is unknown"
live,osm-way-1188945943-reverse,1188945943,reverse,2,1140830952,11039948007,cycleway,admissible,bicycle=yes,bridge,,,,yes,,,asphalt,good,,yes,,,1,False,review_required,"terrain model cannot describe a deck, bore or stacked level; roadway elevation is unknown"
live,osm-way-1192651296-forward,1192651296,forward,14,312162291,312162310,unclassified,admissible,highway=unclassified cyclable by default,tunnel,,,,,,,,,,,yes,,-1,False,review_required,"terrain model cannot describe a deck, bore or stacked level; roadway elevation is unknown"
live,osm-way-1192651296-reverse,1192651296,reverse,14,312162310,312162291,unclassified,admissible,highway=unclassified cyclable by default,tunnel,,,,,,,,,,,yes,,-1,False,review_required,"terrain model cannot describe a deck, bore or stacked level; roadway elevation is unknown"
live,osm-way-1197972908-forward,1197972908,forward,2,11113903457,5401824879,footway,review,highway=footway carries no bicycle permission,stacked,,,,,,,,,,,,,1,False,review_required,"terrain model cannot describe a deck, bore or stacked level; roadway elevation is unknown"
live,osm-way-1197972908-reverse,1197972908,reverse,2,5401824879,11113903457,footway,review,highway=footway carries no bicycle permission,stacked,,,,,,,,,,,,,1,False,review_required,"terrain model cannot describe a deck, bore or stacked level; roadway elevation is unknown"
live,osm-way-1210642402-forward,1210642402,forward,2,11214165848,11216851912,path,review,highway=path carries no bicycle permission,bridge,,,,,,,wood,,,boardwalk,,,1,False,review_required,"terrain model cannot describe a deck, bore or stacked level; roadway elevation is unknown"
live,osm-way-1210642402-reverse,1210642402,reverse,2,11216851912,11214165848,path,review,highway=path carries no bicycle permission,bridge,,,,,,,wood,,,boardwalk,,,1,False,review_required,"terrain model cannot describe a deck, bore or stacked level; roadway elevation is unknown"
live,osm-way-1220608051-forward,1220608051,forward,2,11310568769,11310568768,path,admissible,bicycle=designated,tunnel,,,,designated,,,grass,,,,yes,,-1,False,review_required,"terrain model cannot describe a deck, bore or stacked level; roadway elevation is unknown"
live,osm-way-1220608051-reverse,1220608051,reverse,2,11310568768,11310568769,path,admissible,bicycle=designated,tunnel,,,,designated,,,grass,,,,yes,,-1,False,review_required,"terrain model cannot describe a deck, bore or stacked level; roadway elevation is unknown"
live,osm-way-1226799792-forward,1226799792,forward,24,6452641623,5079243787,path,review,highway=path carries no bicycle permission,stacked,,,,,,,,,,,,,1,False,review_required,"terrain model cannot describe a deck, bore or stacked level; roadway elevation is unknown"
live,osm-way-1226799792-reverse,1226799792,reverse,24,5079243787,6452641623,path,review,highway=path carries no bicycle permission,stacked,,,,,,,,,,,,,1,False,review_required,"terrain model cannot describe a deck, bore or stacked level; roadway elevation is unknown"
live,osm-way-1236087755-forward,1236087755,forward,2,10919982233,11476583920,path,review,highway=path carries no bicycle permission,bridge,,,,,,,,,,yes,,,1,False,review_required,"terrain model cannot describe a deck, bore or stacked level; roadway elevation is unknown"
live,osm-way-1236087755-reverse,1236087755,reverse,2,11476583920,10919982233,path,review,highway=path carries no bicycle permission,bridge,,,,,,,,,,yes,,,1,False,review_required,"terrain model cannot describe a deck, bore or stacked level; roadway elevation is unknown"
live,osm-way-1236087756-forward,1236087756,forward,2,11476583921,11476583924,path,review,highway=path carries no bicycle permission,bridge,,,,,,,,,,yes,,,1,False,review_required,"terrain model cannot describe a deck, bore or stacked level; roadway elevation is unknown"
live,osm-way-1236087756-reverse,1236087756,reverse,2,11476583924,11476583921,path,review,highway=path carries no bicycle permission,bridge,,,,,,,,,,yes,,,1,False,review_required,"terrain model cannot describe a deck, bore or stacked level; roadway elevation is unknown"
live,osm-way-1236701564-forward,1236701564,forward,2,11483822665,11483822664,path,review,highway=path carries no bicycle permission,bridge,,,,,,,,,,yes,,,1,False,review_required,"terrain model cannot describe a deck, bore or stacked level; roadway elevation is unknown"
live,osm-way-1236701564-reverse,1236701564,reverse,2,11483822664,11483822665,path,review,highway=path carries no bicycle permission,bridge,,,,,,,,,,yes,,,1,False,review_required,"terrain model cannot describe a deck, bore or stacked level; roadway elevation is unknown"
live,osm-way-1250697508-forward,1250697508,forward,2,11626130925,11626130924,track,admissible,bicycle=yes,bridge,,,,yes,,,ground,very_bad,grade2,yes,,,1,False,review_required,"terrain model cannot describe a deck, bore or stacked level; roadway elevation is unknown"
live,osm-way-1250697508-reverse,1250697508,reverse,2,11626130924,11626130925,track,admissible,bicycle=yes,bridge,,,,yes,,,ground,very_bad,grade2,yes,,,1,False,review_required,"terrain model cannot describe a deck, bore or stacked level; roadway elevation is unknown"
live,osm-way-1267556632-forward,1267556632,forward,2,11772441005,11772441004,footway,review,highway=footway carries no bicycle permission,bridge,,,,,,,,,,yes,,,,False,review_required,"terrain model cannot describe a deck, bore or stacked level; roadway elevation is unknown"
live,osm-way-1267556632-reverse,1267556632,reverse,2,11772441004,11772441005,footway,review,highway=footway carries no bicycle permission,bridge,,,,,,,,,,yes,,,,False,review_required,"terrain model cannot describe a deck, bore or stacked level; roadway elevation is unknown"
live,osm-way-1294735404-forward,1294735404,forward,2,11998922154,11998922152,path,review,highway=path carries no bicycle permission,bridge,,,,,,,,,,yes,,,1,False,review_required,"terrain model cannot describe a deck, bore or stacked level; roadway elevation is unknown"
live,osm-way-1294735404-reverse,1294735404,reverse,2,11998922152,11998922154,path,review,highway=path carries no bicycle permission,bridge,,,,,,,,,,yes,,,1,False,review_required,"terrain model cannot describe a deck, bore or stacked level; roadway elevation is unknown"
live,osm-way-1294735407-forward,1294735407,forward,2,11998922161,11998922160,path,review,highway=path carries no bicycle permission,bridge,,,,,,,,,,yes,,,1,False,review_required,"terrain model cannot describe a deck, bore or stacked level; roadway elevation is unknown"
live,osm-way-1294735407-reverse,1294735407,reverse,2,11998922160,11998922161,path,review,highway=path carries no bicycle permission,bridge,,,,,,,,,,yes,,,1,False,review_required,"terrain model cannot describe a deck, bore or stacked level; roadway elevation is unknown"
live,osm-way-1305675415-forward,1305675415,forward,2,4374156624,4374156622,cycleway,admissible,bicycle=designated,bridge,,,,designated,,,dirt,,,yes,,,1,False,review_required,"terrain model cannot describe a deck, bore or stacked level; roadway elevation is unknown"
live,osm-way-1305675415-reverse,1305675415,reverse,2,4374156622,4374156624,cycleway,admissible,bicycle=designated,bridge,,,,designated,,,dirt,,,yes,,,1,False,review_required,"terrain model cannot describe a deck, bore or stacked level; roadway elevation is unknown"
live,osm-way-1354478701-forward,1354478701,forward,4,12534721589,12534733863,footway,review,highway=footway carries no bicycle permission,tunnel,,,,,,,concrete,,,,,yes,,False,review_required,"terrain model cannot describe a deck, bore or stacked level; roadway elevation is unknown"
live,osm-way-1354478701-reverse,1354478701,reverse,4,12534733863,12534721589,footway,review,highway=footway carries no bicycle permission,tunnel,,,,,,,concrete,,,,,yes,,False,review_required,"terrain model cannot describe a deck, bore or stacked level; roadway elevation is unknown"
live,osm-way-1354478703-forward,1354478703,forward,5,12534733856,12534733855,footway,review,highway=footway carries no bicycle permission,tunnel,,,,,,,concrete,,,,,yes,,False,review_required,"terrain model cannot describe a deck, bore or stacked level; roadway elevation is unknown"
live,osm-way-1354478703-reverse,1354478703,reverse,5,12534733855,12534733856,footway,review,highway=footway carries no bicycle permission,tunnel,,,,,,,concrete,,,,,yes,,False,review_required,"terrain model cannot describe a deck, bore or stacked level; roadway elevation is unknown"
live,osm-way-1371357799-forward,1371357799,forward,3,12700602483,12700602484,footway,prohibited,bicycle=no,bridge,,,,no,,,metal,,,yes,,,1,False,review_required,"terrain model cannot describe a deck, bore or stacked level; roadway elevation is unknown"
live,osm-way-1371357799-reverse,1371357799,reverse,3,12700602484,12700602483,footway,prohibited,bicycle=no,bridge,,,,no,,,metal,,,yes,,,1,False,review_required,"terrain model cannot describe a deck, bore or stacked level; roadway elevation is unknown"
live,osm-way-1379260975-forward,1379260975,forward,2,1918614446,1918614447,track,review,highway=track carries no bicycle permission,stacked,,,,,,,,,,,,,1,False,review_required,"terrain model cannot describe a deck, bore or stacked level; roadway elevation is unknown"
live,osm-way-1379260975-reverse,1379260975,reverse,2,1918614447,1918614446,track,review,highway=track carries no bicycle permission,stacked,,,,,,,,,,,,,1,False,review_required,"terrain model cannot describe a deck, bore or stacked level; roadway elevation is unknown"
live,osm-way-1417719676-forward,1417719676,forward,2,13028340773,13028340772,service,admissible,highway=service cyclable by default,tunnel,,,,,,,,,,,yes,,-1,False,review_required,"terrain model cannot describe a deck, bore or stacked level; roadway elevation is unknown"
live,osm-way-1417719676-reverse,1417719676,reverse,2,13028340772,13028340773,service,admissible,highway=service cyclable by default,tunnel,,,,,,,,,,,yes,,-1,False,review_required,"terrain model cannot describe a deck, bore or stacked level; roadway elevation is unknown"
live,osm-way-1424609351-forward,1424609351,forward,2,13094501230,13094501238,path,review,highway=path carries no bicycle permission,bridge,,,,,,,,,,yes,,,1,False,review_required,"terrain model cannot describe a deck, bore or stacked level; roadway elevation is unknown"
live,osm-way-1424609351-reverse,1424609351,reverse,2,13094501238,13094501230,path,review,highway=path carries no bicycle permission,bridge,,,,,,,,,,yes,,,1,False,review_required,"terrain model cannot describe a deck, bore or stacked level; roadway elevation is unknown"
live,osm-way-1424688759-forward,1424688759,forward,2,7702900005,2463683924,unclassified,admissible,highway=unclassified cyclable by default,tunnel,,,,,,,,,,,yes,,,False,review_required,"terrain model cannot describe a deck, bore or stacked level; roadway elevation is unknown"
live,osm-way-1424688759-reverse,1424688759,reverse,2,2463683924,7702900005,unclassified,admissible,highway=unclassified cyclable by default,tunnel,,,,,,,,,,,yes,,,False,review_required,"terrain model cannot describe a deck, bore or stacked level; roadway elevation is unknown"
live,osm-way-1429987527-forward,1429987527,forward,2,13144682921,13144682920,footway,review,highway=footway carries no bicycle permission,bridge,,,,,,,,,,yes,,,1,False,review_required,"terrain model cannot describe a deck, bore or stacked level; roadway elevation is unknown"
live,osm-way-1429987527-reverse,1429987527,reverse,2,13144682920,13144682921,footway,review,highway=footway carries no bicycle permission,bridge,,,,,,,,,,yes,,,1,False,review_required,"terrain model cannot describe a deck, bore or stacked level; roadway elevation is unknown"
live,osm-way-1430193659-forward,1430193659,forward,2,13146816235,13146816234,track,review,highway=track carries no bicycle permission,tunnel,,,,,,,,,,,yes,,-1,False,review_required,"terrain model cannot describe a deck, bore or stacked level; roadway elevation is unknown"
live,osm-way-1430193659-reverse,1430193659,reverse,2,13146816234,13146816235,track,review,highway=track carries no bicycle permission,tunnel,,,,,,,,,,,yes,,-1,False,review_required,"terrain model cannot describe a deck, bore or stacked level; roadway elevation is unknown"
live,osm-way-1444527081-forward,1444527081,forward,2,4308358515,13254347643,path,review,highway=path carries no bicycle permission,bridge,,,,,,,ground,,,yes,,,1,False,review_required,"terrain model cannot describe a deck, bore or stacked level; roadway elevation is unknown"
live,osm-way-1444527081-reverse,1444527081,reverse,2,13254347643,4308358515,path,review,highway=path carries no bicycle permission,bridge,,,,,,,ground,,,yes,,,1,False,review_required,"terrain model cannot describe a deck, bore or stacked level; roadway elevation is unknown"
live,osm-way-1444531935-forward,1444531935,forward,2,13254376978,13254376977,path,review,highway=path carries no bicycle permission,bridge,,,,,,,,,,yes,,,1,False,review_required,"terrain model cannot describe a deck, bore or stacked level; roadway elevation is unknown"
live,osm-way-1444531935-reverse,1444531935,reverse,2,13254376977,13254376978,path,review,highway=path carries no bicycle permission,bridge,,,,,,,,,,yes,,,1,False,review_required,"terrain model cannot describe a deck, bore or stacked level; roadway elevation is unknown"
live,osm-way-1444600341-forward,1444600341,forward,3,13254995460,13254995461,path,review,highway=path carries no bicycle permission,bridge,,,,,,,,,,yes,,,1,False,review_required,"terrain model cannot describe a deck, bore or stacked level; roadway elevation is unknown"
live,osm-way-1444600341-reverse,1444600341,reverse,3,13254995461,13254995460,path,review,highway=path carries no bicycle permission,bridge,,,,,,,,,,yes,,,1,False,review_required,"terrain model cannot describe a deck, bore or stacked level; roadway elevation is unknown"
live,osm-way-1444771551-forward,1444771551,forward,2,13256564538,13256564540,path,review,highway=path carries no bicycle permission,tunnel,,,,,,,,,,,yes,,-1,False,review_required,"terrain model cannot describe a deck, bore or stacked level; roadway elevation is unknown"
live,osm-way-1444771551-reverse,1444771551,reverse,2,13256564540,13256564538,path,review,highway=path carries no bicycle permission,tunnel,,,,,,,,,,,yes,,-1,False,review_required,"terrain model cannot describe a deck, bore or stacked level; roadway elevation is unknown"
live,osm-way-1444780152-forward,1444780152,forward,2,3672387042,13256648689,path,review,highway=path carries no bicycle permission,bridge,,,,,,,,,,yes,,,1,False,review_required,"terrain model cannot describe a deck, bore or stacked level; roadway elevation is unknown"
live,osm-way-1444780152-reverse,1444780152,reverse,2,13256648689,3672387042,path,review,highway=path carries no bicycle permission,bridge,,,,,,,,,,yes,,,1,False,review_required,"terrain model cannot describe a deck, bore or stacked level; roadway elevation is unknown"
live,osm-way-1444780161-forward,1444780161,forward,2,13061558652,13256648794,path,review,highway=path carries no bicycle permission,bridge,,,,,,,,,,yes,,,1,False,review_required,"terrain model cannot describe a deck, bore or stacked level; roadway elevation is unknown"
live,osm-way-1444780161-reverse,1444780161,reverse,2,13256648794,13061558652,path,review,highway=path carries no bicycle permission,bridge,,,,,,,,,,yes,,,1,False,review_required,"terrain model cannot describe a deck, bore or stacked level; roadway elevation is unknown"
live,osm-way-1444780164-forward,1444780164,forward,2,13256648832,13256648833,path,review,highway=path carries no bicycle permission,tunnel,,,,,,,,,,,yes,,-1,False,review_required,"terrain model cannot describe a deck, bore or stacked level; roadway elevation is unknown"
live,osm-way-1444780164-reverse,1444780164,reverse,2,13256648833,13256648832,path,review,highway=path carries no bicycle permission,tunnel,,,,,,,,,,,yes,,-1,False,review_required,"terrain model cannot describe a deck, bore or stacked level; roadway elevation is unknown"
live,osm-way-1444780169-forward,1444780169,forward,2,9692551286,13256648869,track,review,highway=track carries no bicycle permission,tunnel,,,,,,,,,grade2,,yes,,-1,False,review_required,"terrain model cannot describe a deck, bore or stacked level; roadway elevation is unknown"
live,osm-way-1444780169-reverse,1444780169,reverse,2,13256648869,9692551286,track,review,highway=track carries no bicycle permission,tunnel,,,,,,,,,grade2,,yes,,-1,False,review_required,"terrain model cannot describe a deck, bore or stacked level; roadway elevation is unknown"
live,osm-way-1444780171-forward,1444780171,forward,2,13059628560,13059628561,cycleway,admissible,highway=cycleway cyclable by default,bridge,,,,,,,,,,yes,,,1,False,review_required,"terrain model cannot describe a deck, bore or stacked level; roadway elevation is unknown"
live,osm-way-1444780171-reverse,1444780171,reverse,2,13059628561,13059628560,cycleway,admissible,highway=cycleway cyclable by default,bridge,,,,,,,,,,yes,,,1,False,review_required,"terrain model cannot describe a deck, bore or stacked level; roadway elevation is unknown"
live,osm-way-1444780200-forward,1444780200,forward,2,11360633196,11360633197,cycleway,admissible,bicycle=designated,bridge,,,,designated,,,dirt,,,yes,,,1,False,review_required,"terrain model cannot describe a deck, bore or stacked level; roadway elevation is unknown"
live,osm-way-1444780200-reverse,1444780200,reverse,2,11360633197,11360633196,cycleway,admissible,bicycle=designated,bridge,,,,designated,,,dirt,,,yes,,,1,False,review_required,"terrain model cannot describe a deck, bore or stacked level; roadway elevation is unknown"
live,osm-way-1444780202-forward,1444780202,forward,2,13256649031,11360633207,cycleway,admissible,bicycle=designated,bridge,,,,designated,,,dirt,,,yes,,,1,False,review_required,"terrain model cannot describe a deck, bore or stacked level; roadway elevation is unknown"
live,osm-way-1444780202-reverse,1444780202,reverse,2,11360633207,13256649031,cycleway,admissible,bicycle=designated,bridge,,,,designated,,,dirt,,,yes,,,1,False,review_required,"terrain model cannot describe a deck, bore or stacked level; roadway elevation is unknown"
live,osm-way-1444780206-forward,1444780206,forward,2,13256649059,13256649058,path,review,highway=path carries no bicycle permission,bridge,,,,,,,,,,yes,,,1,False,review_required,"terrain model cannot describe a deck, bore or stacked level; roadway elevation is unknown"
live,osm-way-1444780206-reverse,1444780206,reverse,2,13256649058,13256649059,path,review,highway=path carries no bicycle permission,bridge,,,,,,,,,,yes,,,1,False,review_required,"terrain model cannot describe a deck, bore or stacked level; roadway elevation is unknown"
live,osm-way-1444786885-forward,1444786885,forward,3,4374156625,13256702830,cycleway,admissible,bicycle=designated,bridge,,,,designated,,,dirt,,,yes,,,1,False,review_required,"terrain model cannot describe a deck, bore or stacked level; roadway elevation is unknown"
live,osm-way-1444786885-reverse,1444786885,reverse,3,13256702830,4374156625,cycleway,admissible,bicycle=designated,bridge,,,,designated,,,dirt,,,yes,,,1,False,review_required,"terrain model cannot describe a deck, bore or stacked level; roadway elevation is unknown"
live,osm-way-1444786887-forward,1444786887,forward,2,13256702839,13256702840,cycleway,admissible,highway=cycleway cyclable by default,bridge,,,,,,,,,,yes,,,1,False,review_required,"terrain model cannot describe a deck, bore or stacked level; roadway elevation is unknown"
live,osm-way-1444786887-reverse,1444786887,reverse,2,13256702840,13256702839,cycleway,admissible,highway=cycleway cyclable by default,bridge,,,,,,,,,,yes,,,1,False,review_required,"terrain model cannot describe a deck, bore or stacked level; roadway elevation is unknown"
live,osm-way-1444786889-forward,1444786889,forward,3,13059628553,13059628554,cycleway,admissible,highway=cycleway cyclable by default,bridge,,,,,,,,,,yes,,,1,False,review_required,"terrain model cannot describe a deck, bore or stacked level; roadway elevation is unknown"
live,osm-way-1444786889-reverse,1444786889,reverse,3,13059628554,13059628553,cycleway,admissible,highway=cycleway cyclable by default,bridge,,,,,,,,,,yes,,,1,False,review_required,"terrain model cannot describe a deck, bore or stacked level; roadway elevation is unknown"
live,osm-way-1444786891-forward,1444786891,forward,2,13256702851,3673993263,cycleway,admissible,bicycle=designated,bridge,,,,designated,,,dirt,,,yes,,,1,False,review_required,"terrain model cannot describe a deck, bore or stacked level; roadway elevation is unknown"
live,osm-way-1444786891-reverse,1444786891,reverse,2,3673993263,13256702851,cycleway,admissible,bicycle=designated,bridge,,,,designated,,,dirt,,,yes,,,1,False,review_required,"terrain model cannot describe a deck, bore or stacked level; roadway elevation is unknown"
live,osm-way-1444786895-forward,1444786895,forward,2,11360633990,11360633989,cycleway,admissible,bicycle=designated,bridge,,,,designated,,,dirt,,,yes,,,1,False,review_required,"terrain model cannot describe a deck, bore or stacked level; roadway elevation is unknown"
live,osm-way-1444786895-reverse,1444786895,reverse,2,11360633989,11360633990,cycleway,admissible,bicycle=designated,bridge,,,,designated,,,dirt,,,yes,,,1,False,review_required,"terrain model cannot describe a deck, bore or stacked level; roadway elevation is unknown"
live,osm-way-1444786897-forward,1444786897,forward,2,13256703087,13256703088,cycleway,admissible,bicycle=designated,bridge,,,,designated,,,dirt,,,yes,,,1,False,review_required,"terrain model cannot describe a deck, bore or stacked level; roadway elevation is unknown"
live,osm-way-1444786897-reverse,1444786897,reverse,2,13256703088,13256703087,cycleway,admissible,bicycle=designated,bridge,,,,designated,,,dirt,,,yes,,,1,False,review_required,"terrain model cannot describe a deck, bore or stacked level; roadway elevation is unknown"
live,osm-way-1444791607-forward,1444791607,forward,2,11360633241,11360633242,cycleway,admissible,bicycle=designated,tunnel,,,,designated,,,dirt,,,,yes,,-1,False,review_required,"terrain model cannot describe a deck, bore or stacked level; roadway elevation is unknown"
live,osm-way-1444791607-reverse,1444791607,reverse,2,11360633242,11360633241,cycleway,admissible,bicycle=designated,tunnel,,,,designated,,,dirt,,,,yes,,-1,False,review_required,"terrain model cannot describe a deck, bore or stacked level; roadway elevation is unknown"
live,osm-way-1444791609-forward,1444791609,forward,2,11360633375,11360633374,cycleway,admissible,bicycle=designated,bridge,,,,designated,,,dirt,,,yes,,,1,False,review_required,"terrain model cannot describe a deck, bore or stacked level; roadway elevation is unknown"
live,osm-way-1444791609-reverse,1444791609,reverse,2,11360633374,11360633375,cycleway,admissible,bicycle=designated,bridge,,,,designated,,,dirt,,,yes,,,1,False,review_required,"terrain model cannot describe a deck, bore or stacked level; roadway elevation is unknown"
live,osm-way-1444794663-forward,1444794663,forward,2,11329890420,11329890419,path,review,highway=path carries no bicycle permission,bridge,,,,,,,,,,yes,,,1,False,review_required,"terrain model cannot describe a deck, bore or stacked level; roadway elevation is unknown"
live,osm-way-1444794663-reverse,1444794663,reverse,2,11329890419,11329890420,path,review,highway=path carries no bicycle permission,bridge,,,,,,,,,,yes,,,1,False,review_required,"terrain model cannot describe a deck, bore or stacked level; roadway elevation is unknown"
live,osm-way-1445294753-forward,1445294753,forward,2,251695512,13260392641,track,review,highway=track carries no bicycle permission,tunnel,,,,,,,,,,,,yes,,False,review_required,"terrain model cannot describe a deck, bore or stacked level; roadway elevation is unknown"
live,osm-way-1445294753-reverse,1445294753,reverse,2,13260392641,251695512,track,review,highway=track carries no bicycle permission,tunnel,,,,,,,,,,,,yes,,False,review_required,"terrain model cannot describe a deck, bore or stacked level; roadway elevation is unknown"
live,osm-way-1445294755-forward,1445294755,forward,2,13260392639,13260392640,track,review,highway=track carries no bicycle permission,tunnel,,,,,,,,,,,,yes,,False,review_required,"terrain model cannot describe a deck, bore or stacked level; roadway elevation is unknown"
live,osm-way-1445294755-reverse,1445294755,reverse,2,13260392640,13260392639,track,review,highway=track carries no bicycle permission,tunnel,,,,,,,,,,,,yes,,False,review_required,"terrain model cannot describe a deck, bore or stacked level; roadway elevation is unknown"
live,osm-way-1445294763-forward,1445294763,forward,2,13260401799,4075556759,cycleway,admissible,bicycle=designated,bridge,yes,,,designated,no,,dirt,,,yes,,,1,False,review_required,"terrain model cannot describe a deck, bore or stacked level; roadway elevation is unknown"
live,osm-way-1445331623-forward,1445331623,forward,2,13260721742,13260721741,path,admissible,bicycle=yes,bridge,,,,yes,,,,,,yes,,,1,False,review_required,"terrain model cannot describe a deck, bore or stacked level; roadway elevation is unknown"
live,osm-way-1445331623-reverse,1445331623,reverse,2,13260721741,13260721742,path,admissible,bicycle=yes,bridge,,,,yes,,,,,,yes,,,1,False,review_required,"terrain model cannot describe a deck, bore or stacked level; roadway elevation is unknown"
live,osm-way-1445332448-forward,1445332448,forward,2,13144682931,13260716243,track,review,highway=track carries no bicycle permission,tunnel,,,,,,,,,grade2,,,yes,,False,review_required,"terrain model cannot describe a deck, bore or stacked level; roadway elevation is unknown"
live,osm-way-1445332448-reverse,1445332448,reverse,2,13260716243,13144682931,track,review,highway=track carries no bicycle permission,tunnel,,,,,,,,,grade2,,,yes,,False,review_required,"terrain model cannot describe a deck, bore or stacked level; roadway elevation is unknown"
live,osm-way-1445393122-forward,1445393122,forward,3,13261283490,1976445553,tertiary,admissible,highway=tertiary cyclable by default,bridge,,,,,,,asphalt,,,yes,,,1,False,review_required,"terrain model cannot describe a deck, bore or stacked level; roadway elevation is unknown"
live,osm-way-1445393122-reverse,1445393122,reverse,3,1976445553,13261283490,tertiary,admissible,highway=tertiary cyclable by default,bridge,,,,,,,asphalt,,,yes,,,1,False,review_required,"terrain model cannot describe a deck, bore or stacked level; roadway elevation is unknown"
live,osm-way-1445393124-forward,1445393124,forward,12,1976445422,1976445384,tertiary,admissible,highway=tertiary cyclable by default,tunnel,,,,,,,asphalt,,,,avalanche_protector,,,False,review_required,"terrain model cannot describe a deck, bore or stacked level; roadway elevation is unknown"
live,osm-way-1445393124-reverse,1445393124,reverse,12,1976445384,1976445422,tertiary,admissible,highway=tertiary cyclable by default,tunnel,,,,,,,asphalt,,,,avalanche_protector,,,False,review_required,"terrain model cannot describe a deck, bore or stacked level; roadway elevation is unknown"
live,osm-way-1445393126-forward,1445393126,forward,5,1976445409,1976445607,tertiary,admissible,highway=tertiary cyclable by default,tunnel,,,,,,,asphalt,,,,avalanche_protector,,,False,review_required,"terrain model cannot describe a deck, bore or stacked level; roadway elevation is unknown"
live,osm-way-1445393126-reverse,1445393126,reverse,5,1976445607,1976445409,tertiary,admissible,highway=tertiary cyclable by default,tunnel,,,,,,,asphalt,,,,avalanche_protector,,,False,review_required,"terrain model cannot describe a deck, bore or stacked level; roadway elevation is unknown"
live,osm-way-1445393128-forward,1445393128,forward,7,1976445695,13261304885,tertiary,admissible,highway=tertiary cyclable by default,tunnel,,,,,,,,,,,avalanche_protector,,,False,review_required,"terrain model cannot describe a deck, bore or stacked level; roadway elevation is unknown"
live,osm-way-1445393128-reverse,1445393128,reverse,7,13261304885,1976445695,tertiary,admissible,highway=tertiary cyclable by default,tunnel,,,,,,,,,,,avalanche_protector,,,False,review_required,"terrain model cannot describe a deck, bore or stacked level; roadway elevation is unknown"
live,osm-way-1453146526-forward,1453146526,forward,2,13326635869,4461010813,secondary,admissible,highway=secondary cyclable by default,stacked,yes,,,,,,asphalt,,,,,,-1,False,review_required,"terrain model cannot describe a deck, bore or stacked level; roadway elevation is unknown"
live,osm-way-1453146528-forward,1453146528,forward,2,4461010815,13326635870,secondary,admissible,highway=secondary cyclable by default,stacked,yes,,,,,,asphalt,,,,,,-1,False,review_required,"terrain model cannot describe a deck, bore or stacked level; roadway elevation is unknown"
live,osm-way-1454958562-forward,1454958562,forward,11,13342981206,13342981381,path,prohibited,bicycle=no,bridge,,,,no,,,wood,,,boardwalk,,,1,False,review_required,"terrain model cannot describe a deck, bore or stacked level; roadway elevation is unknown"
live,osm-way-1454958562-reverse,1454958562,reverse,11,13342981381,13342981206,path,prohibited,bicycle=no,bridge,,,,no,,,wood,,,boardwalk,,,1,False,review_required,"terrain model cannot describe a deck, bore or stacked level; roadway elevation is unknown"
live,osm-way-1454958587-forward,1454958587,forward,2,13342981383,13342981382,cycleway,admissible,bicycle=designated,bridge,yes,,,designated,,,dirt,,,yes,,,1,False,review_required,"terrain model cannot describe a deck, bore or stacked level; roadway elevation is unknown"
live,osm-way-1461323474-forward,1461323474,forward,2,13401825600,2643397638,steps,review,highway=steps carries no bicycle permission,stacked,,,,,,,,,,,,,-1,False,review_required,"terrain model cannot describe a deck, bore or stacked level; roadway elevation is unknown"
live,osm-way-1461323474-reverse,1461323474,reverse,2,2643397638,13401825600,steps,review,highway=steps carries no bicycle permission,stacked,,,,,,,,,,,,,-1,False,review_required,"terrain model cannot describe a deck, bore or stacked level; roadway elevation is unknown"
