scenario,rank,before_distance_m,before_distance_label,before_termination_status,before_termination_detail,before_edges_used,before_net_dz_m,before_elapsed_time_s,before_max_speed_km_h,before_edge_ids,after_distance_m,after_distance_label,after_termination_status,after_termination_detail,after_edges_used,after_net_dz_m,after_elapsed_time_s,after_max_speed_km_h,after_edge_ids
paved_reference,1,4494.8,4494.8 m,physical_stop,speed reached zero and no segment could restart the bicycle,18,-280.3,490.5,55.1,osm-49164994-0-forward;osm-49164994-1-forward;osm-49164994-2-forward;osm-186907705-1-forward;osm-935439941-0-forward;osm-187059537-0-forward;osm-187059537-1-forward;osm-187059537-2-forward;osm-186901645-1-reverse;osm-186901645-0-reverse;osm-186901646-3-reverse;osm-186901646-2-reverse;osm-186901646-1-reverse;osm-186901646-0-reverse;osm-760412724-0-forward;osm-760412724-1-forward;osm-760412724-2-forward;osm-222919304-0-forward,4535.7,4535.7 m,physical_stop,speed reached zero and no segment could restart the bicycle,55,-428.8,447.6,60.1,osm-105307283-2-reverse;osm-105310862-0-forward;osm-105310862-1-forward;osm-119437611-0-forward;osm-264130580-1-forward;osm-264130580-2-forward;osm-724634109-0-forward;osm-724634109-1-forward;osm-724634109-2-forward;osm-724634109-3-forward;osm-724634109-4-forward;osm-724634109-5-forward;osm-1462422580-0-forward;osm-1462422580-1-forward;osm-1462422580-2-forward;osm-264100584-0-forward;osm-264100584-1-forward;osm-264100584-2-forward;osm-28437435-0-forward;osm-1453146526-0-forward;osm-1453146525-0-forward;osm-264130575-0-forward;osm-264130575-1-forward;osm-264130575-2-forward;osm-1315255667-0-forward;osm-1315255667-1-forward;osm-1315255667-2-forward;osm-1462422576-0-forward;osm-1462422576-1-forward;osm-28437433-0-forward;osm-28437433-1-forward;osm-28437433-2-forward;osm-28437433-3-forward;osm-222918432-0-forward;osm-222918432-1-forward;osm-222918432-2-forward;osm-222918432-3-forward;osm-222918432-4-forward;osm-222918432-5-forward;osm-222918432-6-forward;osm-222918432-7-forward;osm-222918432-8-forward;osm-222918432-9-forward;osm-222918432-10-forward;osm-72898374-0-forward;osm-72898374-1-forward;osm-72898374-2-forward;osm-72898374-3-forward;osm-72898374-4-forward;osm-72898374-5-forward;osm-72898374-6-forward;osm-1082369795-0-forward;osm-1082369795-1-forward;osm-1082369795-2-forward;osm-1082369794-0-forward
paved_reference,2,4179.0,4179.0 m,physical_stop,speed reached zero and no segment could restart the bicycle,17,-257.6,450.5,55.1,osm-49164994-0-forward;osm-49164994-1-forward;osm-49164994-2-forward;osm-186907705-1-forward;osm-935439941-0-forward;osm-187059537-0-forward;osm-187059537-1-forward;osm-187059537-2-forward;osm-186901645-1-reverse;osm-186901645-0-reverse;osm-186901646-3-reverse;osm-186901646-2-reverse;osm-186901646-1-reverse;osm-186901646-0-reverse;osm-760412724-0-forward;osm-760412724-1-forward;osm-760412717-0-reverse,4494.8,4494.8 m,physical_stop,speed reached zero and no segment could restart the bicycle,18,-280.3,490.5,55.1,osm-49164994-0-forward;osm-49164994-1-forward;osm-49164994-2-forward;osm-186907705-1-forward;osm-935439941-0-forward;osm-187059537-0-forward;osm-187059537-1-forward;osm-187059537-2-forward;osm-186901645-1-reverse;osm-186901645-0-reverse;osm-186901646-3-reverse;osm-186901646-2-reverse;osm-186901646-1-reverse;osm-186901646-0-reverse;osm-760412724-0-forward;osm-760412724-1-forward;osm-760412724-2-forward;osm-222919304-0-forward
paved_reference,3,3965.1,3965.1 m,physical_stop,speed reached zero and no segment could restart the bicycle,9,-280.3,416.8,55.1,osm-49164994-0-forward;osm-49164994-1-forward;osm-49164994-2-forward;osm-186907705-1-forward;osm-935439941-0-forward;osm-187059537-0-forward;osm-187059537-1-forward;osm-187059537-2-forward;osm-560199122-0-forward,4319.5,4319.5 m,physical_stop,speed reached zero and no segment could restart the bicycle,54,-391.7,443.5,59.3,osm-119437614-0-forward;osm-119437614-1-forward;osm-119437611-0-forward;osm-264130580-1-forward;osm-264130580-2-forward;osm-724634109-0-forward;osm-724634109-1-forward;osm-724634109-2-forward;osm-724634109-3-forward;osm-724634109-4-forward;osm-724634109-5-forward;osm-1462422580-0-forward;osm-1462422580-1-forward;osm-1462422580-2-forward;osm-264100584-0-forward;osm-264100584-1-forward;osm-264100584-2-forward;osm-28437435-0-forward;osm-1453146526-0-forward;osm-1453146525-0-forward;osm-264130575-0-forward;osm-264130575-1-forward;osm-264130575-2-forward;osm-1315255667-0-forward;osm-1315255667-1-forward;osm-1315255667-2-forward;osm-1462422576-0-forward;osm-1462422576-1-forward;osm-28437433-0-forward;osm-28437433-1-forward;osm-28437433-2-forward;osm-28437433-3-forward;osm-222918432-0-forward;osm-222918432-1-forward;osm-222918432-2-forward;osm-222918432-3-forward;osm-222918432-4-forward;osm-222918432-5-forward;osm-222918432-6-forward;osm-222918432-7-forward;osm-222918432-8-forward;osm-222918432-9-forward;osm-222918432-10-forward;osm-72898374-0-forward;osm-72898374-1-forward;osm-72898374-2-forward;osm-72898374-3-forward;osm-72898374-4-forward;osm-72898374-5-forward;osm-72898374-6-forward;osm-1082369795-0-forward;osm-1082369795-1-forward;osm-1082369795-2-forward;osm-1082369794-0-forward
paved_reference,4,3809.8,3809.8 m,physical_stop,speed reached zero and no segment could restart the bicycle,13,-252.6,387.6,55.1,osm-49164999-0-reverse;osm-187059537-1-forward;osm-187059537-2-forward;osm-186901645-1-reverse;osm-186901645-0-reverse;osm-186901646-3-reverse;osm-186901646-2-reverse;osm-186901646-1-reverse;osm-186901646-0-reverse;osm-760412724-0-forward;osm-760412724-1-forward;osm-760412724-2-forward;osm-222919304-0-forward,4277.4,4277.4 m,physical_stop,speed reached zero and no segment could restart the bicycle,53,-385.0,437.7,59.3,osm-119437614-2-reverse;osm-119437611-0-forward;osm-264130580-1-forward;osm-264130580-2-forward;osm-724634109-0-forward;osm-724634109-1-forward;osm-724634109-2-forward;osm-724634109-3-forward;osm-724634109-4-forward;osm-724634109-5-forward;osm-1462422580-0-forward;osm-1462422580-1-forward;osm-1462422580-2-forward;osm-264100584-0-forward;osm-264100584-1-forward;osm-264100584-2-forward;osm-28437435-0-forward;osm-1453146526-0-forward;osm-1453146525-0-forward;osm-264130575-0-forward;osm-264130575-1-forward;osm-264130575-2-forward;osm-1315255667-0-forward;osm-1315255667-1-forward;osm-1315255667-2-forward;osm-1462422576-0-forward;osm-1462422576-1-forward;osm-28437433-0-forward;osm-28437433-1-forward;osm-28437433-2-forward;osm-28437433-3-forward;osm-222918432-0-forward;osm-222918432-1-forward;osm-222918432-2-forward;osm-222918432-3-forward;osm-222918432-4-forward;osm-222918432-5-forward;osm-222918432-6-forward;osm-222918432-7-forward;osm-222918432-8-forward;osm-222918432-9-forward;osm-222918432-10-forward;osm-72898374-0-forward;osm-72898374-1-forward;osm-72898374-2-forward;osm-72898374-3-forward;osm-72898374-4-forward;osm-72898374-5-forward;osm-72898374-6-forward;osm-1082369795-0-forward;osm-1082369795-1-forward;osm-1082369795-2-forward;osm-1082369794-0-forward
paved_reference,5,3679.7,3679.7 m,physical_stop,speed reached zero and no segment could restart the bicycle,17,-233.4,397.9,55.1,osm-1018237136-0-reverse;osm-560199123-2-forward;osm-1354478669-0-forward;osm-935439941-0-forward;osm-187059537-0-forward;osm-187059537-1-forward;osm-187059537-2-forward;osm-186901645-1-reverse;osm-186901645-0-reverse;osm-186901646-3-reverse;osm-186901646-2-reverse;osm-186901646-1-reverse;osm-186901646-0-reverse;osm-760412724-0-forward;osm-760412724-1-forward;osm-760412724-2-forward;osm-222919304-0-forward,4255.7,4255.7 m,physical_stop,speed reached zero and no segment could restart the bicycle,52,-372.5,408.8,60.1,osm-105307283-2-reverse;osm-105310862-0-forward;osm-105310862-1-forward;osm-119437611-0-forward;osm-264130580-1-forward;osm-264130580-2-forward;osm-724634109-0-forward;osm-724634109-1-forward;osm-724634109-2-forward;osm-724634109-3-forward;osm-724634109-4-forward;osm-724634109-5-forward;osm-1462422580-0-forward;osm-1462422580-1-forward;osm-1462422580-2-forward;osm-264100584-0-forward;osm-264100584-1-forward;osm-264100584-2-forward;osm-28437435-0-forward;osm-1453146526-0-forward;osm-1453146525-0-forward;osm-264130575-0-forward;osm-264130575-1-forward;osm-264130575-2-forward;osm-1315255667-0-forward;osm-1315255667-1-forward;osm-1315255667-2-forward;osm-1462422576-0-forward;osm-1462422576-1-forward;osm-28437433-0-forward;osm-28437433-1-forward;osm-28437433-2-forward;osm-28437433-3-forward;osm-222918432-0-forward;osm-222918432-1-forward;osm-222918432-2-forward;osm-222918432-3-forward;osm-222918432-4-forward;osm-222918432-5-forward;osm-222918432-6-forward;osm-222918432-7-forward;osm-222918432-8-forward;osm-222918432-9-forward;osm-222918432-10-forward;osm-72898374-0-forward;osm-72898374-1-forward;osm-72898374-2-forward;osm-72898374-3-forward;osm-72898374-4-forward;osm-72898374-5-forward;osm-72898374-6-forward;osm-457903734-1-reverse
paved_reference,6,3493.9,3493.9 m,physical_stop,speed reached zero and no segment could restart the bicycle,12,-230.0,347.7,55.1,osm-49164999-0-reverse;osm-187059537-1-forward;osm-187059537-2-forward;osm-186901645-1-reverse;osm-186901645-0-reverse;osm-186901646-3-reverse;osm-186901646-2-reverse;osm-186901646-1-reverse;osm-186901646-0-reverse;osm-760412724-0-forward;osm-760412724-1-forward;osm-760412717-0-reverse,4179.0,4179.0 m,physical_stop,speed reached zero and no segment could restart the bicycle,17,-257.6,450.5,55.1,osm-49164994-0-forward;osm-49164994-1-forward;osm-49164994-2-forward;osm-186907705-1-forward;osm-935439941-0-forward;osm-187059537-0-forward;osm-187059537-1-forward;osm-187059537-2-forward;osm-186901645-1-reverse;osm-186901645-0-reverse;osm-186901646-3-reverse;osm-186901646-2-reverse;osm-186901646-1-reverse;osm-186901646-0-reverse;osm-760412724-0-forward;osm-760412724-1-forward;osm-760412717-0-reverse
paved_reference,7,3363.8,3363.8 m,physical_stop,speed reached zero and no segment could restart the bicycle,16,-210.8,358.0,55.1,osm-1018237136-0-reverse;osm-560199123-2-forward;osm-1354478669-0-forward;osm-935439941-0-forward;osm-187059537-0-forward;osm-187059537-1-forward;osm-187059537-2-forward;osm-186901645-1-reverse;osm-186901645-0-reverse;osm-186901646-3-reverse;osm-186901646-2-reverse;osm-186901646-1-reverse;osm-186901646-0-reverse;osm-760412724-0-forward;osm-760412724-1-forward;osm-760412717-0-reverse,4039.4,4039.4 m,physical_stop,speed reached zero and no segment could restart the bicycle,51,-335.4,404.7,59.3,osm-119437614-0-forward;osm-119437614-1-forward;osm-119437611-0-forward;osm-264130580-1-forward;osm-264130580-2-forward;osm-724634109-0-forward;osm-724634109-1-forward;osm-724634109-2-forward;osm-724634109-3-forward;osm-724634109-4-forward;osm-724634109-5-forward;osm-1462422580-0-forward;osm-1462422580-1-forward;osm-1462422580-2-forward;osm-264100584-0-forward;osm-264100584-1-forward;osm-264100584-2-forward;osm-28437435-0-forward;osm-1453146526-0-forward;osm-1453146525-0-forward;osm-264130575-0-forward;osm-264130575-1-forward;osm-264130575-2-forward;osm-1315255667-0-forward;osm-1315255667-1-forward;osm-1315255667-2-forward;osm-1462422576-0-forward;osm-1462422576-1-forward;osm-28437433-0-forward;osm-28437433-1-forward;osm-28437433-2-forward;osm-28437433-3-forward;osm-222918432-0-forward;osm-222918432-1-forward;osm-222918432-2-forward;osm-222918432-3-forward;osm-222918432-4-forward;osm-222918432-5-forward;osm-222918432-6-forward;osm-222918432-7-forward;osm-222918432-8-forward;osm-222918432-9-forward;osm-222918432-10-forward;osm-72898374-0-forward;osm-72898374-1-forward;osm-72898374-2-forward;osm-72898374-3-forward;osm-72898374-4-forward;osm-72898374-5-forward;osm-72898374-6-forward;osm-457903734-1-reverse
paved_reference,8,3280.1,3280.1 m,physical_stop,speed reached zero and no segment could restart the bicycle,4,-252.6,313.9,55.1,osm-49164999-0-reverse;osm-187059537-1-forward;osm-187059537-2-forward;osm-560199122-0-forward,3997.4,3997.4 m,physical_stop,speed reached zero and no segment could restart the bicycle,50,-328.6,398.9,59.3,osm-119437614-2-reverse;osm-119437611-0-forward;osm-264130580-1-forward;osm-264130580-2-forward;osm-724634109-0-forward;osm-724634109-1-forward;osm-724634109-2-forward;osm-724634109-3-forward;osm-724634109-4-forward;osm-724634109-5-forward;osm-1462422580-0-forward;osm-1462422580-1-forward;osm-1462422580-2-forward;osm-264100584-0-forward;osm-264100584-1-forward;osm-264100584-2-forward;osm-28437435-0-forward;osm-1453146526-0-forward;osm-1453146525-0-forward;osm-264130575-0-forward;osm-264130575-1-forward;osm-264130575-2-forward;osm-1315255667-0-forward;osm-1315255667-1-forward;osm-1315255667-2-forward;osm-1462422576-0-forward;osm-1462422576-1-forward;osm-28437433-0-forward;osm-28437433-1-forward;osm-28437433-2-forward;osm-28437433-3-forward;osm-222918432-0-forward;osm-222918432-1-forward;osm-222918432-2-forward;osm-222918432-3-forward;osm-222918432-4-forward;osm-222918432-5-forward;osm-222918432-6-forward;osm-222918432-7-forward;osm-222918432-8-forward;osm-222918432-9-forward;osm-222918432-10-forward;osm-72898374-0-forward;osm-72898374-1-forward;osm-72898374-2-forward;osm-72898374-3-forward;osm-72898374-4-forward;osm-72898374-5-forward;osm-72898374-6-forward;osm-457903734-1-reverse
paved_reference,9,3149.9,3149.9 m,physical_stop,speed reached zero and no segment could restart the bicycle,8,-233.4,324.2,55.1,osm-1018237136-0-reverse;osm-560199123-2-forward;osm-1354478669-0-forward;osm-935439941-0-forward;osm-187059537-0-forward;osm-187059537-1-forward;osm-187059537-2-forward;osm-560199122-0-forward,3984.5,3984.5 m,physical_stop,speed reached zero and no segment could restart the bicycle,47,-362.4,414.8,67.7,osm-105500354-0-forward;osm-1010059118-0-forward;osm-105500342-0-reverse;osm-724634109-5-forward;osm-1462422580-0-forward;osm-1462422580-1-forward;osm-1462422580-2-forward;osm-264100584-0-forward;osm-264100584-1-forward;osm-264100584-2-forward;osm-28437435-0-forward;osm-1453146526-0-forward;osm-1453146525-0-forward;osm-264130575-0-forward;osm-264130575-1-forward;osm-264130575-2-forward;osm-1315255667-0-forward;osm-1315255667-1-forward;osm-1315255667-2-forward;osm-1462422576-0-forward;osm-1462422576-1-forward;osm-28437433-0-forward;osm-28437433-1-forward;osm-28437433-2-forward;osm-28437433-3-forward;osm-222918432-0-forward;osm-222918432-1-forward;osm-222918432-2-forward;osm-222918432-3-forward;osm-222918432-4-forward;osm-222918432-5-forward;osm-222918432-6-forward;osm-222918432-7-forward;osm-222918432-8-forward;osm-222918432-9-forward;osm-222918432-10-forward;osm-72898374-0-forward;osm-72898374-1-forward;osm-72898374-2-forward;osm-72898374-3-forward;osm-72898374-4-forward;osm-72898374-5-forward;osm-72898374-6-forward;osm-1082369795-0-forward;osm-1082369795-1-forward;osm-1082369795-2-forward;osm-1082369794-0-forward
paved_reference,10,2798.0,2798.0 m,physical_stop,speed reached zero and no segment could restart the bicycle,2,-197.0,284.3,55.5,osm-39182590-0-reverse;osm-222916418-0-reverse,3965.1,3965.1 m,physical_stop,speed reached zero and no segment could restart the bicycle,9,-280.3,416.8,55.1,osm-49164994-0-forward;osm-49164994-1-forward;osm-49164994-2-forward;osm-186907705-1-forward;osm-935439941-0-forward;osm-187059537-0-forward;osm-187059537-1-forward;osm-187059537-2-forward;osm-560199122-0-forward
paved_reference,11,2700.8,>= 2700.8 m,model_gap,road continues at node 10922677832 but no admitted edge is simulable there (1 candidate(s) carry no usable profile),19,-248.2,272.5,63.6,osm-1082733498-2-forward;osm-1082749713-0-forward;osm-1082749713-1-forward;osm-1082749713-2-forward;osm-1082749713-3-forward;osm-1082749716-0-forward;osm-1082749715-0-forward;osm-1082749715-1-forward;osm-1082749715-2-forward;osm-1082749715-3-forward;osm-1082749715-4-forward;osm-1082749714-0-forward;osm-1082749720-1-reverse;osm-1082749720-0-reverse;osm-1082749721-0-forward;osm-236754704-0-forward;osm-236754704-1-forward;osm-236754704-2-forward;osm-236754704-3-forward,3856.8,3856.8 m,physical_stop,speed reached zero and no segment could restart the bicycle,34,-343.5,356.8,60.1,osm-105307283-2-reverse;osm-105310862-0-forward;osm-105310862-1-forward;osm-119437611-0-forward;osm-264130580-1-forward;osm-264130580-2-forward;osm-724634109-0-forward;osm-724634109-1-forward;osm-724634109-2-forward;osm-724634109-3-forward;osm-724634109-4-forward;osm-724634109-5-forward;osm-1462422580-0-forward;osm-1462422580-1-forward;osm-1462422580-2-forward;osm-264100584-0-forward;osm-264100584-1-forward;osm-264100584-2-forward;osm-28437435-0-forward;osm-1453146526-0-forward;osm-1453146525-0-forward;osm-264130575-0-forward;osm-264130575-1-forward;osm-264130575-2-forward;osm-1315255667-0-forward;osm-1315255667-1-forward;osm-1315255667-2-forward;osm-1462422576-0-forward;osm-1462422576-1-forward;osm-28437433-0-forward;osm-28437433-1-forward;osm-28437433-2-forward;osm-28437433-3-forward;osm-1249687718-0-forward
paved_reference,12,2642.0,>= 2642.0 m,model_gap,OSM way(s) 404715675 still run through node 1976445610; the pipeline admitted no edge for them,13,-215.2,271.1,68.9,osm-483124975-0-reverse;osm-232729093-2-forward;osm-1093032921-0-forward;osm-1093032922-0-forward;osm-1093032929-1-forward;osm-1093032929-2-forward;osm-1093032928-0-forward;osm-1093032928-1-forward;osm-1148550235-0-forward;osm-1148550235-1-forward;osm-1148550235-2-forward;osm-1148550234-0-forward;osm-187058987-0-forward,3809.8,3809.8 m,physical_stop,speed reached zero and no segment could restart the bicycle,13,-252.6,387.6,55.1,osm-49164999-0-reverse;osm-187059537-1-forward;osm-187059537-2-forward;osm-186901645-1-reverse;osm-186901645-0-reverse;osm-186901646-3-reverse;osm-186901646-2-reverse;osm-186901646-1-reverse;osm-186901646-0-reverse;osm-760412724-0-forward;osm-760412724-1-forward;osm-760412724-2-forward;osm-222919304-0-forward
paved_reference,13,2622.3,>= 2622.3 m,model_gap,OSM way(s) 236712770 still run through node 2447015715; the pipeline admitted no edge for them,8,-260.6,239.1,58.3,osm-1408117697-0-forward;osm-1093032931-0-forward;osm-1408117701-0-forward;osm-1408117702-0-forward;osm-1408117698-0-forward;osm-1462422581-0-forward;osm-1408117700-0-forward;osm-184567301-0-forward,3704.5,3704.5 m,physical_stop,speed reached zero and no segment could restart the bicycle,44,-306.0,376.0,67.7,osm-105500354-0-forward;osm-1010059118-0-forward;osm-105500342-0-reverse;osm-724634109-5-forward;osm-1462422580-0-forward;osm-1462422580-1-forward;osm-1462422580-2-forward;osm-264100584-0-forward;osm-264100584-1-forward;osm-264100584-2-forward;osm-28437435-0-forward;osm-1453146526-0-forward;osm-1453146525-0-forward;osm-264130575-0-forward;osm-264130575-1-forward;osm-264130575-2-forward;osm-1315255667-0-forward;osm-1315255667-1-forward;osm-1315255667-2-forward;osm-1462422576-0-forward;osm-1462422576-1-forward;osm-28437433-0-forward;osm-28437433-1-forward;osm-28437433-2-forward;osm-28437433-3-forward;osm-222918432-0-forward;osm-222918432-1-forward;osm-222918432-2-forward;osm-222918432-3-forward;osm-222918432-4-forward;osm-222918432-5-forward;osm-222918432-6-forward;osm-222918432-7-forward;osm-222918432-8-forward;osm-222918432-9-forward;osm-222918432-10-forward;osm-72898374-0-forward;osm-72898374-1-forward;osm-72898374-2-forward;osm-72898374-3-forward;osm-72898374-4-forward;osm-72898374-5-forward;osm-72898374-6-forward;osm-457903734-1-reverse
paved_reference,14,2587.5,2587.5 m,physical_stop,speed reached zero and no segment could restart the bicycle,7,-186.1,301.2,51.8,osm-132974155-0-reverse;osm-224234410-0-forward;osm-359882603-0-forward;osm-232744091-0-forward;osm-1444245431-0-forward;osm-219661707-0-forward;osm-224234409-0-forward,3679.7,3679.7 m,physical_stop,speed reached zero and no segment could restart the bicycle,17,-233.4,397.9,55.1,osm-1018237136-0-reverse;osm-560199123-2-forward;osm-1354478669-0-forward;osm-935439941-0-forward;osm-187059537-0-forward;osm-187059537-1-forward;osm-187059537-2-forward;osm-186901645-1-reverse;osm-186901645-0-reverse;osm-186901646-3-reverse;osm-186901646-2-reverse;osm-186901646-1-reverse;osm-186901646-0-reverse;osm-760412724-0-forward;osm-760412724-1-forward;osm-760412724-2-forward;osm-222919304-0-forward
paved_reference,15,2558.0,>= 2558.0 m,model_gap,OSM way(s) 404715675 still run through node 1976445610; the pipeline admitted no edge for them,13,-214.6,257.5,68.9,osm-232729093-1-forward;osm-232729093-2-forward;osm-1093032921-0-forward;osm-1093032922-0-forward;osm-1093032929-1-forward;osm-1093032929-2-forward;osm-1093032928-0-forward;osm-1093032928-1-forward;osm-1148550235-0-forward;osm-1148550235-1-forward;osm-1148550235-2-forward;osm-1148550234-0-forward;osm-187058987-0-forward,3640.5,3640.5 m,physical_stop,speed reached zero and no segment could restart the bicycle,33,-306.4,352.7,59.3,osm-119437614-0-forward;osm-119437614-1-forward;osm-119437611-0-forward;osm-264130580-1-forward;osm-264130580-2-forward;osm-724634109-0-forward;osm-724634109-1-forward;osm-724634109-2-forward;osm-724634109-3-forward;osm-724634109-4-forward;osm-724634109-5-forward;osm-1462422580-0-forward;osm-1462422580-1-forward;osm-1462422580-2-forward;osm-264100584-0-forward;osm-264100584-1-forward;osm-264100584-2-forward;osm-28437435-0-forward;osm-1453146526-0-forward;osm-1453146525-0-forward;osm-264130575-0-forward;osm-264130575-1-forward;osm-264130575-2-forward;osm-1315255667-0-forward;osm-1315255667-1-forward;osm-1315255667-2-forward;osm-1462422576-0-forward;osm-1462422576-1-forward;osm-28437433-0-forward;osm-28437433-1-forward;osm-28437433-2-forward;osm-28437433-3-forward;osm-1249687718-0-forward
paved_reference,16,2373.2,>= 2373.2 m,model_gap,OSM way(s) 1453146526 still run through node 13326635869; the pipeline admitted no edge for them,19,-227.9,220.0,60.1,osm-105307283-2-reverse;osm-105310862-0-forward;osm-105310862-1-forward;osm-119437611-0-forward;osm-264130580-1-forward;osm-264130580-2-forward;osm-724634109-0-forward;osm-724634109-1-forward;osm-724634109-2-forward;osm-724634109-3-forward;osm-724634109-4-forward;osm-724634109-5-forward;osm-1462422580-0-forward;osm-1462422580-1-forward;osm-1462422580-2-forward;osm-264100584-0-forward;osm-264100584-1-forward;osm-264100584-2-forward;osm-28437435-0-forward,3598.5,3598.5 m,physical_stop,speed reached zero and no segment could restart the bicycle,32,-299.6,346.9,59.3,osm-119437614-2-reverse;osm-119437611-0-forward;osm-264130580-1-forward;osm-264130580-2-forward;osm-724634109-0-forward;osm-724634109-1-forward;osm-724634109-2-forward;osm-724634109-3-forward;osm-724634109-4-forward;osm-724634109-5-forward;osm-1462422580-0-forward;osm-1462422580-1-forward;osm-1462422580-2-forward;osm-264100584-0-forward;osm-264100584-1-forward;osm-264100584-2-forward;osm-28437435-0-forward;osm-1453146526-0-forward;osm-1453146525-0-forward;osm-264130575-0-forward;osm-264130575-1-forward;osm-264130575-2-forward;osm-1315255667-0-forward;osm-1315255667-1-forward;osm-1315255667-2-forward;osm-1462422576-0-forward;osm-1462422576-1-forward;osm-28437433-0-forward;osm-28437433-1-forward;osm-28437433-2-forward;osm-28437433-3-forward;osm-1249687718-0-forward
paved_reference,17,2347.8,>= 2347.8 m,model_gap,OSM way(s) 404715675 still run through node 1976445610; the pipeline admitted no edge for them,10,-200.2,221.2,68.9,osm-1093032929-0-forward;osm-1093032929-1-forward;osm-1093032929-2-forward;osm-1093032928-0-forward;osm-1093032928-1-forward;osm-1148550235-0-forward;osm-1148550235-1-forward;osm-1148550235-2-forward;osm-1148550234-0-forward;osm-187058987-0-forward,3493.9,3493.9 m,physical_stop,speed reached zero and no segment could restart the bicycle,12,-230.0,347.7,55.1,osm-49164999-0-reverse;osm-187059537-1-forward;osm-187059537-2-forward;osm-186901645-1-reverse;osm-186901645-0-reverse;osm-186901646-3-reverse;osm-186901646-2-reverse;osm-186901646-1-reverse;osm-186901646-0-reverse;osm-760412724-0-forward;osm-760412724-1-forward;osm-760412717-0-reverse
paved_reference,18,2296.4,2296.4 m,physical_stop,speed reached zero and no segment could restart the bicycle,14,-162.4,235.9,63.6,osm-1082733498-2-forward;osm-1082749713-0-forward;osm-1082749713-1-forward;osm-1082749713-2-forward;osm-1082749713-3-forward;osm-1082749716-0-forward;osm-1082749715-0-forward;osm-1082749715-1-forward;osm-1082749715-2-forward;osm-1082749715-3-forward;osm-1082749715-4-forward;osm-1082749714-0-forward;osm-1082749717-0-forward;osm-97976238-0-forward,3363.8,3363.8 m,physical_stop,speed reached zero and no segment could restart the bicycle,16,-210.8,358.0,55.1,osm-1018237136-0-reverse;osm-560199123-2-forward;osm-1354478669-0-forward;osm-935439941-0-forward;osm-187059537-0-forward;osm-187059537-1-forward;osm-187059537-2-forward;osm-186901645-1-reverse;osm-186901645-0-reverse;osm-186901646-3-reverse;osm-186901646-2-reverse;osm-186901646-1-reverse;osm-186901646-0-reverse;osm-760412724-0-forward;osm-760412724-1-forward;osm-760412717-0-reverse
paved_reference,19,2278.2,2278.2 m,physical_stop,speed reached zero and no segment could restart the bicycle,31,-99.3,315.6,47.2,osm-905944752-0-forward;osm-234171512-0-forward;osm-40188688-0-forward;osm-222918435-0-forward;osm-1306494913-0-forward;osm-1306494907-0-forward;osm-264100535-0-forward;osm-264100535-1-forward;osm-264100535-2-forward;osm-264100535-3-forward;osm-264100535-4-forward;osm-264100535-5-forward;osm-264100535-6-forward;osm-264100533-0-forward;osm-1040486385-0-forward;osm-1040486390-0-forward;osm-28476170-1-reverse;osm-91229843-6-reverse;osm-1054770671-0-forward;osm-1054770671-1-forward;osm-28476168-2-forward;osm-28476168-3-forward;osm-28476168-4-forward;osm-119740916-0-forward;osm-119740916-1-forward;osm-28429105-0-forward;osm-1054770672-0-forward;osm-28429107-0-forward;osm-28429107-1-forward;osm-76178976-0-forward;osm-105307283-0-forward,3305.5,3305.5 m,physical_stop,speed reached zero and no segment could restart the bicycle,26,-277.0,324.6,67.7,osm-105500354-0-forward;osm-1010059118-0-forward;osm-105500342-0-reverse;osm-724634109-5-forward;osm-1462422580-0-forward;osm-1462422580-1-forward;osm-1462422580-2-forward;osm-264100584-0-forward;osm-264100584-1-forward;osm-264100584-2-forward;osm-28437435-0-forward;osm-1453146526-0-forward;osm-1453146525-0-forward;osm-264130575-0-forward;osm-264130575-1-forward;osm-264130575-2-forward;osm-1315255667-0-forward;osm-1315255667-1-forward;osm-1315255667-2-forward;osm-1462422576-0-forward;osm-1462422576-1-forward;osm-28437433-0-forward;osm-28437433-1-forward;osm-28437433-2-forward;osm-28437433-3-forward;osm-1249687718-0-forward
paved_reference,20,2236.4,>= 2236.4 m,model_gap,OSM way(s) 1112039601 still run through node 1342094390; the pipeline admitted no edge for them,33,-129.7,285.6,51.7,osm-905944752-0-forward;osm-234171512-0-forward;osm-40188688-0-forward;osm-222918435-0-forward;osm-1306494913-0-forward;osm-1306494907-0-forward;osm-264100535-0-forward;osm-264100535-1-forward;osm-264100535-2-forward;osm-264100535-3-forward;osm-264100535-4-forward;osm-264100535-5-forward;osm-264100535-6-forward;osm-264100533-0-forward;osm-1040486385-0-forward;osm-1040486390-0-forward;osm-28476170-1-reverse;osm-91229843-6-reverse;osm-1054770671-0-forward;osm-1054770671-1-forward;osm-28476168-2-forward;osm-28476168-3-forward;osm-28476168-4-forward;osm-119740916-0-forward;osm-119740916-1-forward;osm-28429105-0-forward;osm-1054770672-0-forward;osm-28429107-0-forward;osm-28429107-1-forward;osm-28429107-2-forward;osm-28429107-3-forward;osm-28429107-4-forward;osm-28429107-5-forward,3280.1,3280.1 m,physical_stop,speed reached zero and no segment could restart the bicycle,4,-252.6,313.9,55.1,osm-49164999-0-reverse;osm-187059537-1-forward;osm-187059537-2-forward;osm-560199122-0-forward
reference_vtc,1,6291.2,>= 6291.2 m,model_gap,OSM way(s) 1453146526 still run through node 13326635869; the pipeline admitted no edge for them,61,-443.3,710.7,68.3,osm-905950459-0-forward;osm-905950459-1-forward;osm-905944758-0-forward;osm-1082699911-0-forward;osm-905944753-0-forward;osm-905944752-0-forward;osm-234171512-0-forward;osm-40188688-0-forward;osm-222918435-0-forward;osm-1306494913-0-forward;osm-1306494907-0-forward;osm-264100535-0-forward;osm-264100535-1-forward;osm-264100535-2-forward;osm-264100535-3-forward;osm-264100535-4-forward;osm-264100535-5-forward;osm-264100535-6-forward;osm-264100533-0-forward;osm-1040486385-0-forward;osm-1040486390-0-forward;osm-28476170-1-reverse;osm-91229843-6-reverse;osm-1054770671-0-forward;osm-1054770671-1-forward;osm-28476168-2-forward;osm-28476168-3-forward;osm-28476168-4-forward;osm-119740916-0-forward;osm-119740916-1-forward;osm-28429105-0-forward;osm-1054770672-0-forward;osm-28429107-0-forward;osm-28429107-1-forward;osm-28429107-2-forward;osm-28429107-3-forward;osm-28429107-4-forward;osm-28429107-5-forward;osm-1112039601-0-forward;osm-119437608-0-forward;osm-724628366-0-forward;osm-264130580-0-forward;osm-93964270-0-forward;osm-105506488-2-reverse;osm-105506488-1-reverse;osm-93964252-1-reverse;osm-93964252-0-reverse;osm-1054770663-0-forward;osm-1054770667-0-forward;osm-264100532-0-forward;osm-105500354-0-forward;osm-1010059118-0-forward;osm-105500342-0-reverse;osm-724634109-5-forward;osm-1462422580-0-forward;osm-1462422580-1-forward;osm-1462422580-2-forward;osm-264100584-0-forward;osm-264100584-1-forward;osm-264100584-2-forward;osm-28437435-0-forward,8453.8,8453.8 m,physical_stop,speed reached zero and no segment could restart the bicycle,97,-644.2,938.3,68.3,osm-905950459-0-forward;osm-905950459-1-forward;osm-905944758-0-forward;osm-1082699911-0-forward;osm-905944753-0-forward;osm-905944752-0-forward;osm-234171512-0-forward;osm-40188688-0-forward;osm-222918435-0-forward;osm-1306494913-0-forward;osm-1306494907-0-forward;osm-264100535-0-forward;osm-264100535-1-forward;osm-264100535-2-forward;osm-264100535-3-forward;osm-264100535-4-forward;osm-264100535-5-forward;osm-264100535-6-forward;osm-264100533-0-forward;osm-1040486385-0-forward;osm-1040486390-0-forward;osm-28476170-1-reverse;osm-91229843-6-reverse;osm-1054770671-0-forward;osm-1054770671-1-forward;osm-28476168-2-forward;osm-28476168-3-forward;osm-28476168-4-forward;osm-119740916-0-forward;osm-119740916-1-forward;osm-28429105-0-forward;osm-1054770672-0-forward;osm-28429107-0-forward;osm-28429107-1-forward;osm-28429107-2-forward;osm-28429107-3-forward;osm-28429107-4-forward;osm-28429107-5-forward;osm-1112039601-0-forward;osm-119437608-0-forward;osm-724628366-0-forward;osm-264130580-0-forward;osm-93964270-0-forward;osm-105506488-2-reverse;osm-105506488-1-reverse;osm-93964252-1-reverse;osm-93964252-0-reverse;osm-1054770663-0-forward;osm-1054770667-0-forward;osm-264100532-0-forward;osm-105500354-0-forward;osm-1010059118-0-forward;osm-105500342-0-reverse;osm-724634109-5-forward;osm-1462422580-0-forward;osm-1462422580-1-forward;osm-1462422580-2-forward;osm-264100584-0-forward;osm-264100584-1-forward;osm-264100584-2-forward;osm-28437435-0-forward;osm-1453146526-0-forward;osm-1453146525-0-forward;osm-264130575-0-forward;osm-264130575-1-forward;osm-264130575-2-forward;osm-1315255667-0-forward;osm-1315255667-1-forward;osm-1315255667-2-forward;osm-1462422576-0-forward;osm-1462422576-1-forward;osm-28437433-0-forward;osm-28437433-1-forward;osm-28437433-2-forward;osm-28437433-3-forward;osm-222918432-0-forward;osm-222918432-1-forward;osm-222918432-2-forward;osm-222918432-3-forward;osm-222918432-4-forward;osm-222918432-5-forward;osm-222918432-6-forward;osm-222918432-7-forward;osm-222918432-8-forward;osm-222918432-9-forward;osm-222918432-10-forward;osm-72898374-0-forward;osm-72898374-1-forward;osm-72898374-2-forward;osm-72898374-3-forward;osm-72898374-4-forward;osm-72898374-5-forward;osm-72898374-6-forward;osm-1082369795-0-forward;osm-1082369795-1-forward;osm-1082369795-2-forward;osm-1082369794-0-forward
reference_vtc,2,6253.6,>= 6253.6 m,model_gap,OSM way(s) 1453146526 still run through node 13326635869; the pipeline admitted no edge for them,57,-443.3,685.0,56.9,osm-905950459-0-forward;osm-905950459-1-forward;osm-905944758-0-forward;osm-1082699911-0-forward;osm-905944753-0-forward;osm-905944752-0-forward;osm-234171512-0-forward;osm-40188688-0-forward;osm-222918435-0-forward;osm-1306494913-0-forward;osm-1306494907-0-forward;osm-264100535-0-forward;osm-264100535-1-forward;osm-264100535-2-forward;osm-264100535-3-forward;osm-264100535-4-forward;osm-264100535-5-forward;osm-264100535-6-forward;osm-264100533-0-forward;osm-1040486385-0-forward;osm-1040486390-0-forward;osm-28476170-1-reverse;osm-91229843-6-reverse;osm-1054770671-0-forward;osm-1054770671-1-forward;osm-28476168-2-forward;osm-28476168-3-forward;osm-28476168-4-forward;osm-119740916-0-forward;osm-119740916-1-forward;osm-28429105-0-forward;osm-1054770672-0-forward;osm-28429107-0-forward;osm-28429107-1-forward;osm-28429107-2-forward;osm-28429107-3-forward;osm-28429107-4-forward;osm-28429107-5-forward;osm-1112039601-0-forward;osm-119437608-0-forward;osm-724628366-0-forward;osm-264130580-0-forward;osm-264130580-1-forward;osm-264130580-2-forward;osm-724634109-0-forward;osm-724634109-1-forward;osm-724634109-2-forward;osm-724634109-3-forward;osm-724634109-4-forward;osm-724634109-5-forward;osm-1462422580-0-forward;osm-1462422580-1-forward;osm-1462422580-2-forward;osm-264100584-0-forward;osm-264100584-1-forward;osm-264100584-2-forward;osm-28437435-0-forward,8416.2,8416.2 m,physical_stop,speed reached zero and no segment could restart the bicycle,93,-644.2,912.6,59.3,osm-905950459-0-forward;osm-905950459-1-forward;osm-905944758-0-forward;osm-1082699911-0-forward;osm-905944753-0-forward;osm-905944752-0-forward;osm-234171512-0-forward;osm-40188688-0-forward;osm-222918435-0-forward;osm-1306494913-0-forward;osm-1306494907-0-forward;osm-264100535-0-forward;osm-264100535-1-forward;osm-264100535-2-forward;osm-264100535-3-forward;osm-264100535-4-forward;osm-264100535-5-forward;osm-264100535-6-forward;osm-264100533-0-forward;osm-1040486385-0-forward;osm-1040486390-0-forward;osm-28476170-1-reverse;osm-91229843-6-reverse;osm-1054770671-0-forward;osm-1054770671-1-forward;osm-28476168-2-forward;osm-28476168-3-forward;osm-28476168-4-forward;osm-119740916-0-forward;osm-119740916-1-forward;osm-28429105-0-forward;osm-1054770672-0-forward;osm-28429107-0-forward;osm-28429107-1-forward;osm-28429107-2-forward;osm-28429107-3-forward;osm-28429107-4-forward;osm-28429107-5-forward;osm-1112039601-0-forward;osm-119437608-0-forward;osm-724628366-0-forward;osm-264130580-0-forward;osm-264130580-1-forward;osm-264130580-2-forward;osm-724634109-0-forward;osm-724634109-1-forward;osm-724634109-2-forward;osm-724634109-3-forward;osm-724634109-4-forward;osm-724634109-5-forward;osm-1462422580-0-forward;osm-1462422580-1-forward;osm-1462422580-2-forward;osm-264100584-0-forward;osm-264100584-1-forward;osm-264100584-2-forward;osm-28437435-0-forward;osm-1453146526-0-forward;osm-1453146525-0-forward;osm-264130575-0-forward;osm-264130575-1-forward;osm-264130575-2-forward;osm-1315255667-0-forward;osm-1315255667-1-forward;osm-1315255667-2-forward;osm-1462422576-0-forward;osm-1462422576-1-forward;osm-28437433-0-forward;osm-28437433-1-forward;osm-28437433-2-forward;osm-28437433-3-forward;osm-222918432-0-forward;osm-222918432-1-forward;osm-222918432-2-forward;osm-222918432-3-forward;osm-222918432-4-forward;osm-222918432-5-forward;osm-222918432-6-forward;osm-222918432-7-forward;osm-222918432-8-forward;osm-222918432-9-forward;osm-222918432-10-forward;osm-72898374-0-forward;osm-72898374-1-forward;osm-72898374-2-forward;osm-72898374-3-forward;osm-72898374-4-forward;osm-72898374-5-forward;osm-72898374-6-forward;osm-1082369795-0-forward;osm-1082369795-1-forward;osm-1082369795-2-forward;osm-1082369794-0-forward
reference_vtc,3,6174.7,>= 6174.7 m,model_gap,OSM way(s) 1453146526 still run through node 13326635869; the pipeline admitted no edge for them,60,-443.3,686.3,68.3,osm-905950459-0-forward;osm-905950459-1-forward;osm-905944758-0-forward;osm-1082699911-0-forward;osm-905944753-0-forward;osm-905944752-0-forward;osm-234171512-0-forward;osm-40188688-0-forward;osm-222918435-0-forward;osm-1306494913-0-forward;osm-1306494907-0-forward;osm-264100535-0-forward;osm-264100535-1-forward;osm-264100535-2-forward;osm-264100535-3-forward;osm-264100535-4-forward;osm-264100535-5-forward;osm-264100535-6-forward;osm-264100533-0-forward;osm-1040486385-0-forward;osm-1040486390-0-forward;osm-28476170-1-reverse;osm-91229843-6-reverse;osm-1054770671-0-forward;osm-1054770671-1-forward;osm-28476168-2-forward;osm-28476168-3-forward;osm-28476168-4-forward;osm-119740916-0-forward;osm-119740916-1-forward;osm-28429105-0-forward;osm-1054770672-0-forward;osm-28429107-0-forward;osm-28429107-1-forward;osm-28429107-2-forward;osm-28429107-3-forward;osm-28429107-4-forward;osm-28429107-5-forward;osm-1112039601-0-forward;osm-119437608-0-forward;osm-47637754-0-forward;osm-264100596-0-forward;osm-105500336-3-reverse;osm-105506488-0-forward;osm-93964252-1-reverse;osm-93964252-0-reverse;osm-1054770663-0-forward;osm-1054770667-0-forward;osm-264100532-0-forward;osm-105500354-0-forward;osm-1010059118-0-forward;osm-105500342-0-reverse;osm-724634109-5-forward;osm-1462422580-0-forward;osm-1462422580-1-forward;osm-1462422580-2-forward;osm-264100584-0-forward;osm-264100584-1-forward;osm-264100584-2-forward;osm-28437435-0-forward,8337.3,8337.3 m,physical_stop,speed reached zero and no segment could restart the bicycle,96,-644.2,913.9,68.3,osm-905950459-0-forward;osm-905950459-1-forward;osm-905944758-0-forward;osm-1082699911-0-forward;osm-905944753-0-forward;osm-905944752-0-forward;osm-234171512-0-forward;osm-40188688-0-forward;osm-222918435-0-forward;osm-1306494913-0-forward;osm-1306494907-0-forward;osm-264100535-0-forward;osm-264100535-1-forward;osm-264100535-2-forward;osm-264100535-3-forward;osm-264100535-4-forward;osm-264100535-5-forward;osm-264100535-6-forward;osm-264100533-0-forward;osm-1040486385-0-forward;osm-1040486390-0-forward;osm-28476170-1-reverse;osm-91229843-6-reverse;osm-1054770671-0-forward;osm-1054770671-1-forward;osm-28476168-2-forward;osm-28476168-3-forward;osm-28476168-4-forward;osm-119740916-0-forward;osm-119740916-1-forward;osm-28429105-0-forward;osm-1054770672-0-forward;osm-28429107-0-forward;osm-28429107-1-forward;osm-28429107-2-forward;osm-28429107-3-forward;osm-28429107-4-forward;osm-28429107-5-forward;osm-1112039601-0-forward;osm-119437608-0-forward;osm-47637754-0-forward;osm-264100596-0-forward;osm-105500336-3-reverse;osm-105506488-0-forward;osm-93964252-1-reverse;osm-93964252-0-reverse;osm-1054770663-0-forward;osm-1054770667-0-forward;osm-264100532-0-forward;osm-105500354-0-forward;osm-1010059118-0-forward;osm-105500342-0-reverse;osm-724634109-5-forward;osm-1462422580-0-forward;osm-1462422580-1-forward;osm-1462422580-2-forward;osm-264100584-0-forward;osm-264100584-1-forward;osm-264100584-2-forward;osm-28437435-0-forward;osm-1453146526-0-forward;osm-1453146525-0-forward;osm-264130575-0-forward;osm-264130575-1-forward;osm-264130575-2-forward;osm-1315255667-0-forward;osm-1315255667-1-forward;osm-1315255667-2-forward;osm-1462422576-0-forward;osm-1462422576-1-forward;osm-28437433-0-forward;osm-28437433-1-forward;osm-28437433-2-forward;osm-28437433-3-forward;osm-222918432-0-forward;osm-222918432-1-forward;osm-222918432-2-forward;osm-222918432-3-forward;osm-222918432-4-forward;osm-222918432-5-forward;osm-222918432-6-forward;osm-222918432-7-forward;osm-222918432-8-forward;osm-222918432-9-forward;osm-222918432-10-forward;osm-72898374-0-forward;osm-72898374-1-forward;osm-72898374-2-forward;osm-72898374-3-forward;osm-72898374-4-forward;osm-72898374-5-forward;osm-72898374-6-forward;osm-1082369795-0-forward;osm-1082369795-1-forward;osm-1082369795-2-forward;osm-1082369794-0-forward
reference_vtc,4,6159.2,>= 6159.2 m,model_gap,OSM way(s) 1453146526 still run through node 13326635869; the pipeline admitted no edge for them,59,-443.3,683.0,68.3,osm-905950459-0-forward;osm-905950459-1-forward;osm-905944758-0-forward;osm-1082699911-0-forward;osm-905944753-0-forward;osm-905944752-0-forward;osm-234171512-0-forward;osm-40188688-0-forward;osm-222918435-0-forward;osm-1306494913-0-forward;osm-1306494907-0-forward;osm-264100535-0-forward;osm-264100535-1-forward;osm-264100535-2-forward;osm-264100535-3-forward;osm-264100535-4-forward;osm-264100535-5-forward;osm-264100535-6-forward;osm-264100533-0-forward;osm-1040486385-0-forward;osm-1040486390-0-forward;osm-28476170-1-reverse;osm-91229843-6-reverse;osm-1054770671-0-forward;osm-1054770671-1-forward;osm-28476168-2-forward;osm-28476168-3-forward;osm-28476168-4-forward;osm-119740916-0-forward;osm-119740916-1-forward;osm-28429105-0-forward;osm-1054770672-0-forward;osm-28429107-0-forward;osm-28429107-1-forward;osm-28429107-2-forward;osm-28429107-3-forward;osm-28429107-4-forward;osm-28429107-5-forward;osm-1112039601-0-forward;osm-119437608-0-forward;osm-47637754-0-forward;osm-264100596-0-forward;osm-105500336-3-reverse;osm-105500336-2-reverse;osm-93964252-0-reverse;osm-1054770663-0-forward;osm-1054770667-0-forward;osm-264100532-0-forward;osm-105500354-0-forward;osm-1010059118-0-forward;osm-105500342-0-reverse;osm-724634109-5-forward;osm-1462422580-0-forward;osm-1462422580-1-forward;osm-1462422580-2-forward;osm-264100584-0-forward;osm-264100584-1-forward;osm-264100584-2-forward;osm-28437435-0-forward,8321.8,8321.8 m,physical_stop,speed reached zero and no segment could restart the bicycle,95,-644.2,910.6,68.3,osm-905950459-0-forward;osm-905950459-1-forward;osm-905944758-0-forward;osm-1082699911-0-forward;osm-905944753-0-forward;osm-905944752-0-forward;osm-234171512-0-forward;osm-40188688-0-forward;osm-222918435-0-forward;osm-1306494913-0-forward;osm-1306494907-0-forward;osm-264100535-0-forward;osm-264100535-1-forward;osm-264100535-2-forward;osm-264100535-3-forward;osm-264100535-4-forward;osm-264100535-5-forward;osm-264100535-6-forward;osm-264100533-0-forward;osm-1040486385-0-forward;osm-1040486390-0-forward;osm-28476170-1-reverse;osm-91229843-6-reverse;osm-1054770671-0-forward;osm-1054770671-1-forward;osm-28476168-2-forward;osm-28476168-3-forward;osm-28476168-4-forward;osm-119740916-0-forward;osm-119740916-1-forward;osm-28429105-0-forward;osm-1054770672-0-forward;osm-28429107-0-forward;osm-28429107-1-forward;osm-28429107-2-forward;osm-28429107-3-forward;osm-28429107-4-forward;osm-28429107-5-forward;osm-1112039601-0-forward;osm-119437608-0-forward;osm-47637754-0-forward;osm-264100596-0-forward;osm-105500336-3-reverse;osm-105500336-2-reverse;osm-93964252-0-reverse;osm-1054770663-0-forward;osm-1054770667-0-forward;osm-264100532-0-forward;osm-105500354-0-forward;osm-1010059118-0-forward;osm-105500342-0-reverse;osm-724634109-5-forward;osm-1462422580-0-forward;osm-1462422580-1-forward;osm-1462422580-2-forward;osm-264100584-0-forward;osm-264100584-1-forward;osm-264100584-2-forward;osm-28437435-0-forward;osm-1453146526-0-forward;osm-1453146525-0-forward;osm-264130575-0-forward;osm-264130575-1-forward;osm-264130575-2-forward;osm-1315255667-0-forward;osm-1315255667-1-forward;osm-1315255667-2-forward;osm-1462422576-0-forward;osm-1462422576-1-forward;osm-28437433-0-forward;osm-28437433-1-forward;osm-28437433-2-forward;osm-28437433-3-forward;osm-222918432-0-forward;osm-222918432-1-forward;osm-222918432-2-forward;osm-222918432-3-forward;osm-222918432-4-forward;osm-222918432-5-forward;osm-222918432-6-forward;osm-222918432-7-forward;osm-222918432-8-forward;osm-222918432-9-forward;osm-222918432-10-forward;osm-72898374-0-forward;osm-72898374-1-forward;osm-72898374-2-forward;osm-72898374-3-forward;osm-72898374-4-forward;osm-72898374-5-forward;osm-72898374-6-forward;osm-1082369795-0-forward;osm-1082369795-1-forward;osm-1082369795-2-forward;osm-1082369794-0-forward
reference_vtc,5,6141.2,>= 6141.2 m,model_gap,OSM way(s) 1453146526 still run through node 13326635869; the pipeline admitted no edge for them,59,-443.3,676.9,68.3,osm-905950459-0-forward;osm-905950459-1-forward;osm-905944758-0-forward;osm-1082699911-0-forward;osm-905944753-0-forward;osm-905944752-0-forward;osm-234171512-0-forward;osm-40188688-0-forward;osm-222918435-0-forward;osm-1306494913-0-forward;osm-1306494907-0-forward;osm-264100535-0-forward;osm-264100535-1-forward;osm-264100535-2-forward;osm-264100535-3-forward;osm-264100535-4-forward;osm-264100535-5-forward;osm-264100535-6-forward;osm-264100533-0-forward;osm-1040486385-0-forward;osm-1040486390-0-forward;osm-28476170-1-reverse;osm-91229843-6-reverse;osm-1054770671-0-forward;osm-1054770671-1-forward;osm-28476168-2-forward;osm-28476168-3-forward;osm-28476168-4-forward;osm-119740916-0-forward;osm-119740916-1-forward;osm-28429105-0-forward;osm-1054770672-0-forward;osm-28429107-0-forward;osm-28429107-1-forward;osm-28429107-2-forward;osm-28429107-3-forward;osm-28429107-4-forward;osm-28429107-5-forward;osm-1112039601-0-forward;osm-119437608-0-forward;osm-47637754-0-forward;osm-264100596-0-forward;osm-264100596-1-forward;osm-1054770668-0-forward;osm-1054770664-0-forward;osm-1054770663-0-forward;osm-1054770667-0-forward;osm-264100532-0-forward;osm-105500354-0-forward;osm-1010059118-0-forward;osm-105500342-0-reverse;osm-724634109-5-forward;osm-1462422580-0-forward;osm-1462422580-1-forward;osm-1462422580-2-forward;osm-264100584-0-forward;osm-264100584-1-forward;osm-264100584-2-forward;osm-28437435-0-forward,8319.4,8319.4 m,physical_stop,speed reached zero and no segment could restart the bicycle,96,-644.2,923.2,68.3,osm-905950459-0-forward;osm-905950459-1-forward;osm-905944758-0-forward;osm-1082699911-0-forward;osm-905944753-0-forward;osm-905944752-0-forward;osm-234171512-0-forward;osm-40188688-0-forward;osm-222918435-0-forward;osm-1306494913-0-forward;osm-1306494907-0-forward;osm-264100535-0-forward;osm-264100535-1-forward;osm-264100535-2-forward;osm-264100535-3-forward;osm-264100535-4-forward;osm-264100535-5-forward;osm-264100535-6-forward;osm-264100533-0-forward;osm-1040486385-0-forward;osm-1040486390-0-forward;osm-28476170-1-reverse;osm-91229843-6-reverse;osm-1054770671-0-forward;osm-1054770671-1-forward;osm-28476168-2-forward;osm-28476168-3-forward;osm-28476168-4-forward;osm-119740916-0-forward;osm-119740916-1-forward;osm-28429105-0-forward;osm-1054770672-0-forward;osm-28429107-0-forward;osm-28429107-1-forward;osm-28429107-2-forward;osm-28429107-3-forward;osm-28429107-4-forward;osm-28429107-5-forward;osm-1112039601-0-forward;osm-119437608-0-forward;osm-724628366-0-forward;osm-264130580-0-forward;osm-93964270-0-forward;osm-105506488-2-reverse;osm-105506488-1-reverse;osm-93964252-1-reverse;osm-93964252-0-reverse;osm-1054770663-0-forward;osm-1054770667-0-forward;osm-264100532-0-forward;osm-105500354-0-forward;osm-1010059118-0-forward;osm-105500342-0-reverse;osm-724634109-5-forward;osm-1462422580-0-forward;osm-1462422580-1-forward;osm-1462422580-2-forward;osm-264100584-0-forward;osm-264100584-1-forward;osm-264100584-2-forward;osm-28437435-0-forward;osm-1453146526-0-forward;osm-1453146525-0-forward;osm-264130575-0-forward;osm-264130575-1-forward;osm-264130575-2-forward;osm-1315255667-0-forward;osm-1315255667-1-forward;osm-1315255667-2-forward;osm-1462422576-0-forward;osm-1462422576-1-forward;osm-28437433-0-forward;osm-28437433-1-forward;osm-28437433-2-forward;osm-28437433-3-forward;osm-222918432-0-forward;osm-222918432-1-forward;osm-222918432-2-forward;osm-222918432-3-forward;osm-222918432-4-forward;osm-105756618-6-reverse;osm-105756618-5-reverse;osm-105756618-4-reverse;osm-105756618-3-reverse;osm-105756618-2-reverse;osm-105756618-1-reverse;osm-105756618-0-reverse;osm-72898374-2-forward;osm-72898374-3-forward;osm-72898374-4-forward;osm-72898374-5-forward;osm-72898374-6-forward;osm-1082369795-0-forward;osm-1082369795-1-forward;osm-1082369795-2-forward;osm-1082369794-0-forward
reference_vtc,6,6096.0,>= 6096.0 m,model_gap,OSM way(s) 1453146526 still run through node 13326635869; the pipeline admitted no edge for them,61,-443.3,643.0,68.3,osm-905950459-0-forward;osm-905950459-1-forward;osm-905944758-0-forward;osm-1082699911-0-forward;osm-905944753-0-forward;osm-905944752-0-forward;osm-234171512-0-forward;osm-40188688-0-forward;osm-222918435-0-forward;osm-1306494913-0-forward;osm-1306494907-0-forward;osm-264100535-0-forward;osm-264100535-1-forward;osm-264100535-2-forward;osm-264100535-3-forward;osm-264100535-4-forward;osm-264100535-5-forward;osm-264100535-6-forward;osm-264100533-0-forward;osm-1040486385-0-forward;osm-1040486390-0-forward;osm-28476170-1-reverse;osm-91229843-6-reverse;osm-91229843-5-reverse;osm-91229843-4-reverse;osm-91229843-3-reverse;osm-91229843-2-reverse;osm-91229843-1-reverse;osm-91229843-0-reverse;osm-119740916-1-forward;osm-28429105-0-forward;osm-1054770672-0-forward;osm-28429107-0-forward;osm-28429107-1-forward;osm-28429107-2-forward;osm-28429107-3-forward;osm-28429107-4-forward;osm-28429107-5-forward;osm-1112039601-0-forward;osm-119437608-0-forward;osm-724628366-0-forward;osm-264130580-0-forward;osm-93964270-0-forward;osm-105506488-2-reverse;osm-105506488-1-reverse;osm-93964252-1-reverse;osm-93964252-0-reverse;osm-1054770663-0-forward;osm-1054770667-0-forward;osm-264100532-0-forward;osm-105500354-0-forward;osm-1010059118-0-forward;osm-105500342-0-reverse;osm-724634109-5-forward;osm-1462422580-0-forward;osm-1462422580-1-forward;osm-1462422580-2-forward;osm-264100584-0-forward;osm-264100584-1-forward;osm-264100584-2-forward;osm-28437435-0-forward,8303.8,8303.8 m,physical_stop,speed reached zero and no segment could restart the bicycle,95,-644.2,904.6,68.3,osm-905950459-0-forward;osm-905950459-1-forward;osm-905944758-0-forward;osm-1082699911-0-forward;osm-905944753-0-forward;osm-905944752-0-forward;osm-234171512-0-forward;osm-40188688-0-forward;osm-222918435-0-forward;osm-1306494913-0-forward;osm-1306494907-0-forward;osm-264100535-0-forward;osm-264100535-1-forward;osm-264100535-2-forward;osm-264100535-3-forward;osm-264100535-4-forward;osm-264100535-5-forward;osm-264100535-6-forward;osm-264100533-0-forward;osm-1040486385-0-forward;osm-1040486390-0-forward;osm-28476170-1-reverse;osm-91229843-6-reverse;osm-1054770671-0-forward;osm-1054770671-1-forward;osm-28476168-2-forward;osm-28476168-3-forward;osm-28476168-4-forward;osm-119740916-0-forward;osm-119740916-1-forward;osm-28429105-0-forward;osm-1054770672-0-forward;osm-28429107-0-forward;osm-28429107-1-forward;osm-28429107-2-forward;osm-28429107-3-forward;osm-28429107-4-forward;osm-28429107-5-forward;osm-1112039601-0-forward;osm-119437608-0-forward;osm-47637754-0-forward;osm-264100596-0-forward;osm-264100596-1-forward;osm-1054770668-0-forward;osm-1054770664-0-forward;osm-1054770663-0-forward;osm-1054770667-0-forward;osm-264100532-0-forward;osm-105500354-0-forward;osm-1010059118-0-forward;osm-105500342-0-reverse;osm-724634109-5-forward;osm-1462422580-0-forward;osm-1462422580-1-forward;osm-1462422580-2-forward;osm-264100584-0-forward;osm-264100584-1-forward;osm-264100584-2-forward;osm-28437435-0-forward;osm-1453146526-0-forward;osm-1453146525-0-forward;osm-264130575-0-forward;osm-264130575-1-forward;osm-264130575-2-forward;osm-1315255667-0-forward;osm-1315255667-1-forward;osm-1315255667-2-forward;osm-1462422576-0-forward;osm-1462422576-1-forward;osm-28437433-0-forward;osm-28437433-1-forward;osm-28437433-2-forward;osm-28437433-3-forward;osm-222918432-0-forward;osm-222918432-1-forward;osm-222918432-2-forward;osm-222918432-3-forward;osm-222918432-4-forward;osm-222918432-5-forward;osm-222918432-6-forward;osm-222918432-7-forward;osm-222918432-8-forward;osm-222918432-9-forward;osm-222918432-10-forward;osm-72898374-0-forward;osm-72898374-1-forward;osm-72898374-2-forward;osm-72898374-3-forward;osm-72898374-4-forward;osm-72898374-5-forward;osm-72898374-6-forward;osm-1082369795-0-forward;osm-1082369795-1-forward;osm-1082369795-2-forward;osm-1082369794-0-forward
reference_vtc,7,6058.4,>= 6058.4 m,model_gap,OSM way(s) 1453146526 still run through node 13326635869; the pipeline admitted no edge for them,57,-443.3,617.3,56.9,osm-905950459-0-forward;osm-905950459-1-forward;osm-905944758-0-forward;osm-1082699911-0-forward;osm-905944753-0-forward;osm-905944752-0-forward;osm-234171512-0-forward;osm-40188688-0-forward;osm-222918435-0-forward;osm-1306494913-0-forward;osm-1306494907-0-forward;osm-264100535-0-forward;osm-264100535-1-forward;osm-264100535-2-forward;osm-264100535-3-forward;osm-264100535-4-forward;osm-264100535-5-forward;osm-264100535-6-forward;osm-264100533-0-forward;osm-1040486385-0-forward;osm-1040486390-0-forward;osm-28476170-1-reverse;osm-91229843-6-reverse;osm-91229843-5-reverse;osm-91229843-4-reverse;osm-91229843-3-reverse;osm-91229843-2-reverse;osm-91229843-1-reverse;osm-91229843-0-reverse;osm-119740916-1-forward;osm-28429105-0-forward;osm-1054770672-0-forward;osm-28429107-0-forward;osm-28429107-1-forward;osm-28429107-2-forward;osm-28429107-3-forward;osm-28429107-4-forward;osm-28429107-5-forward;osm-1112039601-0-forward;osm-119437608-0-forward;osm-724628366-0-forward;osm-264130580-0-forward;osm-264130580-1-forward;osm-264130580-2-forward;osm-724634109-0-forward;osm-724634109-1-forward;osm-724634109-2-forward;osm-724634109-3-forward;osm-724634109-4-forward;osm-724634109-5-forward;osm-1462422580-0-forward;osm-1462422580-1-forward;osm-1462422580-2-forward;osm-264100584-0-forward;osm-264100584-1-forward;osm-264100584-2-forward;osm-28437435-0-forward,8281.8,8281.8 m,physical_stop,speed reached zero and no segment could restart the bicycle,92,-644.2,897.6,59.3,osm-905950459-0-forward;osm-905950459-1-forward;osm-905944758-0-forward;osm-1082699911-0-forward;osm-905944753-0-forward;osm-905944752-0-forward;osm-234171512-0-forward;osm-40188688-0-forward;osm-222918435-0-forward;osm-1306494913-0-forward;osm-1306494907-0-forward;osm-264100535-0-forward;osm-264100535-1-forward;osm-264100535-2-forward;osm-264100535-3-forward;osm-264100535-4-forward;osm-264100535-5-forward;osm-264100535-6-forward;osm-264100533-0-forward;osm-1040486385-0-forward;osm-1040486390-0-forward;osm-28476170-1-reverse;osm-91229843-6-reverse;osm-1054770671-0-forward;osm-1054770671-1-forward;osm-28476168-2-forward;osm-28476168-3-forward;osm-28476168-4-forward;osm-119740916-0-forward;osm-119740916-1-forward;osm-28429105-0-forward;osm-1054770672-0-forward;osm-28429107-0-forward;osm-28429107-1-forward;osm-28429107-2-forward;osm-28429107-3-forward;osm-28429107-4-forward;osm-28429107-5-forward;osm-1112039601-0-forward;osm-119437608-0-forward;osm-724628366-0-forward;osm-264130580-0-forward;osm-264130580-1-forward;osm-264130580-2-forward;osm-724634109-0-forward;osm-724634109-1-forward;osm-724634109-2-forward;osm-724634109-3-forward;osm-724634109-4-forward;osm-724634109-5-forward;osm-1462422580-0-forward;osm-1462422580-1-forward;osm-1462422580-2-forward;osm-264100584-0-forward;osm-264100584-1-forward;osm-264100584-2-forward;osm-28437435-0-forward;osm-1453146526-0-forward;osm-1453146525-0-forward;osm-264130575-0-forward;osm-264130575-1-forward;osm-264130575-2-forward;osm-1315255667-0-forward;osm-1315255667-1-forward;osm-1315255667-2-forward;osm-1462422576-0-forward;osm-1462422576-1-forward;osm-28437433-0-forward;osm-28437433-1-forward;osm-28437433-2-forward;osm-28437433-3-forward;osm-222918432-0-forward;osm-222918432-1-forward;osm-222918432-2-forward;osm-222918432-3-forward;osm-222918432-4-forward;osm-105756618-6-reverse;osm-105756618-5-reverse;osm-105756618-4-reverse;osm-105756618-3-reverse;osm-105756618-2-reverse;osm-105756618-1-reverse;osm-105756618-0-reverse;osm-72898374-2-forward;osm-72898374-3-forward;osm-72898374-4-forward;osm-72898374-5-forward;osm-72898374-6-forward;osm-1082369795-0-forward;osm-1082369795-1-forward;osm-1082369795-2-forward;osm-1082369794-0-forward
reference_vtc,8,5979.5,>= 5979.5 m,model_gap,OSM way(s) 1453146526 still run through node 13326635869; the pipeline admitted no edge for them,60,-443.3,618.6,68.3,osm-905950459-0-forward;osm-905950459-1-forward;osm-905944758-0-forward;osm-1082699911-0-forward;osm-905944753-0-forward;osm-905944752-0-forward;osm-234171512-0-forward;osm-40188688-0-forward;osm-222918435-0-forward;osm-1306494913-0-forward;osm-1306494907-0-forward;osm-264100535-0-forward;osm-264100535-1-forward;osm-264100535-2-forward;osm-264100535-3-forward;osm-264100535-4-forward;osm-264100535-5-forward;osm-264100535-6-forward;osm-264100533-0-forward;osm-1040486385-0-forward;osm-1040486390-0-forward;osm-28476170-1-reverse;osm-91229843-6-reverse;osm-91229843-5-reverse;osm-91229843-4-reverse;osm-91229843-3-reverse;osm-91229843-2-reverse;osm-91229843-1-reverse;osm-91229843-0-reverse;osm-119740916-1-forward;osm-28429105-0-forward;osm-1054770672-0-forward;osm-28429107-0-forward;osm-28429107-1-forward;osm-28429107-2-forward;osm-28429107-3-forward;osm-28429107-4-forward;osm-28429107-5-forward;osm-1112039601-0-forward;osm-119437608-0-forward;osm-47637754-0-forward;osm-264100596-0-forward;osm-105500336-3-reverse;osm-105506488-0-forward;osm-93964252-1-reverse;osm-93964252-0-reverse;osm-1054770663-0-forward;osm-1054770667-0-forward;osm-264100532-0-forward;osm-105500354-0-forward;osm-1010059118-0-forward;osm-105500342-0-reverse;osm-724634109-5-forward;osm-1462422580-0-forward;osm-1462422580-1-forward;osm-1462422580-2-forward;osm-264100584-0-forward;osm-264100584-1-forward;osm-264100584-2-forward;osm-28437435-0-forward,8258.6,8258.6 m,physical_stop,speed reached zero and no segment could restart the bicycle,97,-644.2,870.6,68.3,osm-905950459-0-forward;osm-905950459-1-forward;osm-905944758-0-forward;osm-1082699911-0-forward;osm-905944753-0-forward;osm-905944752-0-forward;osm-234171512-0-forward;osm-40188688-0-forward;osm-222918435-0-forward;osm-1306494913-0-forward;osm-1306494907-0-forward;osm-264100535-0-forward;osm-264100535-1-forward;osm-264100535-2-forward;osm-264100535-3-forward;osm-264100535-4-forward;osm-264100535-5-forward;osm-264100535-6-forward;osm-264100533-0-forward;osm-1040486385-0-forward;osm-1040486390-0-forward;osm-28476170-1-reverse;osm-91229843-6-reverse;osm-91229843-5-reverse;osm-91229843-4-reverse;osm-91229843-3-reverse;osm-91229843-2-reverse;osm-91229843-1-reverse;osm-91229843-0-reverse;osm-119740916-1-forward;osm-28429105-0-forward;osm-1054770672-0-forward;osm-28429107-0-forward;osm-28429107-1-forward;osm-28429107-2-forward;osm-28429107-3-forward;osm-28429107-4-forward;osm-28429107-5-forward;osm-1112039601-0-forward;osm-119437608-0-forward;osm-724628366-0-forward;osm-264130580-0-forward;osm-93964270-0-forward;osm-105506488-2-reverse;osm-105506488-1-reverse;osm-93964252-1-reverse;osm-93964252-0-reverse;osm-1054770663-0-forward;osm-1054770667-0-forward;osm-264100532-0-forward;osm-105500354-0-forward;osm-1010059118-0-forward;osm-105500342-0-reverse;osm-724634109-5-forward;osm-1462422580-0-forward;osm-1462422580-1-forward;osm-1462422580-2-forward;osm-264100584-0-forward;osm-264100584-1-forward;osm-264100584-2-forward;osm-28437435-0-forward;osm-1453146526-0-forward;osm-1453146525-0-forward;osm-264130575-0-forward;osm-264130575-1-forward;osm-264130575-2-forward;osm-1315255667-0-forward;osm-1315255667-1-forward;osm-1315255667-2-forward;osm-1462422576-0-forward;osm-1462422576-1-forward;osm-28437433-0-forward;osm-28437433-1-forward;osm-28437433-2-forward;osm-28437433-3-forward;osm-222918432-0-forward;osm-222918432-1-forward;osm-222918432-2-forward;osm-222918432-3-forward;osm-222918432-4-forward;osm-222918432-5-forward;osm-222918432-6-forward;osm-222918432-7-forward;osm-222918432-8-forward;osm-222918432-9-forward;osm-222918432-10-forward;osm-72898374-0-forward;osm-72898374-1-forward;osm-72898374-2-forward;osm-72898374-3-forward;osm-72898374-4-forward;osm-72898374-5-forward;osm-72898374-6-forward;osm-1082369795-0-forward;osm-1082369795-1-forward;osm-1082369795-2-forward;osm-1082369794-0-forward
reference_vtc,9,5964.0,>= 5964.0 m,model_gap,OSM way(s) 1453146526 still run through node 13326635869; the pipeline admitted no edge for them,59,-443.3,615.2,68.3,osm-905950459-0-forward;osm-905950459-1-forward;osm-905944758-0-forward;osm-1082699911-0-forward;osm-905944753-0-forward;osm-905944752-0-forward;osm-234171512-0-forward;osm-40188688-0-forward;osm-222918435-0-forward;osm-1306494913-0-forward;osm-1306494907-0-forward;osm-264100535-0-forward;osm-264100535-1-forward;osm-264100535-2-forward;osm-264100535-3-forward;osm-264100535-4-forward;osm-264100535-5-forward;osm-264100535-6-forward;osm-264100533-0-forward;osm-1040486385-0-forward;osm-1040486390-0-forward;osm-28476170-1-reverse;osm-91229843-6-reverse;osm-91229843-5-reverse;osm-91229843-4-reverse;osm-91229843-3-reverse;osm-91229843-2-reverse;osm-91229843-1-reverse;osm-91229843-0-reverse;osm-119740916-1-forward;osm-28429105-0-forward;osm-1054770672-0-forward;osm-28429107-0-forward;osm-28429107-1-forward;osm-28429107-2-forward;osm-28429107-3-forward;osm-28429107-4-forward;osm-28429107-5-forward;osm-1112039601-0-forward;osm-119437608-0-forward;osm-47637754-0-forward;osm-264100596-0-forward;osm-105500336-3-reverse;osm-105500336-2-reverse;osm-93964252-0-reverse;osm-1054770663-0-forward;osm-1054770667-0-forward;osm-264100532-0-forward;osm-105500354-0-forward;osm-1010059118-0-forward;osm-105500342-0-reverse;osm-724634109-5-forward;osm-1462422580-0-forward;osm-1462422580-1-forward;osm-1462422580-2-forward;osm-264100584-0-forward;osm-264100584-1-forward;osm-264100584-2-forward;osm-28437435-0-forward,8221.0,8221.0 m,physical_stop,speed reached zero and no segment could restart the bicycle,93,-644.2,844.9,59.3,osm-905950459-0-forward;osm-905950459-1-forward;osm-905944758-0-forward;osm-1082699911-0-forward;osm-905944753-0-forward;osm-905944752-0-forward;osm-234171512-0-forward;osm-40188688-0-forward;osm-222918435-0-forward;osm-1306494913-0-forward;osm-1306494907-0-forward;osm-264100535-0-forward;osm-264100535-1-forward;osm-264100535-2-forward;osm-264100535-3-forward;osm-264100535-4-forward;osm-264100535-5-forward;osm-264100535-6-forward;osm-264100533-0-forward;osm-1040486385-0-forward;osm-1040486390-0-forward;osm-28476170-1-reverse;osm-91229843-6-reverse;osm-91229843-5-reverse;osm-91229843-4-reverse;osm-91229843-3-reverse;osm-91229843-2-reverse;osm-91229843-1-reverse;osm-91229843-0-reverse;osm-119740916-1-forward;osm-28429105-0-forward;osm-1054770672-0-forward;osm-28429107-0-forward;osm-28429107-1-forward;osm-28429107-2-forward;osm-28429107-3-forward;osm-28429107-4-forward;osm-28429107-5-forward;osm-1112039601-0-forward;osm-119437608-0-forward;osm-724628366-0-forward;osm-264130580-0-forward;osm-264130580-1-forward;osm-264130580-2-forward;osm-724634109-0-forward;osm-724634109-1-forward;osm-724634109-2-forward;osm-724634109-3-forward;osm-724634109-4-forward;osm-724634109-5-forward;osm-1462422580-0-forward;osm-1462422580-1-forward;osm-1462422580-2-forward;osm-264100584-0-forward;osm-264100584-1-forward;osm-264100584-2-forward;osm-28437435-0-forward;osm-1453146526-0-forward;osm-1453146525-0-forward;osm-264130575-0-forward;osm-264130575-1-forward;osm-264130575-2-forward;osm-1315255667-0-forward;osm-1315255667-1-forward;osm-1315255667-2-forward;osm-1462422576-0-forward;osm-1462422576-1-forward;osm-28437433-0-forward;osm-28437433-1-forward;osm-28437433-2-forward;osm-28437433-3-forward;osm-222918432-0-forward;osm-222918432-1-forward;osm-222918432-2-forward;osm-222918432-3-forward;osm-222918432-4-forward;osm-222918432-5-forward;osm-222918432-6-forward;osm-222918432-7-forward;osm-222918432-8-forward;osm-222918432-9-forward;osm-222918432-10-forward;osm-72898374-0-forward;osm-72898374-1-forward;osm-72898374-2-forward;osm-72898374-3-forward;osm-72898374-4-forward;osm-72898374-5-forward;osm-72898374-6-forward;osm-1082369795-0-forward;osm-1082369795-1-forward;osm-1082369795-2-forward;osm-1082369794-0-forward
reference_vtc,10,5946.1,>= 5946.1 m,model_gap,OSM way(s) 1453146526 still run through node 13326635869; the pipeline admitted no edge for them,59,-443.3,609.2,68.3,osm-905950459-0-forward;osm-905950459-1-forward;osm-905944758-0-forward;osm-1082699911-0-forward;osm-905944753-0-forward;osm-905944752-0-forward;osm-234171512-0-forward;osm-40188688-0-forward;osm-222918435-0-forward;osm-1306494913-0-forward;osm-1306494907-0-forward;osm-264100535-0-forward;osm-264100535-1-forward;osm-264100535-2-forward;osm-264100535-3-forward;osm-264100535-4-forward;osm-264100535-5-forward;osm-264100535-6-forward;osm-264100533-0-forward;osm-1040486385-0-forward;osm-1040486390-0-forward;osm-28476170-1-reverse;osm-91229843-6-reverse;osm-91229843-5-reverse;osm-91229843-4-reverse;osm-91229843-3-reverse;osm-91229843-2-reverse;osm-91229843-1-reverse;osm-91229843-0-reverse;osm-119740916-1-forward;osm-28429105-0-forward;osm-1054770672-0-forward;osm-28429107-0-forward;osm-28429107-1-forward;osm-28429107-2-forward;osm-28429107-3-forward;osm-28429107-4-forward;osm-28429107-5-forward;osm-1112039601-0-forward;osm-119437608-0-forward;osm-47637754-0-forward;osm-264100596-0-forward;osm-264100596-1-forward;osm-1054770668-0-forward;osm-1054770664-0-forward;osm-1054770663-0-forward;osm-1054770667-0-forward;osm-264100532-0-forward;osm-105500354-0-forward;osm-1010059118-0-forward;osm-105500342-0-reverse;osm-724634109-5-forward;osm-1462422580-0-forward;osm-1462422580-1-forward;osm-1462422580-2-forward;osm-264100584-0-forward;osm-264100584-1-forward;osm-264100584-2-forward;osm-28437435-0-forward,8202.9,8202.9 m,physical_stop,speed reached zero and no segment could restart the bicycle,95,-644.2,898.9,68.3,osm-905950459-0-forward;osm-905950459-1-forward;osm-905944758-0-forward;osm-1082699911-0-forward;osm-905944753-0-forward;osm-905944752-0-forward;osm-234171512-0-forward;osm-40188688-0-forward;osm-222918435-0-forward;osm-1306494913-0-forward;osm-1306494907-0-forward;osm-264100535-0-forward;osm-264100535-1-forward;osm-264100535-2-forward;osm-264100535-3-forward;osm-264100535-4-forward;osm-264100535-5-forward;osm-264100535-6-forward;osm-264100533-0-forward;osm-1040486385-0-forward;osm-1040486390-0-forward;osm-28476170-1-reverse;osm-91229843-6-reverse;osm-1054770671-0-forward;osm-1054770671-1-forward;osm-28476168-2-forward;osm-28476168-3-forward;osm-28476168-4-forward;osm-119740916-0-forward;osm-119740916-1-forward;osm-28429105-0-forward;osm-1054770672-0-forward;osm-28429107-0-forward;osm-28429107-1-forward;osm-28429107-2-forward;osm-28429107-3-forward;osm-28429107-4-forward;osm-28429107-5-forward;osm-1112039601-0-forward;osm-119437608-0-forward;osm-47637754-0-forward;osm-264100596-0-forward;osm-105500336-3-reverse;osm-105506488-0-forward;osm-93964252-1-reverse;osm-93964252-0-reverse;osm-1054770663-0-forward;osm-1054770667-0-forward;osm-264100532-0-forward;osm-105500354-0-forward;osm-1010059118-0-forward;osm-105500342-0-reverse;osm-724634109-5-forward;osm-1462422580-0-forward;osm-1462422580-1-forward;osm-1462422580-2-forward;osm-264100584-0-forward;osm-264100584-1-forward;osm-264100584-2-forward;osm-28437435-0-forward;osm-1453146526-0-forward;osm-1453146525-0-forward;osm-264130575-0-forward;osm-264130575-1-forward;osm-264130575-2-forward;osm-1315255667-0-forward;osm-1315255667-1-forward;osm-1315255667-2-forward;osm-1462422576-0-forward;osm-1462422576-1-forward;osm-28437433-0-forward;osm-28437433-1-forward;osm-28437433-2-forward;osm-28437433-3-forward;osm-222918432-0-forward;osm-222918432-1-forward;osm-222918432-2-forward;osm-222918432-3-forward;osm-222918432-4-forward;osm-105756618-6-reverse;osm-105756618-5-reverse;osm-105756618-4-reverse;osm-105756618-3-reverse;osm-105756618-2-reverse;osm-105756618-1-reverse;osm-105756618-0-reverse;osm-72898374-2-forward;osm-72898374-3-forward;osm-72898374-4-forward;osm-72898374-5-forward;osm-72898374-6-forward;osm-1082369795-0-forward;osm-1082369795-1-forward;osm-1082369795-2-forward;osm-1082369794-0-forward
reference_vtc,11,5162.4,5162.4 m,physical_stop,speed reached zero and no segment could restart the bicycle,54,-313.1,612.9,68.3,osm-905950459-0-forward;osm-905950459-1-forward;osm-905944758-0-forward;osm-1082699911-0-forward;osm-905944753-0-forward;osm-905944752-0-forward;osm-234171512-0-forward;osm-40188688-0-forward;osm-222918435-0-forward;osm-1306494913-0-forward;osm-1306494907-0-forward;osm-264100535-0-forward;osm-264100535-1-forward;osm-264100535-2-forward;osm-264100535-3-forward;osm-264100535-4-forward;osm-264100535-5-forward;osm-264100535-6-forward;osm-264100533-0-forward;osm-1040486385-0-forward;osm-1040486390-0-forward;osm-28476170-1-reverse;osm-91229843-6-reverse;osm-1054770671-0-forward;osm-1054770671-1-forward;osm-28476168-2-forward;osm-28476168-3-forward;osm-28476168-4-forward;osm-119740916-0-forward;osm-119740916-1-forward;osm-28429105-0-forward;osm-1054770672-0-forward;osm-28429107-0-forward;osm-28429107-1-forward;osm-28429107-2-forward;osm-28429107-3-forward;osm-28429107-4-forward;osm-28429107-5-forward;osm-1112039601-0-forward;osm-119437608-0-forward;osm-724628366-0-forward;osm-264130580-0-forward;osm-93964270-0-forward;osm-105506488-2-reverse;osm-105506488-1-reverse;osm-93964252-1-reverse;osm-93964252-0-reverse;osm-1054770663-0-forward;osm-1054770667-0-forward;osm-264100532-0-forward;osm-105500354-0-forward;osm-1010059118-0-forward;osm-105500342-0-reverse;osm-724634109-4-reverse,8187.4,8187.4 m,physical_stop,speed reached zero and no segment could restart the bicycle,94,-644.2,895.6,68.3,osm-905950459-0-forward;osm-905950459-1-forward;osm-905944758-0-forward;osm-1082699911-0-forward;osm-905944753-0-forward;osm-905944752-0-forward;osm-234171512-0-forward;osm-40188688-0-forward;osm-222918435-0-forward;osm-1306494913-0-forward;osm-1306494907-0-forward;osm-264100535-0-forward;osm-264100535-1-forward;osm-264100535-2-forward;osm-264100535-3-forward;osm-264100535-4-forward;osm-264100535-5-forward;osm-264100535-6-forward;osm-264100533-0-forward;osm-1040486385-0-forward;osm-1040486390-0-forward;osm-28476170-1-reverse;osm-91229843-6-reverse;osm-1054770671-0-forward;osm-1054770671-1-forward;osm-28476168-2-forward;osm-28476168-3-forward;osm-28476168-4-forward;osm-119740916-0-forward;osm-119740916-1-forward;osm-28429105-0-forward;osm-1054770672-0-forward;osm-28429107-0-forward;osm-28429107-1-forward;osm-28429107-2-forward;osm-28429107-3-forward;osm-28429107-4-forward;osm-28429107-5-forward;osm-1112039601-0-forward;osm-119437608-0-forward;osm-47637754-0-forward;osm-264100596-0-forward;osm-105500336-3-reverse;osm-105500336-2-reverse;osm-93964252-0-reverse;osm-1054770663-0-forward;osm-1054770667-0-forward;osm-264100532-0-forward;osm-105500354-0-forward;osm-1010059118-0-forward;osm-105500342-0-reverse;osm-724634109-5-forward;osm-1462422580-0-forward;osm-1462422580-1-forward;osm-1462422580-2-forward;osm-264100584-0-forward;osm-264100584-1-forward;osm-264100584-2-forward;osm-28437435-0-forward;osm-1453146526-0-forward;osm-1453146525-0-forward;osm-264130575-0-forward;osm-264130575-1-forward;osm-264130575-2-forward;osm-1315255667-0-forward;osm-1315255667-1-forward;osm-1315255667-2-forward;osm-1462422576-0-forward;osm-1462422576-1-forward;osm-28437433-0-forward;osm-28437433-1-forward;osm-28437433-2-forward;osm-28437433-3-forward;osm-222918432-0-forward;osm-222918432-1-forward;osm-222918432-2-forward;osm-222918432-3-forward;osm-222918432-4-forward;osm-105756618-6-reverse;osm-105756618-5-reverse;osm-105756618-4-reverse;osm-105756618-3-reverse;osm-105756618-2-reverse;osm-105756618-1-reverse;osm-105756618-0-reverse;osm-72898374-2-forward;osm-72898374-3-forward;osm-72898374-4-forward;osm-72898374-5-forward;osm-72898374-6-forward;osm-1082369795-0-forward;osm-1082369795-1-forward;osm-1082369795-2-forward;osm-1082369794-0-forward
reference_vtc,12,5149.6,5149.6 m,physical_stop,speed reached zero and no segment could restart the bicycle,50,-322.9,591.7,54.9,osm-905950459-0-forward;osm-905950459-1-forward;osm-905944758-0-forward;osm-1082699911-0-forward;osm-905944753-0-forward;osm-905944752-0-forward;osm-234171512-0-forward;osm-40188688-0-forward;osm-222918435-0-forward;osm-1306494913-0-forward;osm-1306494907-0-forward;osm-264100535-0-forward;osm-264100535-1-forward;osm-264100535-2-forward;osm-264100535-3-forward;osm-264100535-4-forward;osm-264100535-5-forward;osm-264100535-6-forward;osm-264100533-0-forward;osm-1040486385-0-forward;osm-1040486390-0-forward;osm-28476170-1-reverse;osm-91229843-6-reverse;osm-1054770671-0-forward;osm-1054770671-1-forward;osm-28476168-2-forward;osm-28476168-3-forward;osm-28476168-4-forward;osm-119740916-0-forward;osm-119740916-1-forward;osm-28429105-0-forward;osm-1054770672-0-forward;osm-28429107-0-forward;osm-28429107-1-forward;osm-28429107-2-forward;osm-28429107-3-forward;osm-28429107-4-forward;osm-28429107-5-forward;osm-1112039601-0-forward;osm-119437608-0-forward;osm-724628366-0-forward;osm-264130580-0-forward;osm-264130580-1-forward;osm-264130580-2-forward;osm-724634109-0-forward;osm-724634109-1-forward;osm-724634109-2-forward;osm-724634109-3-forward;osm-724634109-4-forward;osm-105500342-0-forward,8173.8,8173.8 m,physical_stop,speed reached zero and no segment could restart the bicycle,94,-587.8,899.5,68.3,osm-905950459-0-forward;osm-905950459-1-forward;osm-905944758-0-forward;osm-1082699911-0-forward;osm-905944753-0-forward;osm-905944752-0-forward;osm-234171512-0-forward;osm-40188688-0-forward;osm-222918435-0-forward;osm-1306494913-0-forward;osm-1306494907-0-forward;osm-264100535-0-forward;osm-264100535-1-forward;osm-264100535-2-forward;osm-264100535-3-forward;osm-264100535-4-forward;osm-264100535-5-forward;osm-264100535-6-forward;osm-264100533-0-forward;osm-1040486385-0-forward;osm-1040486390-0-forward;osm-28476170-1-reverse;osm-91229843-6-reverse;osm-1054770671-0-forward;osm-1054770671-1-forward;osm-28476168-2-forward;osm-28476168-3-forward;osm-28476168-4-forward;osm-119740916-0-forward;osm-119740916-1-forward;osm-28429105-0-forward;osm-1054770672-0-forward;osm-28429107-0-forward;osm-28429107-1-forward;osm-28429107-2-forward;osm-28429107-3-forward;osm-28429107-4-forward;osm-28429107-5-forward;osm-1112039601-0-forward;osm-119437608-0-forward;osm-724628366-0-forward;osm-264130580-0-forward;osm-93964270-0-forward;osm-105506488-2-reverse;osm-105506488-1-reverse;osm-93964252-1-reverse;osm-93964252-0-reverse;osm-1054770663-0-forward;osm-1054770667-0-forward;osm-264100532-0-forward;osm-105500354-0-forward;osm-1010059118-0-forward;osm-105500342-0-reverse;osm-724634109-5-forward;osm-1462422580-0-forward;osm-1462422580-1-forward;osm-1462422580-2-forward;osm-264100584-0-forward;osm-264100584-1-forward;osm-264100584-2-forward;osm-28437435-0-forward;osm-1453146526-0-forward;osm-1453146525-0-forward;osm-264130575-0-forward;osm-264130575-1-forward;osm-264130575-2-forward;osm-1315255667-0-forward;osm-1315255667-1-forward;osm-1315255667-2-forward;osm-1462422576-0-forward;osm-1462422576-1-forward;osm-28437433-0-forward;osm-28437433-1-forward;osm-28437433-2-forward;osm-28437433-3-forward;osm-222918432-0-forward;osm-222918432-1-forward;osm-222918432-2-forward;osm-222918432-3-forward;osm-222918432-4-forward;osm-222918432-5-forward;osm-222918432-6-forward;osm-222918432-7-forward;osm-222918432-8-forward;osm-222918432-9-forward;osm-222918432-10-forward;osm-72898374-0-forward;osm-72898374-1-forward;osm-72898374-2-forward;osm-72898374-3-forward;osm-72898374-4-forward;osm-72898374-5-forward;osm-72898374-6-forward;osm-457903734-1-reverse
reference_vtc,13,5045.8,5045.8 m,physical_stop,speed reached zero and no segment could restart the bicycle,53,-313.1,588.5,68.3,osm-905950459-0-forward;osm-905950459-1-forward;osm-905944758-0-forward;osm-1082699911-0-forward;osm-905944753-0-forward;osm-905944752-0-forward;osm-234171512-0-forward;osm-40188688-0-forward;osm-222918435-0-forward;osm-1306494913-0-forward;osm-1306494907-0-forward;osm-264100535-0-forward;osm-264100535-1-forward;osm-264100535-2-forward;osm-264100535-3-forward;osm-264100535-4-forward;osm-264100535-5-forward;osm-264100535-6-forward;osm-264100533-0-forward;osm-1040486385-0-forward;osm-1040486390-0-forward;osm-28476170-1-reverse;osm-91229843-6-reverse;osm-1054770671-0-forward;osm-1054770671-1-forward;osm-28476168-2-forward;osm-28476168-3-forward;osm-28476168-4-forward;osm-119740916-0-forward;osm-119740916-1-forward;osm-28429105-0-forward;osm-1054770672-0-forward;osm-28429107-0-forward;osm-28429107-1-forward;osm-28429107-2-forward;osm-28429107-3-forward;osm-28429107-4-forward;osm-28429107-5-forward;osm-1112039601-0-forward;osm-119437608-0-forward;osm-47637754-0-forward;osm-264100596-0-forward;osm-105500336-3-reverse;osm-105506488-0-forward;osm-93964252-1-reverse;osm-93964252-0-reverse;osm-1054770663-0-forward;osm-1054770667-0-forward;osm-264100532-0-forward;osm-105500354-0-forward;osm-1010059118-0-forward;osm-105500342-0-reverse;osm-724634109-4-reverse,8169.4,8169.4 m,physical_stop,speed reached zero and no segment could restart the bicycle,94,-644.2,889.5,68.3,osm-905950459-0-forward;osm-905950459-1-forward;osm-905944758-0-forward;osm-1082699911-0-forward;osm-905944753-0-forward;osm-905944752-0-forward;osm-234171512-0-forward;osm-40188688-0-forward;osm-222918435-0-forward;osm-1306494913-0-forward;osm-1306494907-0-forward;osm-264100535-0-forward;osm-264100535-1-forward;osm-264100535-2-forward;osm-264100535-3-forward;osm-264100535-4-forward;osm-264100535-5-forward;osm-264100535-6-forward;osm-264100533-0-forward;osm-1040486385-0-forward;osm-1040486390-0-forward;osm-28476170-1-reverse;osm-91229843-6-reverse;osm-1054770671-0-forward;osm-1054770671-1-forward;osm-28476168-2-forward;osm-28476168-3-forward;osm-28476168-4-forward;osm-119740916-0-forward;osm-119740916-1-forward;osm-28429105-0-forward;osm-1054770672-0-forward;osm-28429107-0-forward;osm-28429107-1-forward;osm-28429107-2-forward;osm-28429107-3-forward;osm-28429107-4-forward;osm-28429107-5-forward;osm-1112039601-0-forward;osm-119437608-0-forward;osm-47637754-0-forward;osm-264100596-0-forward;osm-264100596-1-forward;osm-1054770668-0-forward;osm-1054770664-0-forward;osm-1054770663-0-forward;osm-1054770667-0-forward;osm-264100532-0-forward;osm-105500354-0-forward;osm-1010059118-0-forward;osm-105500342-0-reverse;osm-724634109-5-forward;osm-1462422580-0-forward;osm-1462422580-1-forward;osm-1462422580-2-forward;osm-264100584-0-forward;osm-264100584-1-forward;osm-264100584-2-forward;osm-28437435-0-forward;osm-1453146526-0-forward;osm-1453146525-0-forward;osm-264130575-0-forward;osm-264130575-1-forward;osm-264130575-2-forward;osm-1315255667-0-forward;osm-1315255667-1-forward;osm-1315255667-2-forward;osm-1462422576-0-forward;osm-1462422576-1-forward;osm-28437433-0-forward;osm-28437433-1-forward;osm-28437433-2-forward;osm-28437433-3-forward;osm-222918432-0-forward;osm-222918432-1-forward;osm-222918432-2-forward;osm-222918432-3-forward;osm-222918432-4-forward;osm-105756618-6-reverse;osm-105756618-5-reverse;osm-105756618-4-reverse;osm-105756618-3-reverse;osm-105756618-2-reverse;osm-105756618-1-reverse;osm-105756618-0-reverse;osm-72898374-2-forward;osm-72898374-3-forward;osm-72898374-4-forward;osm-72898374-5-forward;osm-72898374-6-forward;osm-1082369795-0-forward;osm-1082369795-1-forward;osm-1082369795-2-forward;osm-1082369794-0-forward
reference_vtc,14,5030.4,5030.4 m,physical_stop,speed reached zero and no segment could restart the bicycle,52,-313.1,585.2,68.3,osm-905950459-0-forward;osm-905950459-1-forward;osm-905944758-0-forward;osm-1082699911-0-forward;osm-905944753-0-forward;osm-905944752-0-forward;osm-234171512-0-forward;osm-40188688-0-forward;osm-222918435-0-forward;osm-1306494913-0-forward;osm-1306494907-0-forward;osm-264100535-0-forward;osm-264100535-1-forward;osm-264100535-2-forward;osm-264100535-3-forward;osm-264100535-4-forward;osm-264100535-5-forward;osm-264100535-6-forward;osm-264100533-0-forward;osm-1040486385-0-forward;osm-1040486390-0-forward;osm-28476170-1-reverse;osm-91229843-6-reverse;osm-1054770671-0-forward;osm-1054770671-1-forward;osm-28476168-2-forward;osm-28476168-3-forward;osm-28476168-4-forward;osm-119740916-0-forward;osm-119740916-1-forward;osm-28429105-0-forward;osm-1054770672-0-forward;osm-28429107-0-forward;osm-28429107-1-forward;osm-28429107-2-forward;osm-28429107-3-forward;osm-28429107-4-forward;osm-28429107-5-forward;osm-1112039601-0-forward;osm-119437608-0-forward;osm-47637754-0-forward;osm-264100596-0-forward;osm-105500336-3-reverse;osm-105500336-2-reverse;osm-93964252-0-reverse;osm-1054770663-0-forward;osm-1054770667-0-forward;osm-264100532-0-forward;osm-105500354-0-forward;osm-1010059118-0-forward;osm-105500342-0-reverse;osm-724634109-4-reverse,8142.1,8142.1 m,physical_stop,speed reached zero and no segment could restart the bicycle,96,-644.2,846.2,68.3,osm-905950459-0-forward;osm-905950459-1-forward;osm-905944758-0-forward;osm-1082699911-0-forward;osm-905944753-0-forward;osm-905944752-0-forward;osm-234171512-0-forward;osm-40188688-0-forward;osm-222918435-0-forward;osm-1306494913-0-forward;osm-1306494907-0-forward;osm-264100535-0-forward;osm-264100535-1-forward;osm-264100535-2-forward;osm-264100535-3-forward;osm-264100535-4-forward;osm-264100535-5-forward;osm-264100535-6-forward;osm-264100533-0-forward;osm-1040486385-0-forward;osm-1040486390-0-forward;osm-28476170-1-reverse;osm-91229843-6-reverse;osm-91229843-5-reverse;osm-91229843-4-reverse;osm-91229843-3-reverse;osm-91229843-2-reverse;osm-91229843-1-reverse;osm-91229843-0-reverse;osm-119740916-1-forward;osm-28429105-0-forward;osm-1054770672-0-forward;osm-28429107-0-forward;osm-28429107-1-forward;osm-28429107-2-forward;osm-28429107-3-forward;osm-28429107-4-forward;osm-28429107-5-forward;osm-1112039601-0-forward;osm-119437608-0-forward;osm-47637754-0-forward;osm-264100596-0-forward;osm-105500336-3-reverse;osm-105506488-0-forward;osm-93964252-1-reverse;osm-93964252-0-reverse;osm-1054770663-0-forward;osm-1054770667-0-forward;osm-264100532-0-forward;osm-105500354-0-forward;osm-1010059118-0-forward;osm-105500342-0-reverse;osm-724634109-5-forward;osm-1462422580-0-forward;osm-1462422580-1-forward;osm-1462422580-2-forward;osm-264100584-0-forward;osm-264100584-1-forward;osm-264100584-2-forward;osm-28437435-0-forward;osm-1453146526-0-forward;osm-1453146525-0-forward;osm-264130575-0-forward;osm-264130575-1-forward;osm-264130575-2-forward;osm-1315255667-0-forward;osm-1315255667-1-forward;osm-1315255667-2-forward;osm-1462422576-0-forward;osm-1462422576-1-forward;osm-28437433-0-forward;osm-28437433-1-forward;osm-28437433-2-forward;osm-28437433-3-forward;osm-222918432-0-forward;osm-222918432-1-forward;osm-222918432-2-forward;osm-222918432-3-forward;osm-222918432-4-forward;osm-222918432-5-forward;osm-222918432-6-forward;osm-222918432-7-forward;osm-222918432-8-forward;osm-222918432-9-forward;osm-222918432-10-forward;osm-72898374-0-forward;osm-72898374-1-forward;osm-72898374-2-forward;osm-72898374-3-forward;osm-72898374-4-forward;osm-72898374-5-forward;osm-72898374-6-forward;osm-1082369795-0-forward;osm-1082369795-1-forward;osm-1082369795-2-forward;osm-1082369794-0-forward
reference_vtc,15,5024.1,5024.1 m,physical_stop,speed reached zero and no segment could restart the bicycle,47,-445.9,587.4,54.9,osm-905950459-0-forward;osm-905950459-1-forward;osm-905944758-0-forward;osm-1082699911-0-forward;osm-905944753-0-forward;osm-905944752-0-forward;osm-234171512-0-forward;osm-40188688-0-forward;osm-222918435-0-forward;osm-1306494913-0-forward;osm-1306494907-0-forward;osm-264100535-0-forward;osm-264100535-1-forward;osm-264100535-2-forward;osm-264100535-3-forward;osm-264100535-4-forward;osm-264100535-5-forward;osm-264100535-6-forward;osm-264100533-0-forward;osm-1040486385-0-forward;osm-1040486390-0-forward;osm-28476170-1-reverse;osm-91229843-6-reverse;osm-91229844-0-forward;osm-91229842-0-reverse;osm-28452050-2-forward;osm-28452050-3-forward;osm-264100534-0-forward;osm-264100587-0-forward;osm-119307789-0-forward;osm-264100531-0-forward;osm-28417066-0-forward;osm-264100600-0-forward;osm-724628368-0-forward;osm-49793787-0-forward;osm-28452293-1-reverse;osm-1016849386-1-reverse;osm-1016849384-0-reverse;osm-1016849383-0-reverse;osm-122019442-0-reverse;osm-28452292-4-reverse;osm-28452292-3-reverse;osm-28452292-2-reverse;osm-28452292-1-reverse;osm-28452292-0-reverse;osm-1267647424-0-forward;osm-264100557-0-forward,8136.1,8136.1 m,physical_stop,speed reached zero and no segment could restart the bicycle,90,-587.8,873.8,59.3,osm-905950459-0-forward;osm-905950459-1-forward;osm-905944758-0-forward;osm-1082699911-0-forward;osm-905944753-0-forward;osm-905944752-0-forward;osm-234171512-0-forward;osm-40188688-0-forward;osm-222918435-0-forward;osm-1306494913-0-forward;osm-1306494907-0-forward;osm-264100535-0-forward;osm-264100535-1-forward;osm-264100535-2-forward;osm-264100535-3-forward;osm-264100535-4-forward;osm-264100535-5-forward;osm-264100535-6-forward;osm-264100533-0-forward;osm-1040486385-0-forward;osm-1040486390-0-forward;osm-28476170-1-reverse;osm-91229843-6-reverse;osm-1054770671-0-forward;osm-1054770671-1-forward;osm-28476168-2-forward;osm-28476168-3-forward;osm-28476168-4-forward;osm-119740916-0-forward;osm-119740916-1-forward;osm-28429105-0-forward;osm-1054770672-0-forward;osm-28429107-0-forward;osm-28429107-1-forward;osm-28429107-2-forward;osm-28429107-3-forward;osm-28429107-4-forward;osm-28429107-5-forward;osm-1112039601-0-forward;osm-119437608-0-forward;osm-724628366-0-forward;osm-264130580-0-forward;osm-264130580-1-forward;osm-264130580-2-forward;osm-724634109-0-forward;osm-724634109-1-forward;osm-724634109-2-forward;osm-724634109-3-forward;osm-724634109-4-forward;osm-724634109-5-forward;osm-1462422580-0-forward;osm-1462422580-1-forward;osm-1462422580-2-forward;osm-264100584-0-forward;osm-264100584-1-forward;osm-264100584-2-forward;osm-28437435-0-forward;osm-1453146526-0-forward;osm-1453146525-0-forward;osm-264130575-0-forward;osm-264130575-1-forward;osm-264130575-2-forward;osm-1315255667-0-forward;osm-1315255667-1-forward;osm-1315255667-2-forward;osm-1462422576-0-forward;osm-1462422576-1-forward;osm-28437433-0-forward;osm-28437433-1-forward;osm-28437433-2-forward;osm-28437433-3-forward;osm-222918432-0-forward;osm-222918432-1-forward;osm-222918432-2-forward;osm-222918432-3-forward;osm-222918432-4-forward;osm-222918432-5-forward;osm-222918432-6-forward;osm-222918432-7-forward;osm-222918432-8-forward;osm-222918432-9-forward;osm-222918432-10-forward;osm-72898374-0-forward;osm-72898374-1-forward;osm-72898374-2-forward;osm-72898374-3-forward;osm-72898374-4-forward;osm-72898374-5-forward;osm-72898374-6-forward;osm-457903734-1-reverse
reference_vtc,16,5012.4,5012.4 m,physical_stop,speed reached zero and no segment could restart the bicycle,52,-313.1,579.1,68.3,osm-905950459-0-forward;osm-905950459-1-forward;osm-905944758-0-forward;osm-1082699911-0-forward;osm-905944753-0-forward;osm-905944752-0-forward;osm-234171512-0-forward;osm-40188688-0-forward;osm-222918435-0-forward;osm-1306494913-0-forward;osm-1306494907-0-forward;osm-264100535-0-forward;osm-264100535-1-forward;osm-264100535-2-forward;osm-264100535-3-forward;osm-264100535-4-forward;osm-264100535-5-forward;osm-264100535-6-forward;osm-264100533-0-forward;osm-1040486385-0-forward;osm-1040486390-0-forward;osm-28476170-1-reverse;osm-91229843-6-reverse;osm-1054770671-0-forward;osm-1054770671-1-forward;osm-28476168-2-forward;osm-28476168-3-forward;osm-28476168-4-forward;osm-119740916-0-forward;osm-119740916-1-forward;osm-28429105-0-forward;osm-1054770672-0-forward;osm-28429107-0-forward;osm-28429107-1-forward;osm-28429107-2-forward;osm-28429107-3-forward;osm-28429107-4-forward;osm-28429107-5-forward;osm-1112039601-0-forward;osm-119437608-0-forward;osm-47637754-0-forward;osm-264100596-0-forward;osm-264100596-1-forward;osm-1054770668-0-forward;osm-1054770664-0-forward;osm-1054770663-0-forward;osm-1054770667-0-forward;osm-264100532-0-forward;osm-105500354-0-forward;osm-1010059118-0-forward;osm-105500342-0-reverse;osm-724634109-4-reverse,8126.6,8126.6 m,physical_stop,speed reached zero and no segment could restart the bicycle,95,-644.2,842.8,68.3,osm-905950459-0-forward;osm-905950459-1-forward;osm-905944758-0-forward;osm-1082699911-0-forward;osm-905944753-0-forward;osm-905944752-0-forward;osm-234171512-0-forward;osm-40188688-0-forward;osm-222918435-0-forward;osm-1306494913-0-forward;osm-1306494907-0-forward;osm-264100535-0-forward;osm-264100535-1-forward;osm-264100535-2-forward;osm-264100535-3-forward;osm-264100535-4-forward;osm-264100535-5-forward;osm-264100535-6-forward;osm-264100533-0-forward;osm-1040486385-0-forward;osm-1040486390-0-forward;osm-28476170-1-reverse;osm-91229843-6-reverse;osm-91229843-5-reverse;osm-91229843-4-reverse;osm-91229843-3-reverse;osm-91229843-2-reverse;osm-91229843-1-reverse;osm-91229843-0-reverse;osm-119740916-1-forward;osm-28429105-0-forward;osm-1054770672-0-forward;osm-28429107-0-forward;osm-28429107-1-forward;osm-28429107-2-forward;osm-28429107-3-forward;osm-28429107-4-forward;osm-28429107-5-forward;osm-1112039601-0-forward;osm-119437608-0-forward;osm-47637754-0-forward;osm-264100596-0-forward;osm-105500336-3-reverse;osm-105500336-2-reverse;osm-93964252-0-reverse;osm-1054770663-0-forward;osm-1054770667-0-forward;osm-264100532-0-forward;osm-105500354-0-forward;osm-1010059118-0-forward;osm-105500342-0-reverse;osm-724634109-5-forward;osm-1462422580-0-forward;osm-1462422580-1-forward;osm-1462422580-2-forward;osm-264100584-0-forward;osm-264100584-1-forward;osm-264100584-2-forward;osm-28437435-0-forward;osm-1453146526-0-forward;osm-1453146525-0-forward;osm-264130575-0-forward;osm-264130575-1-forward;osm-264130575-2-forward;osm-1315255667-0-forward;osm-1315255667-1-forward;osm-1315255667-2-forward;osm-1462422576-0-forward;osm-1462422576-1-forward;osm-28437433-0-forward;osm-28437433-1-forward;osm-28437433-2-forward;osm-28437433-3-forward;osm-222918432-0-forward;osm-222918432-1-forward;osm-222918432-2-forward;osm-222918432-3-forward;osm-222918432-4-forward;osm-222918432-5-forward;osm-222918432-6-forward;osm-222918432-7-forward;osm-222918432-8-forward;osm-222918432-9-forward;osm-222918432-10-forward;osm-72898374-0-forward;osm-72898374-1-forward;osm-72898374-2-forward;osm-72898374-3-forward;osm-72898374-4-forward;osm-72898374-5-forward;osm-72898374-6-forward;osm-1082369795-0-forward;osm-1082369795-1-forward;osm-1082369795-2-forward;osm-1082369794-0-forward
reference_vtc,17,4987.6,4987.6 m,physical_stop,speed reached zero and no segment could restart the bicycle,46,-445.9,578.2,54.9,osm-905950459-0-forward;osm-905950459-1-forward;osm-905944758-0-forward;osm-1082699911-0-forward;osm-905944753-0-forward;osm-905944752-0-forward;osm-234171512-0-forward;osm-40188688-0-forward;osm-222918435-0-forward;osm-1306494913-0-forward;osm-1306494907-0-forward;osm-264100535-0-forward;osm-264100535-1-forward;osm-264100535-2-forward;osm-264100535-3-forward;osm-264100535-4-forward;osm-264100535-5-forward;osm-264100535-6-forward;osm-264100533-0-forward;osm-1040486385-0-forward;osm-1040486390-0-forward;osm-28476170-1-reverse;osm-91229843-6-reverse;osm-91229844-0-forward;osm-91229842-0-reverse;osm-28452050-2-forward;osm-28452050-3-forward;osm-264100534-0-forward;osm-264100587-0-forward;osm-119307789-0-forward;osm-264100531-0-forward;osm-28417066-0-forward;osm-264100600-0-forward;osm-724628368-0-forward;osm-49793787-0-forward;osm-28452293-1-reverse;osm-1016849386-1-reverse;osm-1016849384-0-reverse;osm-1016849383-0-reverse;osm-122019432-1-reverse;osm-122019502-0-reverse;osm-28452292-2-reverse;osm-28452292-1-reverse;osm-28452292-0-reverse;osm-1267647424-0-forward;osm-264100557-0-forward,8124.2,8124.2 m,physical_stop,speed reached zero and no segment could restart the bicycle,96,-644.2,855.5,68.3,osm-905950459-0-forward;osm-905950459-1-forward;osm-905944758-0-forward;osm-1082699911-0-forward;osm-905944753-0-forward;osm-905944752-0-forward;osm-234171512-0-forward;osm-40188688-0-forward;osm-222918435-0-forward;osm-1306494913-0-forward;osm-1306494907-0-forward;osm-264100535-0-forward;osm-264100535-1-forward;osm-264100535-2-forward;osm-264100535-3-forward;osm-264100535-4-forward;osm-264100535-5-forward;osm-264100535-6-forward;osm-264100533-0-forward;osm-1040486385-0-forward;osm-1040486390-0-forward;osm-28476170-1-reverse;osm-91229843-6-reverse;osm-91229843-5-reverse;osm-91229843-4-reverse;osm-91229843-3-reverse;osm-91229843-2-reverse;osm-91229843-1-reverse;osm-91229843-0-reverse;osm-119740916-1-forward;osm-28429105-0-forward;osm-1054770672-0-forward;osm-28429107-0-forward;osm-28429107-1-forward;osm-28429107-2-forward;osm-28429107-3-forward;osm-28429107-4-forward;osm-28429107-5-forward;osm-1112039601-0-forward;osm-119437608-0-forward;osm-724628366-0-forward;osm-264130580-0-forward;osm-93964270-0-forward;osm-105506488-2-reverse;osm-105506488-1-reverse;osm-93964252-1-reverse;osm-93964252-0-reverse;osm-1054770663-0-forward;osm-1054770667-0-forward;osm-264100532-0-forward;osm-105500354-0-forward;osm-1010059118-0-forward;osm-105500342-0-reverse;osm-724634109-5-forward;osm-1462422580-0-forward;osm-1462422580-1-forward;osm-1462422580-2-forward;osm-264100584-0-forward;osm-264100584-1-forward;osm-264100584-2-forward;osm-28437435-0-forward;osm-1453146526-0-forward;osm-1453146525-0-forward;osm-264130575-0-forward;osm-264130575-1-forward;osm-264130575-2-forward;osm-1315255667-0-forward;osm-1315255667-1-forward;osm-1315255667-2-forward;osm-1462422576-0-forward;osm-1462422576-1-forward;osm-28437433-0-forward;osm-28437433-1-forward;osm-28437433-2-forward;osm-28437433-3-forward;osm-222918432-0-forward;osm-222918432-1-forward;osm-222918432-2-forward;osm-222918432-3-forward;osm-222918432-4-forward;osm-105756618-6-reverse;osm-105756618-5-reverse;osm-105756618-4-reverse;osm-105756618-3-reverse;osm-105756618-2-reverse;osm-105756618-1-reverse;osm-105756618-0-reverse;osm-72898374-2-forward;osm-72898374-3-forward;osm-72898374-4-forward;osm-72898374-5-forward;osm-72898374-6-forward;osm-1082369795-0-forward;osm-1082369795-1-forward;osm-1082369795-2-forward;osm-1082369794-0-forward
reference_vtc,18,4967.2,4967.2 m,physical_stop,speed reached zero and no segment could restart the bicycle,54,-313.1,545.2,68.3,osm-905950459-0-forward;osm-905950459-1-forward;osm-905944758-0-forward;osm-1082699911-0-forward;osm-905944753-0-forward;osm-905944752-0-forward;osm-234171512-0-forward;osm-40188688-0-forward;osm-222918435-0-forward;osm-1306494913-0-forward;osm-1306494907-0-forward;osm-264100535-0-forward;osm-264100535-1-forward;osm-264100535-2-forward;osm-264100535-3-forward;osm-264100535-4-forward;osm-264100535-5-forward;osm-264100535-6-forward;osm-264100533-0-forward;osm-1040486385-0-forward;osm-1040486390-0-forward;osm-28476170-1-reverse;osm-91229843-6-reverse;osm-91229843-5-reverse;osm-91229843-4-reverse;osm-91229843-3-reverse;osm-91229843-2-reverse;osm-91229843-1-reverse;osm-91229843-0-reverse;osm-119740916-1-forward;osm-28429105-0-forward;osm-1054770672-0-forward;osm-28429107-0-forward;osm-28429107-1-forward;osm-28429107-2-forward;osm-28429107-3-forward;osm-28429107-4-forward;osm-28429107-5-forward;osm-1112039601-0-forward;osm-119437608-0-forward;osm-724628366-0-forward;osm-264130580-0-forward;osm-93964270-0-forward;osm-105506488-2-reverse;osm-105506488-1-reverse;osm-93964252-1-reverse;osm-93964252-0-reverse;osm-1054770663-0-forward;osm-1054770667-0-forward;osm-264100532-0-forward;osm-105500354-0-forward;osm-1010059118-0-forward;osm-105500342-0-reverse;osm-724634109-4-reverse,8108.6,8108.6 m,physical_stop,speed reached zero and no segment could restart the bicycle,95,-644.2,836.8,68.3,osm-905950459-0-forward;osm-905950459-1-forward;osm-905944758-0-forward;osm-1082699911-0-forward;osm-905944753-0-forward;osm-905944752-0-forward;osm-234171512-0-forward;osm-40188688-0-forward;osm-222918435-0-forward;osm-1306494913-0-forward;osm-1306494907-0-forward;osm-264100535-0-forward;osm-264100535-1-forward;osm-264100535-2-forward;osm-264100535-3-forward;osm-264100535-4-forward;osm-264100535-5-forward;osm-264100535-6-forward;osm-264100533-0-forward;osm-1040486385-0-forward;osm-1040486390-0-forward;osm-28476170-1-reverse;osm-91229843-6-reverse;osm-91229843-5-reverse;osm-91229843-4-reverse;osm-91229843-3-reverse;osm-91229843-2-reverse;osm-91229843-1-reverse;osm-91229843-0-reverse;osm-119740916-1-forward;osm-28429105-0-forward;osm-1054770672-0-forward;osm-28429107-0-forward;osm-28429107-1-forward;osm-28429107-2-forward;osm-28429107-3-forward;osm-28429107-4-forward;osm-28429107-5-forward;osm-1112039601-0-forward;osm-119437608-0-forward;osm-47637754-0-forward;osm-264100596-0-forward;osm-264100596-1-forward;osm-1054770668-0-forward;osm-1054770664-0-forward;osm-1054770663-0-forward;osm-1054770667-0-forward;osm-264100532-0-forward;osm-105500354-0-forward;osm-1010059118-0-forward;osm-105500342-0-reverse;osm-724634109-5-forward;osm-1462422580-0-forward;osm-1462422580-1-forward;osm-1462422580-2-forward;osm-264100584-0-forward;osm-264100584-1-forward;osm-264100584-2-forward;osm-28437435-0-forward;osm-1453146526-0-forward;osm-1453146525-0-forward;osm-264130575-0-forward;osm-264130575-1-forward;osm-264130575-2-forward;osm-1315255667-0-forward;osm-1315255667-1-forward;osm-1315255667-2-forward;osm-1462422576-0-forward;osm-1462422576-1-forward;osm-28437433-0-forward;osm-28437433-1-forward;osm-28437433-2-forward;osm-28437433-3-forward;osm-222918432-0-forward;osm-222918432-1-forward;osm-222918432-2-forward;osm-222918432-3-forward;osm-222918432-4-forward;osm-222918432-5-forward;osm-222918432-6-forward;osm-222918432-7-forward;osm-222918432-8-forward;osm-222918432-9-forward;osm-222918432-10-forward;osm-72898374-0-forward;osm-72898374-1-forward;osm-72898374-2-forward;osm-72898374-3-forward;osm-72898374-4-forward;osm-72898374-5-forward;osm-72898374-6-forward;osm-1082369795-0-forward;osm-1082369795-1-forward;osm-1082369795-2-forward;osm-1082369794-0-forward
reference_vtc,19,4963.8,4963.8 m,physical_stop,speed reached zero and no segment could restart the bicycle,48,-445.9,586.2,54.9,osm-905950459-0-forward;osm-905950459-1-forward;osm-905944758-0-forward;osm-1082699911-0-forward;osm-905944753-0-forward;osm-905944752-0-forward;osm-234171512-0-forward;osm-40188688-0-forward;osm-222918435-0-forward;osm-1306494913-0-forward;osm-1306494907-0-forward;osm-264100535-0-forward;osm-264100535-1-forward;osm-264100535-2-forward;osm-264100535-3-forward;osm-264100535-4-forward;osm-264100535-5-forward;osm-264100535-6-forward;osm-264100533-0-forward;osm-1040486385-0-forward;osm-1040486390-0-forward;osm-28476170-1-reverse;osm-91229843-6-reverse;osm-91229844-0-forward;osm-91229842-0-reverse;osm-28452050-2-forward;osm-28452050-3-forward;osm-264100534-0-forward;osm-264100587-0-forward;osm-119307789-0-forward;osm-264100531-0-forward;osm-28417066-0-forward;osm-264100600-0-forward;osm-724628368-0-forward;osm-49793787-0-forward;osm-28452293-1-reverse;osm-1016849386-1-reverse;osm-1016849386-0-reverse;osm-1016849383-2-reverse;osm-122019424-0-reverse;osm-28452292-5-reverse;osm-28452292-4-reverse;osm-28452292-3-reverse;osm-28452292-2-reverse;osm-28452292-1-reverse;osm-28452292-0-reverse;osm-1267647424-0-forward;osm-264100557-0-forward,8086.6,8086.6 m,physical_stop,speed reached zero and no segment could restart the bicycle,92,-644.2,829.8,59.3,osm-905950459-0-forward;osm-905950459-1-forward;osm-905944758-0-forward;osm-1082699911-0-forward;osm-905944753-0-forward;osm-905944752-0-forward;osm-234171512-0-forward;osm-40188688-0-forward;osm-222918435-0-forward;osm-1306494913-0-forward;osm-1306494907-0-forward;osm-264100535-0-forward;osm-264100535-1-forward;osm-264100535-2-forward;osm-264100535-3-forward;osm-264100535-4-forward;osm-264100535-5-forward;osm-264100535-6-forward;osm-264100533-0-forward;osm-1040486385-0-forward;osm-1040486390-0-forward;osm-28476170-1-reverse;osm-91229843-6-reverse;osm-91229843-5-reverse;osm-91229843-4-reverse;osm-91229843-3-reverse;osm-91229843-2-reverse;osm-91229843-1-reverse;osm-91229843-0-reverse;osm-119740916-1-forward;osm-28429105-0-forward;osm-1054770672-0-forward;osm-28429107-0-forward;osm-28429107-1-forward;osm-28429107-2-forward;osm-28429107-3-forward;osm-28429107-4-forward;osm-28429107-5-forward;osm-1112039601-0-forward;osm-119437608-0-forward;osm-724628366-0-forward;osm-264130580-0-forward;osm-264130580-1-forward;osm-264130580-2-forward;osm-724634109-0-forward;osm-724634109-1-forward;osm-724634109-2-forward;osm-724634109-3-forward;osm-724634109-4-forward;osm-724634109-5-forward;osm-1462422580-0-forward;osm-1462422580-1-forward;osm-1462422580-2-forward;osm-264100584-0-forward;osm-264100584-1-forward;osm-264100584-2-forward;osm-28437435-0-forward;osm-1453146526-0-forward;osm-1453146525-0-forward;osm-264130575-0-forward;osm-264130575-1-forward;osm-264130575-2-forward;osm-1315255667-0-forward;osm-1315255667-1-forward;osm-1315255667-2-forward;osm-1462422576-0-forward;osm-1462422576-1-forward;osm-28437433-0-forward;osm-28437433-1-forward;osm-28437433-2-forward;osm-28437433-3-forward;osm-222918432-0-forward;osm-222918432-1-forward;osm-222918432-2-forward;osm-222918432-3-forward;osm-222918432-4-forward;osm-105756618-6-reverse;osm-105756618-5-reverse;osm-105756618-4-reverse;osm-105756618-3-reverse;osm-105756618-2-reverse;osm-105756618-1-reverse;osm-105756618-0-reverse;osm-72898374-2-forward;osm-72898374-3-forward;osm-72898374-4-forward;osm-72898374-5-forward;osm-72898374-6-forward;osm-1082369795-0-forward;osm-1082369795-1-forward;osm-1082369795-2-forward;osm-1082369794-0-forward
reference_vtc,20,4954.5,4954.5 m,physical_stop,speed reached zero and no segment could restart the bicycle,50,-322.9,523.9,54.9,osm-905950459-0-forward;osm-905950459-1-forward;osm-905944758-0-forward;osm-1082699911-0-forward;osm-905944753-0-forward;osm-905944752-0-forward;osm-234171512-0-forward;osm-40188688-0-forward;osm-222918435-0-forward;osm-1306494913-0-forward;osm-1306494907-0-forward;osm-264100535-0-forward;osm-264100535-1-forward;osm-264100535-2-forward;osm-264100535-3-forward;osm-264100535-4-forward;osm-264100535-5-forward;osm-264100535-6-forward;osm-264100533-0-forward;osm-1040486385-0-forward;osm-1040486390-0-forward;osm-28476170-1-reverse;osm-91229843-6-reverse;osm-91229843-5-reverse;osm-91229843-4-reverse;osm-91229843-3-reverse;osm-91229843-2-reverse;osm-91229843-1-reverse;osm-91229843-0-reverse;osm-119740916-1-forward;osm-28429105-0-forward;osm-1054770672-0-forward;osm-28429107-0-forward;osm-28429107-1-forward;osm-28429107-2-forward;osm-28429107-3-forward;osm-28429107-4-forward;osm-28429107-5-forward;osm-1112039601-0-forward;osm-119437608-0-forward;osm-724628366-0-forward;osm-264130580-0-forward;osm-264130580-1-forward;osm-264130580-2-forward;osm-724634109-0-forward;osm-724634109-1-forward;osm-724634109-2-forward;osm-724634109-3-forward;osm-724634109-4-forward;osm-105500342-0-forward,8057.2,8057.2 m,physical_stop,speed reached zero and no segment could restart the bicycle,93,-587.8,875.1,68.3,osm-905950459-0-forward;osm-905950459-1-forward;osm-905944758-0-forward;osm-1082699911-0-forward;osm-905944753-0-forward;osm-905944752-0-forward;osm-234171512-0-forward;osm-40188688-0-forward;osm-222918435-0-forward;osm-1306494913-0-forward;osm-1306494907-0-forward;osm-264100535-0-forward;osm-264100535-1-forward;osm-264100535-2-forward;osm-264100535-3-forward;osm-264100535-4-forward;osm-264100535-5-forward;osm-264100535-6-forward;osm-264100533-0-forward;osm-1040486385-0-forward;osm-1040486390-0-forward;osm-28476170-1-reverse;osm-91229843-6-reverse;osm-1054770671-0-forward;osm-1054770671-1-forward;osm-28476168-2-forward;osm-28476168-3-forward;osm-28476168-4-forward;osm-119740916-0-forward;osm-119740916-1-forward;osm-28429105-0-forward;osm-1054770672-0-forward;osm-28429107-0-forward;osm-28429107-1-forward;osm-28429107-2-forward;osm-28429107-3-forward;osm-28429107-4-forward;osm-28429107-5-forward;osm-1112039601-0-forward;osm-119437608-0-forward;osm-47637754-0-forward;osm-264100596-0-forward;osm-105500336-3-reverse;osm-105506488-0-forward;osm-93964252-1-reverse;osm-93964252-0-reverse;osm-1054770663-0-forward;osm-1054770667-0-forward;osm-264100532-0-forward;osm-105500354-0-forward;osm-1010059118-0-forward;osm-105500342-0-reverse;osm-724634109-5-forward;osm-1462422580-0-forward;osm-1462422580-1-forward;osm-1462422580-2-forward;osm-264100584-0-forward;osm-264100584-1-forward;osm-264100584-2-forward;osm-28437435-0-forward;osm-1453146526-0-forward;osm-1453146525-0-forward;osm-264130575-0-forward;osm-264130575-1-forward;osm-264130575-2-forward;osm-1315255667-0-forward;osm-1315255667-1-forward;osm-1315255667-2-forward;osm-1462422576-0-forward;osm-1462422576-1-forward;osm-28437433-0-forward;osm-28437433-1-forward;osm-28437433-2-forward;osm-28437433-3-forward;osm-222918432-0-forward;osm-222918432-1-forward;osm-222918432-2-forward;osm-222918432-3-forward;osm-222918432-4-forward;osm-222918432-5-forward;osm-222918432-6-forward;osm-222918432-7-forward;osm-222918432-8-forward;osm-222918432-9-forward;osm-222918432-10-forward;osm-72898374-0-forward;osm-72898374-1-forward;osm-72898374-2-forward;osm-72898374-3-forward;osm-72898374-4-forward;osm-72898374-5-forward;osm-72898374-6-forward;osm-457903734-1-reverse
